scene_id,category_band,target_matched,gt_class,valid,violated_criteria,verdict_cascade,decisive_check,soft_score,check_existence_pass,check_existence_margin,check_existence_unverifiable,check_top_height_match_pass,check_top_height_match_margin,check_top_height_match_unverifiable,check_bbox_extent_pass,check_bbox_extent_margin,check_bbox_extent_unverifiable,check_bbox_inlier_pass,check_bbox_inlier_margin,check_bbox_inlier_unverifiable,check_bbox_surface_dist_pass,check_bbox_surface_dist_margin,check_bbox_surface_dist_unverifiable,check_bbox_top_normal_pass,check_bbox_top_normal_margin,check_bbox_top_normal_unverifiable,check_bbox_coverage_pass,check_bbox_coverage_margin,check_bbox_coverage_unverifiable,check_planarity_pass,check_planarity_margin,check_planarity_unverifiable,check_normal_angle_pass,check_normal_angle_margin,check_normal_angle_unverifiable,check_normal_scatter_pass,check_normal_scatter_margin,check_normal_scatter_unverifiable,check_suction_area_pass,check_suction_area_margin,check_suction_area_unverifiable,check_edge_clearance_pass,check_edge_clearance_margin,check_edge_clearance_unverifiable,check_data_gaps_pass,check_data_gaps_margin,check_data_gaps_unverifiable,check_depth_seam_pass,check_depth_seam_margin,check_depth_seam_unverifiable,check_surface_warp_pass,check_surface_warp_margin,check_surface_warp_unverifiable,check_normal_alignment_pass,check_normal_alignment_margin,check_normal_alignment_unverifiable,check_surface_warp_robust_pass,check_surface_warp_robust_margin,check_surface_warp_robust_unverifiable,check_suction_force_pass,check_suction_force_margin,check_suction_force_unverifiable,check_wrench_lever_pass,check_wrench_lever_margin,check_wrench_lever_unverifiable,check_corridor_clear_pass,check_corridor_clear_margin,check_corridor_clear_unverifiable,n_blocking_points
scene_000,baseline,True,China Package,True,,ACCEPT,,1.2610085208867865,True,0.4,False,True,0.0298451121669568,False,True,0.1291664413581235,False,True,0.1905926622765756,False,True,0.0198128509548562,False,True,11.639538584883857,False,True,0.4,False,True,0.0024998692874777,False,True,29.999963868121757,False,True,0.1999979524809699,False,True,0.05,False,True,0.0,False,True,0.08,False,True,0.4,False,True,0.0079991570172809,False,True,29.999946381927415,False,True,0.0059994668215199,False,True,10.576392706266986,False,True,3.907695818325157,False,True,1.0,False,0
scene_002,baseline,True,Ikea Cardboard Package,True,,ACCEPT,,1.0317404646887487,True,0.4,False,True,0.0295943012898519,False,True,0.1336068242703599,False,True,0.1879448909299654,False,True,0.0194395733290963,False,True,11.803499908932336,False,True,0.4,False,True,0.0024999640023663,False,True,29.999946579416385,False,True,0.1999974931011884,False,True,0.05,False,True,0.0,False,True,0.08,False,True,0.4,False,True,0.0079989756333968,False,True,29.99993477705767,False,True,0.005999455613464,False,True,80.66026946877486,False,True,4.271229514882673,False,True,-0.041084889244259,False,0
scene_003,baseline,True,China Package,True,,ACCEPT,,1.0094637088504583,True,0.4,False,True,0.0299793056084716,False,True,0.1129627288294602,False,True,0.1905561385099684,False,True,0.0199763178467558,False,True,11.814919785772826,False,True,0.4,False,True,0.0024999744485881,False,True,29.99998947397156,False,True,0.1999989274942177,False,True,0.05,False,True,0.0,False,True,0.08,False,True,0.4,False,True,0.0079992726585213,False,True,29.99993143713868,False,True,0.0059995096014426,False,True,109.65089011079044,False,True,4.286588099736695,False,True,-0.0777320892859148,False,0
scene_004,baseline,True,Ikea Cardboard Package,True,,ACCEPT,,1.2374111367188827,True,0.4,False,True,0.0295540126496125,False,True,0.0843140449340498,False,True,0.1485205314009661,False,True,0.0195027192398694,False,True,11.8356971371894,False,True,0.4,False,True,0.0024999849199703,False,True,29.999968318209685,False,True,0.1999966558412959,False,True,0.05,False,True,0.0,False,True,0.08,False,True,0.4,False,True,0.0079990373125205,False,True,29.99998702376401,False,True,0.0059994999355483,False,True,18.70308609609647,False,True,4.22819777965306,False,True,1.0,False,0
scene_005,baseline,True,Cardboard Box SQ01.001,False,free_extraction,REJECT,wrench_lever,0.3825211648191939,True,0.4,False,True,0.0296577200998945,False,True,0.0924005189094766,False,True,0.1976568034439539,False,True,0.0189645233846942,False,True,11.929494727904473,False,True,0.2299999999999999,False,True,0.0024998791588322,False,True,29.999972880084737,False,True,0.1752698909401868,False,True,0.05,False,True,0.0,False,True,0.08,False,True,0.4,False,True,0.0070627786686577,False,True,29.49124710281327,False,True,0.0051027462870951,False,True,1.0663570895043235,False,False,-3.1986516852054816,False,False,-0.2933350550815118,False,5207
scene_006,baseline,True,Куб,True,,ACCEPT,,1.2607241311261896,True,0.4,False,True,0.0299937922335758,False,True,0.1201489725240748,False,True,0.1984139571768437,False,True,0.0199894675407783,False,True,11.960184772292322,False,True,0.4,False,True,0.0024999371697968,False,True,29.999910908402967,False,True,0.1999967036795986,False,True,0.05,False,True,0.0,False,True,0.08,False,True,0.4,False,True,0.007998924510192,False,True,29.9999272486656,False,True,0.0059993779333576,False,True,293.6353467445555,False,True,4.31269999275619,False,True,1.0,False,0
scene_007,baseline,True,Gros Carton,True,,ACCEPT,,1.1971261560367792,True,0.4,False,True,0.0291699798862011,False,True,0.1110489219027631,False,True,0.1666449434208187,False,True,0.019112750453542,False,True,11.883338809214193,False,True,0.4,False,True,0.0024998262693282,False,True,30.0,False,True,0.1969610938817164,False,True,0.05,False,True,0.0,False,True,0.08,False,True,0.4,False,True,0.0075279312133793,False,True,29.999929152218684,False,True,0.0059590516090393,False,True,4.642387145910863,False,True,2.903708827353955,False,True,1.0,False,0
scene_008,baseline,True,Ikea Cardboard Package,True,,ACCEPT,,1.0390777189925955,True,0.4,False,True,0.0299712853648224,False,True,0.1038778376042068,False,True,0.1327954243693186,False,True,0.0199674864439645,False,True,11.893252390267312,False,True,0.4,False,True,0.0024999405402023,False,True,29.999994600261346,False,True,0.1999977473906667,False,True,0.05,False,True,0.0,False,True,0.08,False,True,0.4,False,True,0.0079993977434419,False,True,29.99994349592101,False,True,0.0059996371616199,False,True,13.27898221045712,False,True,3.7020483547071192,False,True,0.0136136639407246,False,0
scene_009,baseline,True,Colis VistaPrint,True,,REJECT,bbox_extent,0.9918162498299103,True,0.4,False,True,0.0281493997544204,False,False,-0.0553526644834896,False,True,0.0844855743059335,False,True,0.0163902262794812,False,True,10.054544150657245,False,True,0.4,False,True,0.0024999413525679,False,True,29.99998019686797,False,True,0.1999977466317483,False,True,0.05,False,True,0.0,False,True,0.08,False,True,0.4,False,True,0.0079993855275965,False,True,29.99996256029766,False,True,0.0059996241529821,False,True,19.595453371207668,False,True,4.024224791112292,False,True,0.081870434863903,False,0
scene_010,baseline,True,Big Package cardboard,True,,ACCEPT,,0.9178366276115432,True,0.4,False,True,0.0298564201676997,False,True,0.1046995082212158,False,True,0.1808365470186888,False,True,0.0198022749606108,False,True,11.550519572532563,False,True,0.4,False,True,0.0024998943053234,False,True,29.999933509722155,False,True,0.1999987502445007,False,True,0.05,False,True,0.0,False,True,0.08,False,True,0.4,False,True,0.0079992514838643,False,True,29.999976916511965,False,True,0.0059995508315213,False,True,0.0607460547556866,False,True,0.3198747747826287,False,True,1.0,False,0
scene_011,baseline,True,China Package,True,,ACCEPT,,1.26276752289938,True,0.4,False,True,0.0291325676686929,False,True,0.1429691162996867,False,True,0.1895789912463525,False,True,0.0188170152736769,False,True,11.670490832135233,False,True,0.4,False,True,0.0024999661468435,False,True,29.99999473698578,False,True,0.1999980059651199,False,True,0.05,False,True,0.0,False,True,0.08,False,True,0.4,False,True,0.0079990407110486,False,True,29.99995722602553,False,True,0.0059992839035394,False,True,14.04422472118242,False,True,3.884615736629644,False,True,1.0,False,0
scene_012,baseline,True,Куб,True,,REJECT,bbox_extent,1.186436406566391,True,0.4,False,True,0.0299714184248679,False,False,-0.0664568028333802,False,True,0.159892247829991,False,True,0.0199667233396474,False,True,11.284077998379448,False,True,0.4,False,True,0.0024998647869794,False,True,29.99999879258173,False,True,0.19999879444647,False,True,0.05,False,True,0.0,False,True,0.08,False,True,0.4,False,True,0.0079992831417352,False,True,29.999981530052043,False,True,0.0059995216053437,False,True,25.449668418083807,False,True,4.069184360138312,False,True,0.4957001536659375,False,0
scene_013,baseline,True,Asset_Large_cartoon_Box,True,,ACCEPT,,1.220584268558654,True,0.4,False,True,0.0285273022202439,False,True,0.1086745812345558,False,True,0.1999999999999999,False,True,0.0172773528701767,False,True,11.556827402393017,False,True,0.4,False,True,0.0024998439612286,False,True,29.000074512734585,False,True,0.196081992136211,False,True,0.05,False,True,0.0,False,True,0.0466666666666666,False,True,0.4,False,True,0.0066285542899647,False,True,29.592617868728897,False,True,0.0059993465992198,False,True,5.985659233732854,False,True,3.1661478856941105,False,True,1.0,False,0
scene_017,baseline,False,,False,single_object,REJECT,suction_area,0.9794011759748324,True,0.4,False,True,0.0270372980328214,False,True,0.1050298048882681,False,True,0.1512813595899649,False,True,0.0165505854214557,False,True,11.345567677105612,False,True,0.3399999999999999,False,True,0.0024998785561919,False,True,29.999954677564507,False,True,0.1999975407593526,False,False,-0.35,False,False,-0.0138754845034029,False,False,-0.32,False,True,0.4,False,True,0.0079993547151939,False,True,29.624389079207024,False,True,0.0059996094324417,False,True,4.499476845308467,False,True,3.484710593958151,False,True,1.0,False,0
scene_018,baseline,True,Ikea Cardboard Package,True,,ACCEPT,,1.1324937041858762,True,0.4,False,True,0.0288966575853679,False,True,0.0846419850922885,False,True,0.1092671108419139,False,True,0.0187438555680108,False,True,11.69000799896418,False,True,0.4,False,True,0.0024999698031572,False,True,29.999979244342978,False,True,0.1999981555649403,False,True,0.05,False,True,0.0,False,True,0.08,False,True,0.4,False,True,0.0079992878389169,False,True,29.999941083431967,False,True,0.0059995105429083,False,True,13.097136820377829,False,True,3.707038242743758,False,True,0.2464311832685036,False,0
scene_019,baseline,True,Big Package cardboard,True,,ACCEPT,,1.1882874258423213,True,0.4,False,True,0.0298679948411177,False,True,0.0813997281703814,False,True,0.1911205354184613,False,True,0.0198301451725549,False,True,11.511494429537908,False,True,0.4,False,True,0.0024998813300465,False,True,29.99995751671751,False,True,0.199999325666268,False,True,0.05,False,True,0.0,False,True,0.08,False,True,0.4,False,True,0.0079992983559995,False,True,29.999966397742615,False,True,0.0059995134467672,False,True,4.4110828244196725,False,True,3.3976522386661063,False,True,1.0,False,0
scene_020,baseline,True,Carton Magdeleine,True,,ACCEPT,,1.2027783587705183,True,0.4,False,True,0.0299896838848669,False,True,0.0164131714853555,False,True,0.0838782412626831,False,True,0.0199797224392671,False,True,11.471116310099658,False,True,0.4,False,True,0.0024999057085609,False,True,29.999995817380423,False,True,0.1999952238392188,False,True,0.05,False,True,0.0,False,True,0.08,False,True,0.4,False,True,0.0079990418620992,False,True,29.999944001299596,False,True,0.0059995160213291,False,True,34.00698089673221,False,True,4.2330101598491385,False,True,1.0,False,0
scene_021,baseline,True,Colis VistaPrint,True,,ACCEPT,,1.1398423710314238,True,0.4,False,True,0.0299602869463291,False,True,0.1341268355158072,False,True,0.1753005104561171,False,True,0.0199400893345392,False,True,11.719929085408332,False,True,0.4,False,True,0.0024999410205552,False,True,29.999993116656807,False,True,0.1999980277694165,False,True,0.05,False,True,0.0,False,True,0.08,False,True,0.4,False,True,0.0079993972663369,False,True,29.999911219855687,False,True,0.0059996185661942,False,True,251.22670711236896,False,True,4.303024500104593,False,True,0.1915995557061148,False,0
scene_022,baseline,True,Gros Carton,True,,ACCEPT,,1.2480315974122285,True,0.4,False,True,0.0271039991576245,False,True,0.1287865993733518,False,True,0.1965521204459257,False,True,0.0161024169859932,False,True,10.758761378382845,False,True,0.4,False,True,0.0024999824304077,False,True,29.99999355415033,False,True,0.1999988154561323,False,True,0.05,False,True,0.0,False,True,0.08,False,True,0.4,False,True,0.0079992806244694,False,True,29.99997265257591,False,True,0.0059995186665554,False,True,36.68695054739494,False,True,3.8339198007030713,False,True,1.0,False,0
scene_023,baseline,True,Black Package,True,,ACCEPT,,1.0033446953375744,True,0.4,False,True,0.029837163205691,False,True,0.0730466902252779,False,True,0.1598627787307032,False,True,0.0197542272181909,False,True,11.414337467912851,False,True,0.4,False,True,0.0024998431179084,False,True,29.99996043977369,False,True,0.1999961512669469,False,True,0.05,False,True,0.0,False,True,0.08,False,True,0.4,False,True,0.0079990173145012,False,True,29.999968665227712,False,True,0.0059994582186768,False,True,49.79717125623686,False,True,4.241380456775151,False,True,-0.0454814477513667,False,0
scene_024,baseline,False,,False,single_object,REJECT,suction_area,0.9868269346630524,True,0.4,False,True,0.0277214404811319,False,True,0.1077620614180545,False,True,0.167059211068105,False,True,0.0183232486158711,False,True,11.71901998706408,False,True,0.17,False,True,0.0024998901363904,False,True,29.99994198735293,False,True,0.1952343487793937,False,False,-0.35,False,False,-0.0138754845034029,False,False,-0.32,False,True,0.4,False,True,0.0079260915402399,False,True,29.19848449119008,False,True,0.0059994403236281,False,True,4.7931530642645646,False,True,1.9498659624834136,False,True,1.0,False,0
scene_026,baseline,True,Carton Magdeleine,True,,REJECT,bbox_extent,1.1618705174040214,True,0.4,False,True,0.0299578777874939,False,False,-0.1058743393178055,False,True,0.0892674616695059,False,True,0.0199181497135277,False,True,11.887953646867231,False,True,0.4,False,True,0.0024999093706953,False,True,29.99994764063006,False,True,0.1999980615041281,False,True,0.05,False,True,0.0,False,True,0.08,False,True,0.4,False,True,0.0079990033986405,False,True,29.999950806039624,False,True,0.0059994399768896,False,True,85.77757730775154,False,True,4.272341709992145,False,True,1.0,False,0
scene_027,baseline,True,Colis VistaPrint,True,,ACCEPT,,1.2353248442606273,True,0.4,False,True,0.029984686764705,False,True,0.0765077814594125,False,True,0.1475374732334047,False,True,0.0199776474230213,False,True,11.575536521575865,False,True,0.4,False,True,0.002499882549684,False,True,29.999970387466924,False,True,0.1999980636640128,False,True,0.05,False,True,0.0,False,True,0.08,False,True,0.4,False,True,0.0079990215436138,False,True,29.99997754072192,False,True,0.0059994866431479,False,True,19.436589290950067,False,True,4.218977726671863,False,True,1.0,False,0
scene_028,baseline,True,Ikea Cardboard Package,True,,ACCEPT,,0.9820060945777394,True,0.4,False,True,0.0289288652772577,False,True,0.0755968399120414,False,True,0.1269673704414586,False,True,0.0187473583378589,False,True,11.48183119894022,False,True,0.4,False,True,0.0024998890243647,False,True,29.999990006835677,False,True,0.1999985439111416,False,True,0.05,False,True,0.0,False,True,0.08,False,True,0.4,False,True,0.0079993945124715,False,True,29.999985536157183,False,True,0.0059995216073006,False,True,164.29827938807514,False,True,4.281327783887693,False,True,-0.0739198569315737,False,0
scene_029,baseline,True,Cardboard Box SQ01.001,True,,ACCEPT,,1.240208073772337,True,0.4,False,True,0.0294396118399297,False,True,0.1208482395440023,False,True,0.1998537298878595,False,True,0.0189697672723698,False,True,11.60011626360915,False,True,0.4,False,True,0.0023372213027866,False,True,29.11902991612303,False,True,0.186303308043917,False,True,0.05,False,True,0.0,False,True,0.08,False,True,0.4,False,True,0.0074633559944744,False,True,29.985434322637925,False,True,0.0054726154857209,False,True,18.96729799368685,False,True,3.550709389431043,False,True,1.0,False,0
scene_030,baseline,True,Black Package,True,,ACCEPT,,1.150826086138122,True,0.4,False,True,0.0295380087128158,False,True,0.1056271978344443,False,True,0.1999999999999999,False,True,0.0194246192129364,False,True,11.0708482515764,False,True,0.4,False,True,0.002499880902696,False,True,29.99998979035212,False,True,0.1999962153767049,False,True,0.05,False,True,0.0,False,True,0.08,False,True,0.4,False,True,0.0079992694941098,False,True,29.999939466304507,False,True,0.005999289271769,False,True,235.92027637312663,False,True,4.306071489450348,False,True,0.2347751464654567,False,0
scene_031,baseline,True,Ikea Cardboard Package,True,,ACCEPT,,1.2246838864249583,True,0.4,False,True,0.0280280159205541,False,True,0.092369687358873,False,True,0.1175445316989082,False,True,0.016972279210096,False,True,10.807749501602478,False,True,0.4,False,True,0.0024999454390875,False,True,29.9999724533932,False,True,0.199999305937057,False,True,0.05,False,True,0.0,False,True,0.08,False,True,0.4,False,True,0.0079992785097865,False,True,29.99996927600899,False,True,0.0059997191485136,False,True,17.712684449823776,False,True,3.901552237524476,False,True,1.0,False,0
scene_032,baseline,True,Colis VistaPrint,True,,ACCEPT,,1.093890179063511,True,0.4,False,True,0.0293079945130374,False,True,0.1159856140258878,False,True,0.191479134804457,False,True,0.0191230081433221,False,True,11.600714122224115,False,True,0.4,False,True,0.0024998409733408,False,True,29.99996965798488,False,True,0.1999980883838609,False,True,0.05,False,True,0.0,False,True,0.08,False,True,0.4,False,True,0.0079988409599044,False,True,29.999928004047053,False,True,0.0059993877354554,False,True,30.457054260719865,False,True,4.280400478660928,False,True,0.1071891075639756,False,0
scene_033,baseline,True,Cardboard Box.001,True,,ACCEPT,,1.2420038988194977,True,0.4,False,True,0.0290116368931172,False,True,0.0781189938175447,False,True,0.1999999999999999,False,True,0.0188435651027905,False,True,11.78339387082434,False,True,0.4,False,True,0.00249985327211,False,True,29.99995137236279,False,True,0.1999983429501507,False,True,0.05,False,True,0.0,False,True,0.08,False,True,0.4,False,True,0.0079990038930691,False,True,29.999960063830773,False,True,0.0059994503949778,False,True,49.808133793248906,False,True,4.188073081069822,False,True,1.0,False,0
scene_034,baseline,True,Ikea Cardboard Package,True,,ACCEPT,,1.2578429195248264,True,0.4,False,True,0.0296755710363355,False,True,0.1174552749952301,False,True,0.1955615592435352,False,True,0.0196323524090144,False,True,11.876175516581895,False,True,0.4,False,True,0.0024998143459873,False,True,29.999935248149576,False,True,0.1999964416486512,False,True,0.05,False,True,0.0,False,True,0.08,False,True,0.4,False,True,0.0079988197759943,False,True,29.99998835607989,False,True,0.0059992441370355,False,True,21.28282371450085,False,True,4.079098311336274,False,True,1.0,False,0
scene_036,baseline,True,Куб,True,,ACCEPT,,1.1857478593869824,True,0.4,False,True,0.0295938620194987,False,True,0.0934008312060506,False,True,0.1682462139716658,False,True,0.0195127604069492,False,True,11.357312724860371,False,True,0.4,False,True,0.0024999677163885,False,True,29.99998176838394,False,True,0.1999974225153907,False,True,0.05,False,True,0.0,False,True,0.08,False,True,0.4,False,True,0.0079990608983247,False,True,29.999929409904055,False,True,0.0059995002750584,False,True,85.88857337790928,False,True,4.196847222880762,False,True,0.3281608925705251,False,0
scene_037,baseline,True,Ikea Cardboard Package,True,,ACCEPT,,1.2395816033785745,True,0.4,False,True,0.0297430825768506,False,True,0.0869458558200943,False,True,0.1517381656804733,False,True,0.0196370069150792,False,True,11.87612411674565,False,True,0.4,False,True,0.002499883597081,False,True,29.99995590856303,False,True,0.1999968730200702,False,True,0.05,False,True,0.0,False,True,0.08,False,True,0.4,False,True,0.0079990430267426,False,True,29.999961789456083,False,True,0.005999484793484,False,True,85.90580944777415,False,True,4.2448925166166385,False,True,1.0,False,0
scene_038,baseline,True,Big Package cardboard,True,,ACCEPT,,1.0384696821071762,True,0.4,False,True,0.0279914658718372,False,True,0.1171867968910461,False,True,0.1900203809122215,False,True,0.0176571382631376,False,True,11.258363081624951,False,True,0.4,False,True,0.0024998856592312,False,True,29.999938962647807,False,True,0.1999986117768735,False,True,0.05,False,True,0.0,False,True,0.08,False,True,0.4,False,True,0.0079992945551599,False,True,29.999948186419505,False,True,0.0059995080172358,False,True,17.853133183702063,False,True,3.98127986918531,False,True,0.0009361957397868,False,0
scene_039,baseline,True,Cardboard box,True,,ACCEPT,,1.1717850244023529,True,0.4,False,True,0.0286837970737545,False,True,0.1064100603669965,False,True,0.1707566089334548,False,True,0.0120481555627455,False,True,9.019704143666836,False,True,0.4,False,True,0.0021580904170007,False,True,28.90096419640258,False,True,0.1821930187786935,False,True,0.05,False,True,0.0,False,True,0.08,False,True,0.4,False,True,0.004864714581625,False,True,29.87409278884836,False,True,0.0039123049569915,False,True,10.215744926294532,False,True,3.201573174346762,False,True,1.0,False,0
scene_040,baseline,True,Gros Carton,True,,ACCEPT,,1.1353660641500605,True,0.4,False,True,0.029861329148754,False,True,0.0804817695914126,False,True,0.1727660505304604,False,True,0.0198478621680936,False,True,11.974259062844904,False,True,0.4,False,True,0.0024997776735286,False,True,30.0,False,True,0.1921668827646137,False,True,0.05,False,True,0.0,False,True,0.08,False,True,0.4,False,True,0.0070229606628427,False,True,29.99996717687232,False,True,0.0052789506912238,False,True,3.3671060167189335,False,True,2.256281120429448,False,True,1.0,False,0
scene_041,baseline,True,Big Package cardboard,True,,ACCEPT,,0.9443559508880216,True,0.4,False,True,0.0294332422427238,False,True,0.1208263087720937,False,True,0.1965390439108802,False,True,0.0193279880457128,False,True,11.591668927421509,False,True,0.4,False,True,0.0024998765211884,False,True,29.999951718364297,False,True,0.1999989643764296,False,True,0.05,False,True,0.0,False,True,0.08,False,True,0.4,False,True,0.0079992096797995,False,True,29.99991567067173,False,True,0.0059994992256708,False,True,117.95777797232384,False,True,4.2977334761769335,False,True,-0.219159714273341,False,0
scene_042,baseline,True,Asset_Large_cartoon_Box,True,,ACCEPT,,1.1010543155334662,True,0.4,False,True,0.0280187699686415,False,True,0.0678653663118533,False,True,0.1874479166666666,False,True,0.0163381626915632,False,True,11.30810965842478,False,True,0.4,False,True,0.00249989214657,False,True,29.000052648383345,False,True,0.1999991160857682,False,True,0.05,False,True,0.0,False,True,0.08,False,True,0.4,False,True,0.0079993363965454,False,True,29.99996262850277,False,True,0.005999543063587,False,True,2.561978715805002,False,True,1.4557715488833347,False,True,1.0,False,0
scene_043,baseline,True,China Package,True,,ACCEPT,,1.2367544833588864,True,0.4,False,True,0.0296473611272086,False,True,0.0707115675828625,False,True,0.1707350901525658,False,True,0.0195058156333894,False,True,11.8525890605972,False,True,0.4,False,True,0.0024999005224916,False,True,29.999964818723907,False,True,0.1999989112551926,False,True,0.05,False,True,0.0,False,True,0.08,False,True,0.4,False,True,0.0079993661769341,False,True,29.999960329372843,False,True,0.0059995143435833,False,True,6.404354713456888,False,True,3.739095456893424,False,True,1.0,False,0
scene_044,baseline,True,China Package,True,,ACCEPT,,1.1567048890883498,True,0.4,False,True,0.0293996135469045,False,True,0.0940196767559734,False,True,0.1050494883408823,False,True,0.0192350556818343,False,True,11.701373241218349,False,True,0.4,False,True,0.0024998016552357,False,True,29.999968203378607,False,True,0.1999977692493875,False,True,0.05,False,True,0.0,False,True,0.08,False,True,0.4,False,True,0.0079990077168043,False,True,29.9999812947566,False,True,0.005999270376108,False,True,3.852671908555585,False,True,3.4751869259977615,False,True,1.0,False,0
scene_045,baseline,True,China Package,True,,ACCEPT,,1.1500220212238672,True,0.4,False,True,0.0299942394386605,False,True,0.1173911794316845,False,True,0.1929564058633162,False,True,0.0199910412494306,False,True,11.825171821233807,False,True,0.4,False,True,0.0024999544549811,False,True,29.99996391859235,False,True,0.1999982625686228,False,True,0.05,False,True,0.0,False,True,0.08,False,True,0.4,False,True,0.0079992529862554,False,True,29.999978792702574,False,True,0.0059995014184694,False,True,233.03657157092672,False,True,4.307650148217574,False,True,0.2183164045872381,False,0
scene_046,baseline,True,Big Package cardboard,True,,ACCEPT,,0.8912248228869131,True,0.4,False,True,0.0284125719361178,False,True,0.1247446555835188,False,True,0.198084405866507,False,True,0.0180939226938515,False,True,11.389608898651437,False,True,0.4,False,True,0.00249988210465,False,True,29.99995284880925,False,True,0.1999985793541492,False,True,0.05,False,True,0.0,False,True,0.08,False,True,0.4,False,True,0.0079993161855541,False,True,29.99998209109291,False,True,0.0059995261027247,False,True,1.2023715754647646,False,True,2.767026143203074,False,True,0.0332920474864866,False,0
scene_047,baseline,True,Cardboard Box SQ01.001,True,,REJECT,wrench_lever,0.8084661122974415,True,0.4,False,True,0.0292692595973182,False,True,0.1238743910459747,False,True,0.1999999999999999,False,True,0.0186706351984828,False,True,11.683856026508046,False,True,0.4,False,True,0.0023237798017057,False,True,29.23319878029924,False,True,0.1837550105917688,False,True,0.05,False,True,0.0,False,True,0.08,False,True,0.4,False,True,0.0074489738763364,False,True,29.981485203307496,False,True,0.0054544260392723,False,True,0.9807030164593624,False,False,-0.9255069955270088,False,True,1.0,False,0
scene_048,baseline,True,Black Package,True,,REJECT,bbox_extent,1.1974607327331463,True,0.4,False,True,0.0298471693516511,False,False,-0.0054528842456391,False,True,0.0960439560439559,False,True,0.0197975755128772,False,True,11.740611780895197,False,True,0.4,False,True,0.0024999660095755,False,True,29.99997589695532,False,True,0.1999983955403381,False,True,0.05,False,True,0.0,False,True,0.08,False,True,0.4,False,True,0.0079990208899437,False,True,29.99994549873888,False,True,0.0059994993994789,False,True,21.784399858397915,False,True,4.12022130674694,False,True,1.0,False,0
scene_051,baseline,True,Ikea Cardboard Package,True,,ACCEPT,,1.2586618840523651,True,0.4,False,True,0.0299403955249347,False,True,0.116841144722021,False,True,0.1945548833189282,False,True,0.0199261802276469,False,True,11.951563511964215,False,True,0.4,False,True,0.0024999314399959,False,True,29.99997875835875,False,True,0.1999987154454971,False,True,0.05,False,True,0.0,False,True,0.08,False,True,0.4,False,True,0.0079994869018351,False,True,29.99996834122588,False,True,0.0059995169084582,False,True,81.96670313452921,False,True,4.23370363270016,False,True,1.0,False,0
scene_052,baseline,True,Ikea Cardboard Package,True,,ACCEPT,,1.2513950572972934,True,0.4,False,True,0.0280857510654145,False,True,0.1239874932650609,False,True,0.1890548281505728,False,True,0.018015754055813,False,True,11.197332423688463,False,True,0.4,False,True,0.0024999409201352,False,True,29.999986967710896,False,True,0.1999989321612387,False,True,0.05,False,True,0.0,False,True,0.08,False,True,0.4,False,True,0.0079995081714094,False,True,29.999919428009928,False,True,0.0059996272795961,False,True,65.52434759608921,False,True,4.251112096663518,False,True,1.0,False,0
scene_053,baseline,False,,False,single_object,ACCEPT,,0.8348459197542085,True,0.4,False,True,0.028474382510463,False,True,0.1279650024997241,False,True,0.1999999999999999,False,True,0.0164730081675472,False,True,3.799854578068244,False,True,0.29,False,True,0.00216741875462,False,True,27.262538785576535,False,True,0.1083345841612855,False,True,0.05,False,True,0.0,False,True,0.08,False,True,0.4,False,True,0.0026056678700254,False,True,28.96571555930029,False,True,0.0027458188724568,False,True,16.37257360572804,False,True,1.618762626080282,False,True,-0.174398434449379,False,0
scene_054,baseline,True,Colis VistaPrint,True,,ACCEPT,,1.2483564889956216,True,0.4,False,True,0.0299194528385305,False,True,0.1030032863825206,False,True,0.1673469387755102,False,True,0.0198900375244748,False,True,11.754091594456284,False,True,0.4,False,True,0.0024999405821057,False,True,29.99999829245271,False,True,0.1999988787603717,False,True,0.05,False,True,0.0,False,True,0.08,False,True,0.4,False,True,0.0079994034593555,False,True,29.99996584905415,False,True,0.0059996414970091,False,True,152.62758252658173,False,True,4.299106505618542,False,True,1.0,False,0
scene_055,baseline,False,,False,single_object,ACCEPT,,1.194653019771355,True,0.4,False,True,0.0180970040946578,False,True,0.1199095725428535,False,True,0.1255513585963201,False,True,0.0096524189875651,False,True,7.103987134118135,False,True,0.4,False,True,0.0024998775199952,False,True,29.99996441699232,False,True,0.1999976169556702,False,True,0.05,False,True,0.0,False,True,0.08,False,True,0.4,False,True,0.0079992518259599,False,True,29.99993196007887,False,True,0.0059995110100279,False,True,49.96235222885288,False,True,4.266159434551088,False,True,1.0,False,0
scene_056,mixed,True,Colis VistaPrint,True,,ACCEPT,,1.0590514563836584,True,0.4,False,True,0.0299773614065566,False,True,0.1287127576739733,False,True,0.1870247435123717,False,True,0.0199646365304715,False,True,11.559516911290975,False,True,0.4,False,True,0.0024998860244452,False,True,29.99996200947106,False,True,0.199998751144914,False,True,0.05,False,True,0.0,False,True,0.08,False,True,0.4,False,True,0.0079992534538428,False,True,29.999975761247395,False,True,0.0059995107889411,False,True,197.0358402005469,False,True,4.292792144214925,False,True,0.019426426702627,False,0
scene_057,mixed,True,Colis VistaPrint,True,,ACCEPT,,1.260904589627054,True,0.4,False,True,0.0296818389738756,False,True,0.1309221022251145,False,True,0.1883963796704572,False,True,0.0196068068958191,False,True,11.74937217689396,False,True,0.4,False,True,0.0024997663280996,False,True,29.9999196771859,False,True,0.1999971440657469,False,True,0.05,False,True,0.0,False,True,0.08,False,True,0.4,False,True,0.0079985487054791,False,True,29.999891974857604,False,True,0.0059993946662691,False,True,53.99675760573764,False,True,4.286317848934884,False,True,1.0,False,0
scene_058,mixed,False,,False,single_object,REJECT,normal_angle,-0.0631098613141202,True,0.4,False,True,0.0239336023389476,False,True,0.15,True,True,0.1446726684730355,True,True,0.0193778429242108,True,True,11.016749163833026,True,True,-0.3999999999999999,True,True,0.0024605262597621,False,False,-59.907990176042134,False,True,0.1985072561102782,False,False,-0.825,False,False,-0.0239999999999999,False,False,-0.795,False,True,0.4,False,True,0.0066552657901994,False,True,29.979380405036853,False,True,0.0054322298935868,False,True,0.3295999569992442,False,False,-19.251961895452354,False,False,-0.1352281859672566,False,145
scene_060,mixed,True,Amazon_Book_Package,False,single_object,ACCEPT,,1.062718678635142,True,0.4,False,True,0.0299908550313741,False,True,0.0583340266542552,False,True,0.1221931062285829,False,True,0.0199785958918813,False,True,11.979799963403453,False,True,0.4,False,True,0.0024998399023463,False,True,29.99995005606603,False,True,0.1999982771324285,False,True,0.05,False,True,0.0,False,True,0.08,False,True,0.4,False,True,0.0079989901041961,False,True,29.99996384795325,False,True,0.0059994743853613,False,True,75.49786510602539,False,True,4.251992202691789,False,True,0.1016387441813476,False,0
scene_061,mixed,True,Big Package cardboard,False,free_extraction,ACCEPT,,0.9793155241002894,True,0.4,False,True,0.0298750494789833,False,True,0.048149798531168,False,True,0.0923330887747615,False,True,0.0197990314023551,False,True,11.338904372129251,False,True,0.4,False,True,0.0024998736815297,False,True,29.9999872504406,False,True,0.1999979591504666,False,True,0.05,False,True,0.0,False,True,0.08,False,True,0.4,False,True,0.007999265329045,False,True,29.999977492091165,False,True,0.0059995176452514,False,True,299.2597361182321,False,True,4.301873654378082,False,True,-0.0526934120142836,False,0
scene_062,mixed,True,Ikea Cardboard Package,True,,ACCEPT,,1.2564537977276558,True,0.4,False,True,0.0299550003717838,False,True,0.1255219180376538,False,True,0.1664403109930124,False,True,0.0199557760932733,False,True,11.81579939982714,False,True,0.4,False,True,0.0024998856254335,False,True,29.99996733269679,False,True,0.1999984595811276,False,True,0.05,False,True,0.0,False,True,0.08,False,True,0.4,False,True,0.0079993708155465,False,True,29.99991898142436,False,True,0.0059995218502919,False,True,10.487424379779569,False,True,3.5103488030608534,False,True,1.0,False,0
scene_063,mixed,True,China Package,True,,ACCEPT,,1.1060077021234636,True,0.4,False,True,0.0297328235569791,False,True,0.0428571843873799,False,True,0.1435457780653509,False,True,0.0196367246183007,False,True,11.87687594575604,False,True,0.4,False,True,0.0024998850538382,False,True,29.999961296641008,False,True,0.1999980480647593,False,True,0.05,False,True,0.0,False,True,0.08,False,True,0.4,False,True,0.0079992500351341,False,True,29.99995988172235,False,True,0.0059994200185975,False,True,9.30337193257046,False,True,3.730440484895316,False,True,0.2006570216435639,False,0
scene_064,mixed,True,POP_Drinks_Pack,True,,ACCEPT,,1.2061878342481107,True,0.4,False,True,0.0299984341842133,False,True,0.0570951204599487,False,True,0.1730838980624224,False,True,0.0195439196986878,False,True,11.298516705023662,False,True,0.4,False,True,0.0022487660504148,False,True,29.864354131395405,False,True,0.1909140058249571,False,True,0.05,False,True,0.0,False,True,0.08,False,True,0.4,False,True,0.0069910912054005,False,True,29.18554486930449,False,True,0.0050600340222734,False,True,179.2172524106257,False,True,4.243717346866827,False,True,1.0,False,0
scene_065,mixed,True,Asset_Large_cartoon_Box,True,,REJECT,wrench_lever,0.9423630039218466,True,0.4,False,True,0.0295359646760069,False,True,0.1204678398300746,False,True,0.1999999999999999,False,True,0.0176417846148795,False,True,11.847724009262024,False,True,0.4,False,True,0.0024998233976108,False,True,28.620845959825253,False,True,0.1999979759759293,False,True,0.05,False,True,0.0,False,True,0.08,False,True,0.4,False,True,0.0079989859174737,False,True,29.99994509233059,False,True,0.0059992581638916,False,True,1.896786226904756,False,False,-0.0798367097182817,False,True,1.0,False,0
scene_067,mixed,True,POP_Drinks_Pack,True,,ACCEPT,,1.0706632114844503,True,0.4,False,True,0.0298666460485422,False,True,0.1040319250374515,False,True,0.1760454730004059,False,True,0.0193898744067614,False,True,11.30791629947139,False,True,0.4,False,True,0.0022479899827504,False,True,29.893486281764797,False,True,0.1954567779800878,False,True,0.05,False,True,0.0,False,True,0.08,False,True,0.4,False,True,0.0070192693205185,False,True,29.629987056239266,False,True,0.0051093798584596,False,True,196.52756338465605,False,True,4.270445844793385,False,True,0.1202252690724969,False,0
scene_068,mixed,True,Carton Magdeleine,True,,ACCEPT,,1.2156440296697055,True,0.4,False,True,0.029858038314502,False,True,0.1191868722330145,False,True,0.1645365168539325,False,True,0.0198307597757027,False,True,11.38877168366979,False,True,0.4,False,True,0.0024999459521554,False,True,29.99997481729538,False,True,0.1999984059222036,False,True,0.05,False,True,0.0,False,True,0.08,False,True,0.4,False,True,0.00799925803574,False,True,29.99995973662865,False,True,0.0059995014135704,False,True,498.4540887805287,False,True,4.309278406132046,False,True,0.3717338494817804,False,0
scene_070,mixed,True,China Package,True,,ACCEPT,,1.2670469073534356,True,0.4,False,True,0.0299845108767275,False,True,0.1402557726914882,False,True,0.1959158668572594,False,True,0.0199729631181475,False,True,11.876182240264503,False,True,0.4,False,True,0.002499810433403,False,True,30.0,False,True,0.1999978032540272,False,True,0.05,False,True,0.0,False,True,0.08,False,True,0.4,False,True,0.0079990463256835,False,True,29.999956869640293,False,True,0.0059992847442626,False,True,13.125138145755448,False,True,3.6295025651438575,False,True,1.0,False,0
scene_071,mixed,True,Gros Carton,True,,ACCEPT,,0.9530515325717596,True,0.4,False,True,0.0298737927905917,False,True,0.1042450448552114,False,True,0.1563837766110886,False,True,0.0198502546922259,False,True,11.92674505856667,False,True,0.4,False,True,0.0024998571099405,False,True,29.99991131432671,False,True,0.1999960449328972,False,True,0.05,False,True,0.0,False,True,0.08,False,True,0.4,False,True,0.0079990587417372,False,True,29.999968043308304,False,True,0.0059994520025745,False,True,3.476529496003306,False,True,2.290787389812431,False,True,0.0104820353404477,False,0
scene_073,mixed,True,Asset_Deformed_Package,False,surface_contact,REJECT,suction_area,0.8047114140616434,True,0.4,False,True,0.0072803542035202,False,True,0.1103182166888286,False,True,0.1137095624910929,False,True,0.0109077896233411,False,True,10.283921611581125,False,True,0.2199999999999999,False,True,0.0019153838808505,False,True,16.50641822819888,False,True,0.1183245740762099,False,False,-0.375,False,False,-0.0239999999999999,False,False,-0.295,False,True,0.4,False,True,0.0015999524847624,False,True,28.666276587049342,False,True,0.0021372608743391,False,True,28.91746468851765,False,True,3.3836631373739627,False,True,1.0,False,0
scene_074,mixed,True,Asset_Deformed_Package,False,surface_contact,REJECT,suction_area,0.6887873754664394,True,0.4,False,True,0.0077671800741751,False,True,0.0722596669225263,False,True,0.0957997769793086,False,True,0.0106568139775814,False,True,9.846012989823487,False,True,0.2,False,True,0.0020220318263541,False,True,19.44117477055112,False,True,0.1690956324807965,False,False,-0.1833333333333332,False,False,-0.0087397083745307,False,False,-0.1533333333333332,False,True,0.4,False,True,0.0054554701952198,False,True,27.879830728340792,False,True,0.0040358108980777,False,True,26.500121219868927,False,True,3.3395155216861645,False,False,-0.0738053655781861,False,33
scene_075,mixed,True,Asset_Deformed_Package,False,surface_contact,REJECT,suction_area,0.865126067649401,True,0.4,False,True,0.0088452541902152,False,True,0.075915326604845,False,True,0.1195328404585878,False,True,0.010719671311205,False,True,10.446036845693236,False,True,0.24,False,True,0.0020470029919147,False,True,19.70814297094001,False,True,0.145283475139551,False,False,-0.2749999999999999,False,False,-0.0217537887487646,False,False,-0.1866666666666667,False,True,0.4,False,True,0.0034955190116346,False,True,27.540802111628068,False,True,0.0028701908642266,False,True,26.61991378115439,False,True,3.4668329482199067,False,True,1.0,False,0
scene_076,mixed,True,Vintage_Envelope,False,single_object,REJECT,bbox_extent,1.0116684258102162,True,0.4,False,True,0.0275502192497766,False,False,-0.2270802034900528,False,False,-0.0107747847820049,False,True,0.0161371066977593,False,True,10.090376721670838,False,True,0.4,False,True,0.0024999408178621,False,True,29.999984326799275,False,True,0.1999990622394368,False,True,0.05,False,True,0.0,False,True,0.08,False,True,0.4,False,True,0.0079993886930916,False,True,29.999933646900512,False,True,0.0059996296953606,False,True,451.3624064676398,False,True,4.314558611603763,False,True,0.2917943997604216,False,0
scene_077,mixed,True,Gros Carton,False,free_extraction,REJECT,corridor_clear,0.8705685554615542,True,0.4,False,True,0.0257690233347511,False,True,0.0904332710179562,False,True,0.1411840027316573,False,True,0.0152274141677279,False,True,10.559216494665105,False,True,0.38,False,True,0.0024999113360101,False,True,29.999912618446604,False,True,0.1999986364348137,False,True,0.05,False,True,0.0,False,True,0.08,False,True,0.4,False,True,0.0079992766589823,False,True,29.99995760259446,False,True,0.0059995351897881,False,True,40.90224430612993,False,True,3.923859713487466,False,False,-0.2952600964658152,False,3483
scene_078,mixed,True,Big Package cardboard,True,,ACCEPT,,1.068402630536627,True,0.4,False,True,0.0298779232315208,False,True,0.1087517145551432,False,True,0.1903006789524732,False,True,0.0198238602342495,False,True,11.875624784824296,False,True,0.4,False,True,0.0024998845189339,False,True,29.999972176932875,False,True,0.1999972496386144,False,True,0.05,False,True,0.0,False,True,0.08,False,True,0.4,False,True,0.0079992698684349,False,True,29.99999301156152,False,True,0.0059995237474745,False,True,0.6944274950421989,False,True,2.072447738687476,False,True,1.0,False,0
scene_079,mixed,True,Storage_Box_with_Lid,True,,ACCEPT,,1.242961437405942,True,0.4,False,True,0.0299764879817464,False,True,0.0939263630508881,False,True,0.1522965588539359,False,True,0.0199667476111656,False,True,11.821700816407793,False,True,0.4,False,True,0.0024999410490507,False,True,29.999987279059177,False,True,0.1999983875396702,False,True,0.05,False,True,0.0,False,True,0.08,False,True,0.4,False,True,0.0079992691729225,False,True,29.999960338561177,False,True,0.0059995177782025,False,True,10.413580593229216,False,True,3.3791716069901354,False,True,1.0,False,0
scene_080,mixed,False,,False,single_object,REJECT,bbox_extent,0.4787187956603759,True,0.4,False,True,0.0284777639748628,False,False,-0.0646875359870987,False,False,-0.0277002427184466,False,True,0.0145769398575841,False,True,10.568706508437756,False,True,0.4,False,True,0.0019615832591792,False,True,24.223190454255658,False,False,-0.0523596091420737,False,False,-0.95,False,False,-0.028,False,False,-0.195,False,True,0.4,False,False,-0.0128400814148446,False,False,-0.6375201595856907,False,False,-0.0111668872114491,False,True,74.75360061428219,False,True,4.221505297700727,False,True,1.0,False,0
scene_081,mixed,True,Storage_Box_with_Lid,True,,ACCEPT,,1.1436431126673947,True,0.4,False,True,0.0295018336654326,False,True,0.0298931376089103,False,True,0.0621414913957935,False,True,0.019303868798111,False,True,11.913819542521498,False,True,0.4,False,True,0.0024998810865866,False,True,29.999984303562492,False,True,0.1999970369238777,False,True,0.05,False,True,0.0,False,True,0.08,False,True,0.4,False,True,0.0079992548012451,False,True,29.999963697046596,False,True,0.0059992868131666,False,True,11.147074920499891,False,True,3.730067377492178,False,True,0.323238796654629,False,0
scene_083,mixed,True,Cardboard Box SQ01.001,True,,ACCEPT,,0.9442401575621994,True,0.4,False,True,0.029463896850928,False,True,0.1319275805986955,False,True,0.1996037249851396,False,True,0.0185442963581257,False,True,11.742574541670445,False,True,0.4,False,True,0.0024672606493734,False,True,28.65657836364071,False,True,0.1814405048370339,False,True,0.05,False,True,0.0,False,True,0.08,False,True,0.4,False,True,0.006755257042138,False,True,29.615074511996077,False,True,0.0049278290513196,False,True,10.589499238334472,False,True,3.674018339202484,False,True,-0.1723384073304295,False,0
scene_084,mixed,True,Carton Magdeleine,True,,ACCEPT,,1.2431433020371625,True,0.4,False,True,0.0299942341929833,False,True,0.0819806193239446,False,True,0.1815623483745754,False,True,0.0199921218213174,False,True,11.53643544887598,False,True,0.4,False,True,0.0024999136460904,False,True,29.99996781601745,False,True,0.1999982571643881,False,True,0.05,False,True,0.0,False,True,0.08,False,True,0.4,False,True,0.0079990387580977,False,True,29.999983117719033,False,True,0.0059994924188027,False,True,325.1867353966285,False,True,4.307336612513519,False,True,1.0,False,0
scene_086,mixed,True,Black Package,True,,ACCEPT,,1.2267324484458997,True,0.4,False,True,0.0294578675428882,False,True,0.0636464946043584,False,True,0.1369576314446146,False,True,0.0193303978931111,False,True,11.518543452187078,False,True,0.4,False,True,0.0024999649183313,False,True,29.99999790869021,False,True,0.1999984471585456,False,True,0.05,False,True,0.0,False,True,0.08,False,True,0.4,False,True,0.0079990433430248,False,True,29.99996362683775,False,True,0.0059995211150521,False,True,184.60376382465404,False,True,4.302961930189367,False,True,1.0,False,0
scene_088,mixed,True,POP_Drinks_Pack,True,,REJECT,bbox_extent,1.1684444943252488,True,0.4,False,True,0.0298909939704075,False,False,-0.0100321618252892,False,True,0.0942963051536529,False,True,0.0193516166732902,False,True,11.335555863951532,False,True,0.4,False,True,0.0022305761935118,False,True,29.926926829931222,False,True,0.1910834256710255,False,True,0.05,False,True,0.0,False,True,0.08,False,True,0.4,False,True,0.0069721159827739,False,True,29.535243496750137,False,True,0.0050481634658895,False,True,11.877559644155392,False,True,3.769438777977483,False,True,1.0,False,0
scene_089,mixed,True,Asset_Large_cartoon_Box,True,,ACCEPT,,1.0492574140810964,True,0.4,False,True,0.0285831562227021,False,True,0.1007198868584552,False,True,0.1985619174434088,False,True,0.0178592640277147,False,True,11.28720103835368,False,True,0.4,False,True,0.0024998875750953,False,True,28.999990041411237,False,True,0.1999986387797254,False,True,0.05,False,True,0.0,False,True,0.08,False,True,0.4,False,True,0.0079992605445032,False,True,29.99997064706834,False,True,0.0059994804928498,False,True,0.8654267211847948,False,True,1.3670158091817686,False,True,1.0,False,0
scene_090,mixed,True,Asset_Deformed_Package,False,surface_contact,REJECT,suction_area,0.8414140985355719,True,0.4,False,True,0.0065317684134465,False,True,0.0923026243223339,False,True,0.1228976629602502,False,True,0.0105056325307776,False,True,10.434804081519882,False,True,0.2299999999999999,False,True,0.0022226948200224,False,True,16.736192178993363,False,True,0.1378648323235868,False,False,-0.2999999999999999,False,False,-0.02,False,False,-0.2283333333333333,False,True,0.4,False,True,0.0032393040916716,False,True,28.52224989843409,False,True,0.0021019014182229,False,True,27.664013244576157,False,True,3.4606496583538187,False,True,1.0,False,0
scene_093,mixed,True,Ikea Cardboard Package,True,,ACCEPT,,1.2143983247366503,True,0.4,False,True,0.0294568178644874,False,True,0.0581619640975554,False,True,0.0728982853337771,False,True,0.0191178947260755,False,True,11.929247244466705,False,True,0.4,False,True,0.002499885262607,False,True,29.999972216258783,False,True,0.1999993883679313,False,True,0.05,False,True,0.0,False,True,0.08,False,True,0.4,False,True,0.0079994800468151,False,True,29.99998060599086,False,True,0.0059997204614525,False,True,11.893521980542044,False,True,3.615762673941767,False,True,1.0,False,0
scene_094,mixed,True,China Package,True,,ACCEPT,,1.253196624312923,True,0.4,False,True,0.0299343455867432,False,True,0.1061538108615577,False,True,0.1900634833011316,False,True,0.0199356558387875,False,True,11.632724359750473,False,True,0.4,False,True,0.0024999405972763,False,True,29.99998975471625,False,True,0.1999984308149748,False,True,0.05,False,True,0.0,False,True,0.08,False,True,0.4,False,True,0.007999277518025,False,True,29.999978844322857,False,True,0.0059995216299402,False,True,35.451213596609776,False,True,4.050857644821273,False,True,1.0,False,0
scene_095,mixed,True,Cardboard Box.001,True,,REJECT,suction_force,0.6977512547731971,True,0.4,False,True,0.0289595233223156,False,True,0.131131660083296,False,True,0.1935751295336787,False,True,0.0186286431720552,False,True,11.66471224346249,False,True,0.4,False,True,0.0024998786892393,False,True,29.99993137869007,False,True,0.1999983315574521,False,True,0.05,False,True,0.0,False,True,0.08,False,True,0.4,False,True,0.0079992227661829,False,True,29.999994533181273,False,True,0.0059994997050696,False,False,-0.9860347884828304,False,False,-6.301320471127033,False,True,1.0,False,0
scene_096,mixed,True,Gros Carton,True,,ACCEPT,,1.1743363222322971,True,0.4,False,True,0.0290135260586284,False,True,0.1320271219716997,False,True,0.1678732533832104,False,True,0.0186352262701811,False,True,11.61632013190969,False,True,0.4,False,True,0.0024999155943113,False,True,29.99999809090409,False,True,0.1999981806183537,False,True,0.05,False,True,0.0,False,True,0.08,False,True,0.4,False,True,0.0079990431194181,False,True,29.999887311581087,False,True,0.0059995199667549,False,True,3.7171985427946623,False,True,2.5955629928829484,False,True,1.0,False,0
scene_097,mixed,True,China Package,True,,ACCEPT,,1.2605198615733904,True,0.4,False,True,0.0298124994073069,False,True,0.1270113485934789,False,True,0.1904126719466443,False,True,0.0197757472846999,False,True,11.783066271949131,False,True,0.4,False,True,0.0024998810635179,False,True,29.99999217503528,False,True,0.1999984842567492,False,True,0.05,False,True,0.0,False,True,0.08,False,True,0.4,False,True,0.0079992831331853,False,True,29.999956759925865,False,True,0.0059995113707006,False,True,58.72123773701672,False,True,4.185248947204382,False,True,1.0,False,0
scene_098,mixed,True,China Package,True,,ACCEPT,,1.255325844871536,True,0.4,False,True,0.0294374057201509,False,True,0.1122659044183698,False,True,0.1959083469721767,False,True,0.0194102636995195,False,True,11.8919922410741,False,True,0.4,False,True,0.0024998858661443,False,True,29.9999617513218,False,True,0.1999983470827222,False,True,0.05,False,True,0.0,False,True,0.08,False,True,0.4,False,True,0.0079990265062473,False,True,29.999994533181273,False,True,0.0059992849348941,False,True,8.455652402103965,False,True,3.815424141659072,False,True,1.0,False,0
scene_101,mixed,True,Asset_Package_in_paper_with_rope,False,surface_contact,REJECT,suction_area,0.7380503279508213,True,0.4,False,True,0.0284516407533253,False,True,0.0906692807711477,False,True,0.1713358572201189,False,True,0.0158330310334677,False,True,9.676516306593786,False,True,0.4,False,True,0.0023485802257508,False,True,29.90959312529956,False,True,0.1608850616508587,False,False,-0.0749999999999999,False,True,0.0138634243989226,False,True,0.08,False,True,0.4,False,False,-0.0090511622525232,False,True,25.997863232799308,False,False,-0.0045955296041366,False,True,113.1112090381548,False,True,4.230945991246316,False,False,-0.1855988545615979,False,42
scene_102,mixed,True,Cardboard Box.001,True,,REJECT,suction_force,0.7259930955794826,True,0.4,False,True,0.0285135442132744,False,True,0.1252064143800192,False,True,0.1963607521112302,False,True,0.0186067719247116,False,True,11.747218348433426,False,True,0.4,False,True,0.0024999653192222,False,True,29.999969051441344,False,True,0.1999986594978351,False,True,0.05,False,True,0.0,False,True,0.08,False,True,0.4,False,True,0.0079990818732967,False,True,29.999976324131723,False,True,0.0059994949923534,False,False,-0.1193459214443233,False,False,-4.5007131324020975,False,True,1.0,False,0
scene_103,mixed,True,Asset_Deformed_Package,False,surface_contact,ACCEPT,,1.0860362487410764,True,0.4,False,True,0.0150588770451548,False,True,0.083613993599651,False,True,0.1051367840976185,False,True,0.0102444580978614,False,True,9.958421172841144,False,True,0.21,False,True,0.0022114747871547,False,True,16.17804773746477,False,True,0.1784834821170738,False,True,0.05,False,True,0.0,False,True,0.08,False,True,0.4,False,True,0.0046836643935381,False,True,29.203652936559795,False,True,0.0039666822706344,False,True,26.24180875908339,False,True,3.033180737104384,False,True,1.0,False,0
scene_104,mixed,True,Big Package cardboard,True,,ACCEPT,,1.2169290456789568,True,0.4,False,True,0.0299106841163025,False,True,0.1045887231133208,False,True,0.196488270824554,False,True,0.019889697209153,False,True,11.760855858590409,False,True,0.4,False,True,0.0024998706646277,False,True,29.99996813467859,False,True,0.1999986953907694,False,True,0.05,False,True,0.0,False,True,0.08,False,True,0.4,False,True,0.007999245310258,False,True,29.999970178968567,False,True,0.00599950658118,False,True,4.942770627887542,False,True,2.851338446290758,False,True,1.0,False,0
scene_105,mixed,True,Amazon_Book_Package,False,single_object,ACCEPT,,1.2244567991768531,True,0.4,False,True,0.0293740078950119,False,True,0.0834997752241993,False,True,0.1024625784645099,False,True,0.0189841342047836,False,True,10.684939052022225,False,True,0.4,False,True,0.0024999120227227,False,True,29.99999680547153,False,True,0.1999986614124792,False,True,0.05,False,True,0.0,False,True,0.08,False,True,0.4,False,True,0.0079992817693096,False,True,29.99991322534295,False,True,0.0059997562694643,False,True,184.20994549348444,False,True,4.297204398717944,False,True,1.0,False,0
scene_106,mixed,True,Big Package cardboard,True,,REJECT,suction_force,0.7705578771419035,True,0.4,False,True,0.0290357075642135,False,True,0.1257156955128291,False,True,0.1566230168723242,False,True,0.0187261769963388,False,True,11.82520167101885,False,True,0.4,False,True,0.0024998735621539,False,True,29.99996008208731,False,True,0.1999982753834962,False,True,0.05,False,True,0.0,False,True,0.08,False,True,0.4,False,True,0.0079992679166191,False,True,29.99994648398589,False,True,0.0059995163760645,False,False,-0.4213696908558417,False,False,-0.9242746451323196,False,True,1.0,False,0
scene_107,mixed,True,Big Package cardboard,True,,ACCEPT,,1.2380531016375178,True,0.4,False,True,0.0291537005047683,False,True,0.0713259301479879,False,True,0.1956175012572741,False,True,0.0188528439034734,False,True,11.618471789330584,False,True,0.39,False,True,0.0024998776320756,False,True,29.99995930445128,False,True,0.1999981926279323,False,True,0.05,False,True,0.0,False,True,0.08,False,True,0.4,False,True,0.0079992828185735,False,True,29.999963307593784,False,True,0.0059995173456833,False,True,41.23437091867599,False,True,4.158187651281341,False,True,1.0,False,0
scene_108,mixed,True,POP_Drinks_Pack,True,,ACCEPT,,1.1933392761170218,True,0.4,False,True,0.0299922702610309,False,True,0.0263530854481797,False,True,0.1363221016561964,False,True,0.0194952927007493,False,True,11.65446680732711,False,True,0.4,False,True,0.0022483827226395,False,True,29.96138487875191,False,True,0.1971008985208547,False,True,0.05,False,True,0.0,False,True,0.08,False,True,0.4,False,True,0.0070242405469012,False,True,29.985256838199582,False,True,0.0051193334031443,False,True,14.211449244380074,False,True,3.934475610663242,False,True,1.0,False,0
scene_109,mixed,True,Amazon_A2_Package,True,,REJECT,bbox_extent,0.9009501437930356,True,0.4,False,True,0.0298326355806302,False,False,-0.0432059997171407,False,False,-0.0020282892981051,False,True,0.0185476273372914,False,True,11.634031281277103,False,True,0.4,False,True,0.0024056303728468,False,True,29.7797645218007,False,True,0.1931710722138525,False,True,0.05,False,True,0.0,False,False,-0.045,False,True,0.4,False,True,0.0074698164824427,False,True,29.97093763242995,False,True,0.0056197426441053,False,True,102.5622514812896,False,True,4.2921242187821,False,True,0.0278885771391216,False,0
scene_110,mixed,True,Ikea Cardboard Package,True,,ACCEPT,,1.2327511801540931,True,0.4,False,True,0.0295761699826796,False,True,0.0972924116238578,False,True,0.0979835104797853,False,True,0.0194334802159072,False,True,11.744809061006013,False,True,0.4,False,True,0.0024999015850096,False,True,29.999978689837153,False,True,0.1999990008186563,False,True,0.05,False,True,0.0,False,True,0.08,False,True,0.4,False,True,0.0079994022499933,False,True,29.99997571617995,False,True,0.0059995285665389,False,True,12.41232222996774,False,True,4.100217868624833,False,True,1.0,False,0
scene_111,mixed,True,China Package,True,,ACCEPT,,1.262693830387699,True,0.4,False,True,0.0298673242842388,False,True,0.1356554730567199,False,True,0.184175993824778,False,True,0.0198611555729034,False,True,11.780019151095964,False,True,0.4,False,True,0.0024998818858816,False,True,29.99998174840408,False,True,0.1999984401331897,False,True,0.05,False,True,0.0,False,True,0.08,False,True,0.4,False,True,0.0079992664970262,False,True,29.999971903192662,False,True,0.0059992919531717,False,True,7.0752203732257595,False,True,3.2862563915568153,False,True,1.0,False,0
scene_112,mixed,True,Asset_Deformed_Package,False,surface_contact,ACCEPT,,1.0943542187093926,True,0.4,False,True,0.0140142695285551,False,True,0.1106926438378178,False,True,0.1243986254295532,False,True,0.011024858453072,False,True,10.437726033920685,False,True,0.2199999999999999,False,True,0.001927956989815,False,True,18.10087804088206,False,True,0.1740962924966377,False,True,0.05,False,True,0.0,False,True,0.08,False,True,0.4,False,True,0.0048892505454136,False,True,28.344528952560985,False,True,0.0037728356686528,False,True,29.2542228268336,False,True,3.367852780772683,False,True,1.0,False,0
scene_113,mixed,False,,False,single_object,REJECT,normal_angle,-0.0707566099766822,True,0.4,False,True,0.0267363569595634,False,True,0.15,True,True,0.1328210362009965,True,True,0.0152770824318356,True,True,11.092981807106934,True,True,-0.39,True,True,0.0024646024665691,False,False,-59.97025018077906,False,True,0.1912762454841187,False,False,-0.7749999999999999,False,False,-0.0239999999999999,False,False,-0.745,False,False,-0.6,False,True,0.0050382949100765,False,True,29.964901484571307,False,True,0.0044086369045132,False,True,0.2512950109371363,False,False,-19.871570874121364,False,True,0.1822738639205042,False,0
scene_114,mixed,True,Ikea Cardboard Package,True,,ACCEPT,,1.2619577688007058,True,0.4,False,True,0.0296594343482124,False,True,0.1393615843944807,False,True,0.1770605494798612,False,True,0.0195263245618016,False,True,11.83390367739388,False,True,0.4,False,True,0.0024999960719654,False,True,29.999988966812957,False,True,0.1999970751800208,False,True,0.05,False,True,0.0,False,True,0.08,False,True,0.4,False,True,0.0079995036952858,False,True,29.99995138735513,False,True,0.0059995142294611,False,True,6.76784054447659,False,True,3.654725289568341,False,True,1.0,False,0
scene_117,mixed,True,Cardboard Box SQ01.001,False,free_extraction,REJECT,corridor_clear,0.8840483760364782,True,0.4,False,True,0.0291013734796022,False,True,0.1282500502240252,False,True,0.1965461662445313,False,True,0.0182101291129586,False,True,11.54209644173884,False,True,0.36,False,True,0.0023889782924506,False,True,28.388196052363973,False,True,0.1687953079328919,False,True,0.05,False,True,0.0,False,True,0.08,False,True,0.4,False,True,0.0066771938615287,False,True,29.39663052926832,False,True,0.0048976078588511,False,True,20.917084011512035,False,True,3.8979699880869294,False,False,-0.2749636525143715,False,1598
scene_118,mixed,True,Colis VistaPrint,True,,ACCEPT,,1.2535448216747125,True,0.4,False,True,0.0295243685243086,False,True,0.1117605022149072,False,True,0.1909909909909909,False,True,0.0194836091261928,False,True,11.542648793777122,False,True,0.4,False,True,0.0024998824274919,False,True,29.999970746570092,False,True,0.1999958193065053,False,True,0.05,False,True,0.0,False,True,0.08,False,True,0.4,False,True,0.0079990307792889,False,True,29.999907350806403,False,True,0.0059992710599907,False,True,42.87643629252529,False,True,4.19596161857681,False,True,1.0,False,0
scene_119,mixed,True,Colis VistaPrint,True,,ACCEPT,,1.243172206907289,True,0.4,False,True,0.0299553547194534,False,True,0.0874386867692594,False,True,0.1667682926829268,False,True,0.0199489599255493,False,True,11.82807297964596,False,True,0.4,False,True,0.0024998819815196,False,True,29.999956107398035,False,True,0.199997995544695,False,True,0.05,False,True,0.0,False,True,0.08,False,True,0.4,False,True,0.0079992570593359,False,True,29.999940787242913,False,True,0.005999496175106,False,True,38.52678024502664,False,True,4.206626077074605,False,True,1.0,False,0
scene_120,mixed,True,Amazon_A2_Package,True,,ACCEPT,,1.22302429780844,True,0.4,False,True,0.0298417580242359,False,True,0.075127107520024,False,True,0.1556797764024755,False,True,0.0187082910543393,False,True,11.662979919126649,False,True,0.4,False,True,0.0024084814580137,False,True,29.61467927598872,False,True,0.1940835120291458,False,True,0.05,False,True,0.0,False,True,0.08,False,True,0.4,False,True,0.0075046171864527,False,True,29.9834152577819,False,True,0.0056305490113345,False,True,9.78975188134702,False,True,3.9302849949607994,False,True,1.0,False,0
scene_121,mixed,True,Ikea Cardboard Package,True,,ACCEPT,,1.2628985360164864,True,0.4,False,True,0.0292817685477422,False,True,0.1373416582644054,False,True,0.1951830443159922,False,True,0.0192162579956294,False,True,11.724975581990693,False,True,0.4,False,True,0.0024999418275745,False,True,29.99998258636607,False,True,0.199996323592563,False,True,0.05,False,True,0.0,False,True,0.08,False,True,0.4,False,True,0.0079990354262827,False,True,29.999954173744275,False,True,0.0059995056387303,False,True,42.61862875269073,False,True,4.160463365856095,False,True,1.0,False,0
scene_122,mixed,True,Asset_Deformed_Package,False,surface_contact,REJECT,suction_area,0.6202948765105136,True,0.4,False,True,0.0049590080563631,False,True,0.0807939286317499,False,True,0.1197183098591548,False,True,0.010678092385574,False,True,10.38155627202154,False,True,0.24,False,True,0.0023683610568875,False,True,21.42496701874947,False,True,0.1401566017942212,False,False,-0.4916666666666666,False,False,-0.0239999999999999,False,False,-0.4616666666666667,False,True,0.4,False,True,0.0045597506180255,False,True,26.66636746688297,False,True,0.0039729223845607,False,True,26.75915155487221,False,True,3.667178077343518,False,True,-0.0332187574443176,False,2
scene_123,mixed,True,Colis VistaPrint,True,,REJECT,bbox_extent,1.005309570773875,True,0.4,False,True,0.0299872296687952,False,False,-0.0144014235330713,False,True,0.0565919498674378,False,True,0.0199739076690306,False,True,11.583424163651973,False,True,0.4,False,True,0.0024997944652709,False,True,29.999943193568793,False,True,0.1999954962896907,False,True,0.05,False,True,0.0,False,True,0.08,False,True,0.4,False,True,0.007998995778771,False,True,29.999968066126367,False,True,0.0059990908090043,False,True,18.884045797587778,False,True,4.038625625861944,False,True,0.0605982218904936,False,0
scene_124,mixed,True,Big Package cardboard,True,,ACCEPT,,1.0796390730945284,True,0.4,False,True,0.0287260447327039,False,True,0.0861815862729794,False,True,0.1999999999999999,False,True,0.0184181594892941,False,True,11.624001657440726,False,True,0.4,False,True,0.0024999043857248,False,True,29.99999502168694,False,True,0.1999985344550197,False,True,0.05,False,True,0.0,False,True,0.08,False,True,0.4,False,True,0.0079995129800355,False,True,29.99998178838572,False,True,0.0059996418410989,False,True,1.3406199554928269,False,True,2.1072581312830025,False,True,1.0,False,0
scene_126,mixed,True,Asset_Deformed_Package,False,surface_contact,REJECT,suction_area,0.8915353639531893,True,0.4,False,True,0.0080757352300005,False,True,0.0943902190017083,False,True,0.1190283400809716,False,True,0.0110602048494688,False,True,10.44970737308306,False,True,0.2299999999999999,False,True,0.0019242616073701,False,True,20.073710540684452,False,True,0.1316610650500417,False,False,-0.2416666666666665,False,False,-0.0138754845034029,False,False,-0.22,False,True,0.4,False,True,0.0051211857605405,False,True,26.611538166188495,False,True,0.0039406992639975,False,True,29.249516692692293,False,True,3.6661215693354663,False,True,0.5690269966735858,False,0
scene_127,mixed,True,Big Package cardboard,True,,ACCEPT,,1.0469119270343616,True,0.4,False,True,0.029910911954713,False,True,0.048385636706601,False,True,0.1997216035634743,False,True,0.0198795204404623,False,True,11.975995052594971,False,True,0.38,False,True,0.0024999603139645,False,True,29.99997117328391,False,True,0.1999980267202241,False,True,0.05,False,True,0.0,False,True,0.08,False,True,0.4,False,True,0.007999462811711,False,True,29.999956920371964,False,True,0.0059994889014168,False,True,0.7853711159250132,False,True,1.4578580224340825,False,True,1.0,False,0
scene_129,mixed,True,Gros Carton,True,,REJECT,suction_force,0.7116412169164295,True,0.4,False,True,0.0280184549260581,False,True,0.0895412567218379,False,True,0.1995599075805918,False,True,0.0180900395457352,False,True,11.671111612953172,False,True,0.4,False,True,0.0024997956148166,False,True,30.0,False,True,0.1996192694837579,False,True,0.05,False,True,0.0,False,True,0.08,False,True,0.4,False,True,0.0078240470886232,False,True,29.999943174324333,False,True,0.0059995231628417,False,False,-0.0959410654878449,False,False,-3.0909771020832464,False,True,1.0,False,0
scene_130,mixed,True,Colis VistaPrint,True,,ACCEPT,,1.2545329097850653,True,0.4,False,True,0.0298295120104679,False,True,0.1063703289880178,False,True,0.1961587708066581,False,True,0.0197201373742793,False,True,11.89140813319142,False,True,0.4,False,True,0.002499832658678,False,True,29.99999743867906,False,True,0.1999963676477577,False,True,0.05,False,True,0.0,False,True,0.08,False,True,0.4,False,True,0.0079992820980505,False,True,29.9999525867277,False,True,0.0059995206165742,False,True,52.961983419493166,False,True,4.179083602579775,False,True,1.0,False,0
scene_131,mixed,True,Asset_Deformed_Package,False,surface_contact,REJECT,suction_area,1.0098255080700491,True,0.4,False,True,0.0104956947288141,False,True,0.1117786377958169,False,True,0.1163608892726094,False,True,0.011139741927244,False,True,10.435672896770647,False,True,0.21,False,True,0.0023133739440984,False,True,16.583098517668656,False,True,0.1667052740381822,False,False,-0.1666666666666666,False,True,0.008418745424597,False,False,-0.1366666666666666,False,True,0.4,False,True,0.0049615651135554,False,True,29.64780539429432,False,True,0.0036140127445706,False,True,30.10107176826127,False,True,3.4057837451805795,False,True,1.0,False,0
scene_133,mixed,True,Gros Carton,True,,ACCEPT,,1.211494324678185,True,0.4,False,True,0.028527113248318,False,True,0.1127189427847357,False,True,0.1401590967410828,False,True,0.0181864940070263,False,True,11.608123787897272,False,True,0.4,False,True,0.002499840309102,False,True,30.0,False,True,0.1886956748419574,False,True,0.0,False,True,0.0177074417675062,False,True,0.08,False,True,0.4,False,True,0.0067161159515393,False,True,29.99998618046625,False,True,0.0052215275764473,False,True,4.393850965247035,False,True,2.900410330066309,False,True,1.0,False,0
scene_134,mixed,True,Colis VistaPrint,True,,ACCEPT,,1.0157393293685129,True,0.4,False,True,0.0293951059392108,False,True,0.0789539251789002,False,True,0.137321394551343,False,True,0.0193111877414356,False,True,11.708805829180156,False,True,0.4,False,True,0.0024998529293644,False,True,29.999963119350152,False,True,0.1999978489555784,False,True,0.05,False,True,0.0,False,True,0.08,False,True,0.4,False,True,0.007999013915133,False,True,29.999951349882956,False,True,0.005999409808021,False,True,19.752334551994483,False,True,4.038621624130006,False,True,-0.0134868574115042,False,0
scene_135,mixed,True,Ikea Cardboard Package,True,,ACCEPT,,1.2483454646873138,True,0.4,False,True,0.0295635458174,False,True,0.1205881754858247,False,True,0.1409499358151476,False,True,0.019295384355646,False,True,11.795557510773708,False,True,0.4,False,True,0.0024998792249348,False,True,29.99997212458463,False,True,0.1999990262709727,False,True,0.05,False,True,0.0,False,True,0.08,False,True,0.4,False,True,0.0079992760087806,False,True,29.999937610231573,False,True,0.0059995208933519,False,True,22.036352710378445,False,True,4.032001247776053,False,True,1.0,False,0
scene_136,mixed,True,Cardboard Box.001,True,,ACCEPT,,1.22373294937703,True,0.4,False,True,0.0299273500096098,False,True,0.1174791533166357,False,True,0.1996266741331839,False,True,0.0199193801043199,False,True,11.976964175004882,False,True,0.4,False,True,0.0024998568285736,False,True,29.99991519229531,False,True,0.1999979219643911,False,True,0.05,False,True,0.0,False,True,0.08,False,True,0.4,False,True,0.0079991546363186,False,True,29.99995430914847,False,True,0.0059994401377451,False,True,4.971811970095537,False,True,2.56541381629392,False,True,1.0,False,0
scene_138,mixed,True,Paper_Shopping_Bag,False,surface_contact,REJECT,suction_area,0.8439255188327304,True,0.4,False,True,0.0120411534319523,False,True,0.0604564577342605,False,True,0.1283638228757052,False,True,0.0072303181946288,False,True,1.827583183844636,False,True,0.0999999999999999,False,True,0.002097539489671,False,True,20.761220360794574,False,True,0.1538295204480088,False,False,-0.0749999999999999,False,True,0.0138634243989226,False,True,0.08,False,True,0.4,False,True,0.0036046966205346,False,True,29.80352695196989,False,True,0.0028863704331818,False,True,73.98413651234826,False,True,4.175724271278829,False,True,-0.009240915387329,False,0
scene_139,mixed,True,Black Package,True,,ACCEPT,,1.2274156925638149,True,0.4,False,True,0.029690505562263,False,True,0.0373036763923051,False,True,0.1904597853451702,False,True,0.0195559413020522,False,True,11.428281730325889,False,True,0.4,False,True,0.0024999138754403,False,True,29.99999015380198,False,True,0.1999988591476829,False,True,0.05,False,True,0.0,False,True,0.08,False,True,0.4,False,True,0.007999273557157,False,True,29.99995516265627,False,True,0.0059995177475985,False,True,19.12177018693166,False,True,4.182567788615673,False,True,1.0,False,0
scene_141,mixed,True,Amazon_Book_Package,False,single_object,ACCEPT,,1.205781927209025,True,0.4,False,True,0.0294336740008864,False,True,0.0419663860407775,False,True,0.0893985728848113,False,True,0.0188222971751172,False,True,10.128417901777208,False,True,0.4,False,True,0.0024998909013306,False,True,29.999918810660077,False,True,0.1999982048682334,False,True,0.05,False,True,0.0,False,True,0.08,False,True,0.4,False,True,0.0079992257084025,False,True,29.99999034065384,False,True,0.0059995019194768,False,True,115.37613537878896,False,True,4.298502364179812,False,True,1.0,False,0
scene_143,mixed,True,Big Package cardboard,True,,ACCEPT,,0.9194366008210996,True,0.4,False,True,0.0295999380841462,False,True,0.0818185191382259,False,True,0.1916564770193483,False,True,0.0195529176870943,False,True,11.902041510984414,False,True,0.38,False,True,0.0024998863308709,False,True,29.99998571363437,False,True,0.1999978570451554,False,True,0.05,False,True,0.0,False,True,0.08,False,True,0.4,False,True,0.0079993938564381,False,True,29.999978216220143,False,True,0.0059995249867453,False,True,0.124816736658313,False,True,0.3817273309029927,False,True,1.0,False,0
scene_145,mixed,True,Big Package cardboard,True,,ACCEPT,,1.0774252014658254,True,0.4,False,True,0.0257893747730969,False,True,0.1023549051901296,False,True,0.1920671044931399,False,True,0.0149163649993485,False,True,11.074369861254285,False,True,0.39,False,True,0.0024999289539766,False,True,29.999984847020976,False,True,0.1999991146107542,False,True,0.05,False,True,0.0,False,True,0.08,False,True,0.4,False,True,0.0079992785008487,False,True,29.999983621781737,False,True,0.0059997461697066,False,True,1.5398443552208434,False,True,2.8226133925035146,False,True,1.0,False,0
scene_147,mixed,True,Куб,True,,ACCEPT,,1.1699560594099905,True,0.4,False,True,0.0299617173961644,False,True,0.0111437309412042,True,True,0.0821229050279329,True,True,0.0199455678478392,True,True,10.620802790112029,True,True,-0.0799999999999999,True,True,0.0024998693092863,False,True,29.99996332746511,False,True,0.1999987620009535,False,True,0.05,False,True,0.0,False,True,0.08,False,True,0.4,False,True,0.0079992661705013,False,True,29.999941855570015,False,True,0.0059994068729778,False,True,51.44368767770948,False,True,4.220715260347404,False,True,1.0,False,0
scene_148,mixed,True,Ikea Cardboard Package,True,,ACCEPT,,1.256712313441719,True,0.4,False,True,0.0293566200679215,False,True,0.1295917689128952,False,True,0.1772837706511175,False,True,0.0192614588298896,False,True,11.541754179311564,False,True,0.4,False,True,0.0024998548464542,False,True,29.999959197122177,False,True,0.1999972836650137,False,True,0.05,False,True,0.0,False,True,0.08,False,True,0.4,False,True,0.0079991436751703,False,True,29.999993784434036,False,True,0.005999496909034,False,True,12.401435007143768,False,True,3.752062121520048,False,True,1.0,False,0
scene_149,mixed,True,Amazon_Book_Package,False,single_object,ACCEPT,,1.2572611509448324,True,0.4,False,True,0.0297253578322025,False,True,0.1236310861306517,False,True,0.1811729062973381,False,True,0.0195945527795898,False,True,11.791643647597528,False,True,0.4,False,True,0.0024997751774721,False,True,29.999939974187075,False,True,0.1999974529483697,False,True,0.05,False,True,0.0,False,True,0.08,False,True,0.4,False,True,0.0079989908132226,False,True,29.99992953910014,False,True,0.0059994303272486,False,True,6.158230855890729,False,True,3.506346496148778,False,True,1.0,False,0
scene_150,mixed,True,Asset_Deformed_Package,False,surface_contact,REJECT,suction_area,1.0817728582887156,True,0.4,False,True,0.011908089095909,False,True,0.0877970202388338,False,True,0.1258958068614993,False,True,0.011075589935608,False,True,10.361173434396992,False,True,0.25,False,True,0.001754238432844,False,True,19.87000096768915,False,True,0.1622156632420445,False,False,-0.0249999999999999,False,True,0.0138634243989226,False,True,0.005,False,True,0.4,False,True,0.0050089643857824,False,True,29.917878626668873,False,True,0.0034193124380213,False,True,28.03197499101762,False,True,3.439137426694625,False,True,1.0,False,0
scene_151,mixed,True,Black Package,True,,REJECT,bbox_extent,1.195935935384301,True,0.4,False,True,0.0294293249343921,False,False,-0.0206959163063197,False,True,0.1317470256731371,False,True,0.0191838649708584,False,True,11.52624915460326,False,True,0.4,False,True,0.0024998937607105,False,True,29.99993991956573,False,True,0.1999957659304896,False,True,0.05,False,True,0.0,False,True,0.08,False,True,0.4,False,True,0.0079989816428805,False,True,29.99996965798488,False,True,0.0059994155781575,False,True,326.1201204941031,False,True,4.31177008157055,False,True,1.0,False,0
scene_152,mixed,True,Asset_Large_cartoon_Box,True,,REJECT,wrench_lever,0.718841556711862,True,0.4,False,True,0.0292766925400071,False,True,0.1025231349335989,False,True,0.1613828845910756,False,True,0.0175256182537479,False,True,11.900778539024788,False,True,0.4,False,True,0.0024998461320204,False,True,28.62083335979201,False,True,0.1999980042734531,False,True,0.05,False,True,0.0,False,True,0.08,False,True,0.4,False,True,0.0079989913007136,False,True,29.999908450938342,False,True,0.0059992777640551,False,True,0.1737766259759063,False,False,-5.810092131952285,False,True,1.0,False,0
scene_154,mixed,True,Gros Carton,True,,REJECT,suction_force,0.7175238595976905,True,0.4,False,True,0.0299609116593997,False,True,0.1234927368673886,False,True,0.1851401919843809,False,True,0.0199622340243193,False,True,11.96113550878648,False,True,0.4,False,True,0.0024999106559748,False,True,29.9999682952102,False,True,0.1999967590737061,False,True,0.05,False,True,0.0,False,True,0.08,False,True,0.4,False,True,0.0079990018521497,False,True,29.999950643316712,False,True,0.0059994815004683,False,False,-0.4453745343698809,False,False,-7.275066973152507,False,True,1.0,False,0
scene_155,mixed,True,POP_Drinks_Pack,True,,ACCEPT,,1.0196551133702207,True,0.4,False,True,0.0298850809176755,False,True,0.1269388117036209,False,True,0.1654413383226942,False,True,0.0194253201176912,False,True,11.38445244715505,False,True,0.4,False,True,0.0022382456793518,False,True,29.73548584404526,False,True,0.1943231308884006,False,True,0.05,False,True,0.0,False,True,0.08,False,True,0.4,False,True,0.0070596635976383,False,True,29.85355446605827,False,True,0.0051253669582011,False,True,227.3985290275204,False,True,4.298512343174172,False,True,-0.0025949606174911,False,0
scene_156,mixed,True,Big Package cardboard,True,,REJECT,suction_force,0.7044857809585838,True,0.4,False,True,0.0298797597507411,False,True,0.1074466170661008,False,True,0.1718803876107246,False,True,0.019825744181629,False,True,11.671220714430085,False,True,0.35,False,True,0.0024998823803349,False,True,29.999972866649056,False,True,0.1999984540994001,False,True,0.05,False,True,0.0,False,True,0.08,False,True,0.4,False,True,0.0079993737390963,False,True,29.99999034065384,False,True,0.0059995201395846,False,False,-0.4718921014336441,False,False,-2.1898010618146317,False,True,1.0,False,0
scene_157,mixed,True,POP_Drinks_Pack,True,,ACCEPT,,1.2050990078884565,True,0.4,False,True,0.0262386573023437,False,True,0.1114420212429227,False,True,0.1586200888579144,False,True,0.0160791291395973,False,True,10.01361273810904,False,True,0.4,False,True,0.0022224494260434,False,True,29.89378503852456,False,True,0.1909803464121298,False,True,0.05,False,True,0.0,False,True,0.08,False,True,0.4,False,True,0.0069380705066378,False,True,29.0984418256806,False,True,0.0050567470576815,False,True,11.25090554520031,False,True,3.5743505979016987,False,True,1.0,False,0
scene_158,mixed,True,Amazon_A2_Package,False,single_object,ACCEPT,,1.1971164444014588,True,0.4,False,True,0.0298904682741666,False,True,0.0471812613514323,False,True,0.07446295714136,False,True,0.0180236262674204,False,True,11.75397248016874,False,True,0.4,False,True,0.0023972275910133,False,True,29.41911032451717,False,True,0.1952502137270243,False,True,0.05,False,True,0.0,False,True,0.08,False,True,0.4,False,True,0.0074767512998356,False,True,29.931046345993956,False,True,0.0056122872667781,False,True,178.50967117290085,False,True,4.263056714740506,False,True,1.0,False,0
scene_161,mixed,True,China Package,True,,ACCEPT,,1.251012419621221,True,0.4,False,True,0.0296063557181223,False,True,0.1050082098794508,False,True,0.1867523083099156,False,True,0.0195745354055537,False,True,11.63609769703038,False,True,0.4,False,True,0.0024998776733677,False,True,29.999948511007297,False,True,0.1999983613267361,False,True,0.05,False,True,0.0,False,True,0.08,False,True,0.4,False,True,0.0079992527704088,False,True,29.99997675915849,False,True,0.0059995001711457,False,True,25.653680979375014,False,True,4.05497318873253,False,True,1.0,False,0
scene_162,mixed,True,Storage_Box_with_Lid,True,,ACCEPT,,1.2647206029584863,True,0.4,False,True,0.029935326153686,False,True,0.1355072017270584,False,True,0.1938925081433224,False,True,0.0199322041778312,False,True,11.82358397172016,False,True,0.4,False,True,0.0024998787457807,False,True,29.999982881891626,False,True,0.1999985350999105,False,True,0.05,False,True,0.0,False,True,0.08,False,True,0.4,False,True,0.0079993977911738,False,True,29.99999301156152,False,True,0.0059995180457481,False,True,12.670581576469123,False,True,3.8287383639993458,False,True,1.0,False,0
scene_163,mixed,True,Asset_Deformed_Package,False,surface_contact,REJECT,corridor_clear,0.8411576568078356,True,0.4,False,True,0.0131283410623325,False,True,0.1012235033601052,False,True,0.0873446576954187,False,True,0.01002974987896,False,True,10.56162203886347,False,True,0.25,False,True,0.0019101548380448,False,True,18.440194699209975,False,True,0.1734093349734125,False,True,0.05,False,True,0.0,False,True,0.0466666666666666,False,True,0.4,False,True,0.0052622057298584,False,True,28.508746010367535,False,True,0.0037956988655883,False,True,26.071226308269388,False,True,3.2378706582918477,False,False,-0.0430910452404175,False,10
scene_164,mixed,True,Colis VistaPrint,True,,ACCEPT,,1.2148451683122743,True,0.4,False,True,0.0278373683088009,False,True,0.0813916514611371,False,True,0.0939506172839506,False,True,0.0163067186889068,False,True,10.690951328442257,False,True,0.4,False,True,0.002499874853554,False,True,29.999992959602153,False,True,0.1999982757487981,False,True,0.05,False,True,0.0,False,True,0.08,False,True,0.4,False,True,0.007999280375611,False,True,29.999964519566785,False,True,0.0059995199199214,False,True,18.54797938752521,False,True,3.969628829816218,False,True,0.6041790774042359,False,0
scene_165,mixed,True,Colis VistaPrint,True,,ACCEPT,,1.052106936434135,True,0.4,False,True,0.0299857868586652,False,True,0.0176667424856951,False,True,0.0853591160220994,False,True,0.0199828267540188,False,True,11.836953786777276,False,True,0.4,False,True,0.0024998482921147,False,True,29.999930918156963,False,True,0.1999983703304279,False,True,0.05,False,True,0.0,False,True,0.08,False,True,0.4,False,True,0.0079989870672337,False,True,29.99990352735581,False,True,0.0059992944798811,False,True,22.300504796745447,False,True,4.079451253669282,False,True,0.1241684826905717,False,0
scene_166,mixed,True,Куб,True,,ACCEPT,,1.257087315440118,True,0.4,False,True,0.0299604175687255,False,True,0.1311552687702062,False,True,0.1737735266892933,False,True,0.0199354482005837,False,True,10.925465939838018,False,True,0.4,False,True,0.0024999412183205,False,True,29.999994600261346,False,True,0.1999965079705636,False,True,0.05,False,True,0.0,False,True,0.08,False,True,0.4,False,True,0.0079991556761775,False,True,29.999940437431388,False,True,0.0059995154123786,False,True,97.04156936319768,False,True,4.266928053027875,False,True,1.0,False,0
scene_167,mixed,True,Amazon_Book_Package,False,single_object,ACCEPT,,1.2215144984752226,True,0.4,False,True,0.0293351915263356,False,True,0.0830296392700917,False,True,0.0885256988277727,False,True,0.0187302451233635,False,True,10.74736182726463,False,True,0.4,False,True,0.0024999404651147,False,True,29.999991548072114,False,True,0.1999984150656686,False,True,0.05,False,True,0.0,False,True,0.08,False,True,0.4,False,True,0.0079992816810232,False,True,29.999927394093195,False,True,0.0059995230643691,False,True,171.3599875041088,False,True,4.272507181758109,False,True,1.0,False,0
scene_169,mixed,True,Asset_Deformed_Package,False,surface_contact,REJECT,suction_area,0.8242555734896704,True,0.4,False,True,0.0069076891742622,False,True,0.1057735091398188,False,True,0.1331281262023854,False,True,0.0112311588820947,False,True,10.722161120250972,False,True,0.24,False,True,0.0020310041118062,False,True,21.43479689157296,False,True,0.1800618819274569,False,False,-0.0749999999999999,False,True,0.008418745424597,False,False,-0.07,False,True,0.4,False,True,0.0041327123250162,False,True,29.074125047397875,False,True,0.0040410058332879,False,True,29.408248307498777,False,True,3.480078429568337,False,True,-0.0202045533343241,False,1
scene_170,mixed,True,Asset_Deformed_Package,False,surface_contact,REJECT,suction_area,0.863524654314863,True,0.4,False,True,0.0066526393497467,False,True,0.1182879954042209,False,True,0.1350336379154533,False,True,0.0105980020800578,False,True,10.28525523087282,False,True,0.2299999999999999,False,True,0.0020845292601221,False,True,19.931082822528452,False,True,0.146514366136093,False,False,-0.3083333333333332,False,False,-0.0217537887487646,False,False,-0.1866666666666667,False,True,0.4,False,True,0.0024954360329245,False,True,27.073017018155863,False,True,0.0021052911430157,False,True,27.198953059945165,False,True,3.645759367822537,False,True,1.0,False,0
scene_171,mixed,True,Amazon_Book_Package,True,,ACCEPT,,1.1902277304331006,True,0.4,False,True,0.0298726034173588,False,True,0.0223690877270114,False,True,0.027774882751433,False,True,0.0196529425887127,False,True,10.095488997572788,False,True,0.4,False,True,0.0024999407233383,False,True,29.999994146822775,False,True,0.1999982840410935,False,True,0.05,False,True,0.0,False,True,0.08,False,True,0.4,False,True,0.0079992863738545,False,True,29.999992363616357,False,True,0.0059995235504208,False,True,73.93729852403614,False,True,4.214857756156947,False,True,1.0,False,0
scene_172,mixed,True,China Package,True,,ACCEPT,,1.2390712762645366,True,0.4,False,True,0.0295245072603399,False,True,0.0842663618320501,False,True,0.1615694164989939,False,True,0.0194813715007789,False,True,11.65925985105402,False,True,0.4,False,True,0.0024998339346671,False,True,29.999885320686523,False,True,0.1999977601709069,False,True,0.05,False,True,0.0,False,True,0.08,False,True,0.4,False,True,0.0079989005220598,False,True,29.99995719195625,False,True,0.0059992602785145,False,True,53.22091625628908,False,True,4.208939658240061,False,True,1.0,False,0
scene_173,mixed,True,Amazon_A2_Package,False,single_object,ACCEPT,,1.198466934792057,True,0.4,False,True,0.0298245654452297,False,True,0.016004721357014,False,True,0.1296660117878192,False,True,0.018717914012608,False,True,11.85536901108115,False,True,0.4,False,True,0.0024071993511268,False,True,29.470575031998443,False,True,0.1948528024740073,False,True,0.05,False,True,0.0,False,True,0.08,False,True,0.4,False,True,0.0075578443863987,False,True,29.977071938652163,False,True,0.0056500738172911,False,True,5.997995942805821,False,True,3.4866183456208475,False,True,1.0,False,0
scene_175,mixed,True,Gros Carton,True,,ACCEPT,,0.980138068449696,True,0.4,False,True,0.0298829877329645,False,True,0.1005861137027772,False,True,0.1989558144647174,False,True,0.019848916544924,False,True,11.952349602181394,False,True,0.4,False,True,0.0024998969361534,False,True,29.999992316037183,False,True,0.1999972681219719,False,True,0.05,False,True,0.0,False,True,0.08,False,True,0.4,False,True,0.0079990390053951,False,True,29.999946239371045,False,True,0.0059995149617934,False,True,1.0830942886274926,False,True,0.5421033985214532,False,True,1.0,False,0
scene_176,mixed,True,Carton Magdeleine,True,,ACCEPT,,1.2632354983775935,True,0.4,False,True,0.029995085834385,False,True,0.1315321133327405,False,True,0.191811668372569,False,True,0.0199906706307259,False,True,11.846247631417798,False,True,0.4,False,True,0.0024998834635418,False,True,29.999977027300684,False,True,0.1999991644448442,False,True,0.05,False,True,0.0,False,True,0.08,False,True,0.4,False,True,0.0079992538534613,False,True,29.999946219036698,False,True,0.0059997278640421,False,True,339.6763818910587,False,True,4.294240137062389,False,True,1.0,False,0
scene_177,mixed,True,Colis VistaPrint,True,,REJECT,bbox_extent,1.1983862093662314,True,0.4,False,True,0.0299854489069937,False,False,-0.0025626609352507,False,True,0.0883283650538866,False,True,0.0199818105468979,False,True,11.981178664025457,False,True,0.4,False,True,0.0024999648113509,False,True,29.99995608249443,False,True,0.1999979261910188,False,True,0.05,False,True,0.0,False,True,0.08,False,True,0.4,False,True,0.0079989964496233,False,True,29.99992316511517,False,True,0.0059990560462468,False,True,21.060135214669113,False,True,4.0402015147335355,False,True,1.0,False,0
scene_179,mixed,True,Storage_Box_with_Lid,True,,ACCEPT,,1.1698826930250477,True,0.4,False,True,0.0296588141016012,False,True,0.1314803330279375,False,True,0.1961922893860066,False,True,0.0196083952831698,False,True,11.960980020811364,False,True,0.4,False,True,0.002499883178177,False,True,29.999974933345328,False,True,0.1999976818671699,False,True,0.05,False,True,0.0,False,True,0.08,False,True,0.4,False,True,0.007999027928869,False,True,29.999974515178437,False,True,0.0059992884798079,False,True,37.59493627441542,False,True,4.272331291031943,False,True,0.2508438479917932,False,0
scene_180,mixed,True,Colis VistaPrint,True,,ACCEPT,,1.2530120808314664,True,0.4,False,True,0.0299615277819804,False,True,0.1325304076126095,False,True,0.1376959247648902,False,True,0.0199493334597033,False,True,11.523605602043666,False,True,0.4,False,True,0.0024998531927622,False,True,29.99995909007465,False,True,0.1999976006786912,False,True,0.05,False,True,0.0,False,True,0.08,False,True,0.4,False,True,0.0079990162118883,False,True,29.999941374900384,False,True,0.0059994798776378,False,True,23.73546839568895,False,True,4.189894845107748,False,True,1.0,False,0
scene_184,mixed,True,Big Package cardboard,True,,ACCEPT,,1.0416184889632942,True,0.4,False,True,0.0299285570451651,False,True,0.056808672519497,False,True,0.1974786384647709,False,True,0.019904880642325,False,True,11.896250587504664,False,True,0.36,False,True,0.0024998753279595,False,True,29.999986884080375,False,True,0.199997413714534,False,True,0.05,False,True,0.0,False,True,0.08,False,True,0.4,False,True,0.0079993910546983,False,True,29.999974601130862,False,True,0.0059995154444154,False,True,0.4729710474731217,False,True,2.804773085501304,False,True,1.0,False,0
scene_186,mixed,True,Envelope_Stack,False,single_object,REJECT,surface_warp,1.0988941581908256,True,0.4,False,True,0.0294380649385129,False,True,0.1058974784237563,False,True,0.1137738696764879,False,True,0.015369946065735,False,True,9.278329524652127,False,True,0.25,False,True,0.0018570096219818,False,True,24.398400517706747,False,True,0.1359219184931787,False,True,0.0,False,True,0.0177074417675062,False,True,0.0383333333333333,False,True,0.4,False,False,-0.0008936012804894,False,True,28.693196240569208,False,True,0.0015770653446144,False,True,28.585872840497107,False,True,3.9960569852851817,False,True,1.0,False,0
scene_187,mixed,True,Asset_Deformed_Package,False,surface_contact,REJECT,suction_area,0.6922009117126597,True,0.4,False,True,0.0084643314699055,False,True,0.0714639611167849,False,True,0.0917676887726803,False,True,0.0104217771178645,False,True,9.49948876926777,False,True,0.13,False,True,0.0022747302494314,False,True,16.331253001504912,False,True,0.1747251139918778,False,False,-0.2166666666666666,False,False,-0.0111320377358867,False,False,-0.1533333333333332,False,True,0.4,False,True,0.0054590424103516,False,True,29.65693606516299,False,True,0.003877374251256,False,True,24.03298866423953,False,True,3.0510864724080964,False,False,-0.0434774641605808,False,6
scene_188,mixed,True,Asset_Package_in_paper_with_rope,False,surface_contact,REJECT,bbox_extent,0.5941218161499999,True,0.4,False,True,0.028224037420735,False,False,-0.018136001683579,False,True,0.0423512051155926,False,True,0.0156003850971907,False,True,10.585464446419437,False,True,0.4,False,True,0.0024082008910772,False,True,29.57269660713551,False,True,0.1349040765059609,False,True,0.05,False,True,0.0,False,True,0.08,False,True,0.4,False,False,-0.0133255199785762,False,True,27.891792306916017,False,False,-0.0084567266187588,False,True,22.477158439019604,False,True,4.064996398211416,False,False,-0.1700550934079045,False,25
scene_189,mixed,True,Ikea Cardboard Package,True,,ACCEPT,,1.2391780354241433,True,0.4,False,True,0.0297872523824293,False,True,0.1011430362403333,False,True,0.1189108318372231,False,True,0.019745259519041,False,True,11.9125536219984,False,True,0.4,False,True,0.0024999401583936,False,True,29.999994272712268,False,True,0.1999984674587622,False,True,0.05,False,True,0.0,False,True,0.08,False,True,0.4,False,True,0.0079990448926388,False,True,29.99996795219852,False,True,0.0059992841090239,False,True,13.54864763376184,False,True,3.5657427764885012,False,True,1.0,False,0
scene_190,mixed,True,China Package,True,,ACCEPT,,1.0309654295914454,True,0.4,False,True,0.0299075988975824,False,True,0.095454459613851,False,True,0.1910973084886128,False,True,0.0198646684527274,False,True,11.699238561106233,False,True,0.4,False,True,0.0024998867542663,False,True,29.99997058505067,False,True,0.1999969581560987,False,True,0.05,False,True,0.0,False,True,0.08,False,True,0.4,False,True,0.007999467000814,False,True,29.999952257331916,False,True,0.0059994832237919,False,True,138.62212196756877,False,True,4.304390545948839,False,True,-0.0174295268122902,False,0
scene_191,mixed,True,Gros Carton,True,,ACCEPT,,1.1441824490365222,True,0.4,False,True,0.029674487266784,False,True,0.0823368314530486,False,True,0.1713880259272043,False,True,0.0196766943348954,False,True,11.904625793210698,False,True,0.4,False,True,0.0024998818846819,False,True,29.99998060599086,False,True,0.1999985071087589,False,True,0.05,False,True,0.0,False,True,0.08,False,True,0.4,False,True,0.00799926527339,False,True,29.999941724085108,False,True,0.0059995217160077,False,True,3.227976952867266,False,True,1.7395355644118289,False,True,1.0,False,0
scene_192,mixed,True,Colis VistaPrint,True,,REJECT,bbox_extent,1.1644350977533977,True,0.4,False,True,0.0298522877096943,False,False,-0.0596430570624707,False,True,0.0144512075397603,False,True,0.0197297809319422,False,True,11.88390412766852,False,True,0.4,False,True,0.0024997630541454,False,True,29.99997224250701,False,True,0.1999984488980996,False,True,0.05,False,True,0.0,False,True,0.08,False,True,0.4,False,True,0.0079989975404837,False,True,29.999943264187653,False,True,0.0059994773472778,False,True,19.633924092938003,False,True,4.155754715443281,False,True,1.0,False,0
scene_193,mixed,True,Black Package,True,,ACCEPT,,1.267566569795188,True,0.4,False,True,0.0296301083084779,False,True,0.1462461462787805,False,True,0.1938514510575504,False,True,0.0195296105567404,False,True,11.935800647825197,False,True,0.4,False,True,0.0024998662682811,False,True,29.99998639308714,False,True,0.199998604503139,False,True,0.05,False,True,0.0,False,True,0.08,False,True,0.4,False,True,0.0079992761575707,False,True,29.99995853260863,False,True,0.0059995140839451,False,True,78.45471707566503,False,True,4.274120141007322,False,True,1.0,False,0
scene_194,mixed,True,Cardboard Box SQ01.001,True,,ACCEPT,,1.01913075840578,True,0.4,False,True,0.0299964382407811,False,True,0.1093185978835141,False,True,0.1609791676163559,False,True,0.0190360669963848,False,True,11.780419906467916,False,True,0.4,False,True,0.0022531768193081,False,True,29.092455067219817,False,True,0.184721915188779,False,True,0.05,False,True,0.0,False,True,0.08,False,True,0.4,False,True,0.0070331368278231,False,True,29.914958325015952,False,True,0.0052083216144128,False,True,0.1899616993079695,False,True,2.5448094899020424,False,True,1.0,False,0
scene_196,mixed,True,Colis VistaPrint,True,,ACCEPT,,1.0592371815571413,True,0.4,False,True,0.0299856067387714,False,True,0.1235674249901825,False,True,0.1939189189189188,False,True,0.0199819952314687,False,True,11.741346258117195,False,True,0.4,False,True,0.0024997660725178,False,True,29.99997499157225,False,True,0.1999960919939088,False,True,0.05,False,True,0.0,False,True,0.08,False,True,0.4,False,True,0.0079990266006345,False,True,29.99995923286715,False,True,0.0059994808087869,False,True,30.35800090271254,False,True,4.084035447551369,False,True,0.0198765930734435,False,0
scene_197,mixed,True,Cardboard Box SQ01.001,True,,REJECT,suction_area,1.1955019827951294,True,0.4,False,True,0.0299894365432419,False,True,0.1192097511529455,False,True,0.1999999999999999,False,True,0.0190122043474509,False,True,11.954528732810784,False,True,0.4,False,True,0.002483717436833,False,True,28.701844221685786,False,True,0.1925232729827772,False,False,-0.0999999999999999,False,False,-0.0027970589825291,False,True,0.08,False,True,0.4,False,True,0.0074028809389877,False,True,29.919545362076462,False,True,0.0055089744826932,False,True,5.002221322222506,False,True,2.2777745604911326,False,True,1.0,False,0
scene_198,mixed,True,China Package,True,,ACCEPT,,1.240030348830012,True,0.4,False,True,0.0291830063799004,False,True,0.089553333905638,False,True,0.1672191528545119,False,True,0.0188644100887991,False,True,11.58684934977324,False,True,0.4,False,True,0.0024999368604167,False,True,29.9999942094254,False,True,0.199997682061281,False,True,0.05,False,True,0.0,False,True,0.08,False,True,0.4,False,True,0.0079990422776881,False,True,29.999982754617687,False,True,0.0059994819667123,False,True,29.57220692571289,False,True,4.003656540998241,False,True,1.0,False,0
scene_200,dense,True,Amazon_A2_Package,False,single_object,ACCEPT,,0.9679002058660616,True,0.4,False,True,0.0298166937192993,False,True,0.0088154506593394,False,True,0.0555214723926379,False,True,0.0182941134370347,False,True,11.456480926529371,False,True,0.4,False,True,0.0023992630042727,False,True,29.37687771742247,False,True,0.1942042963568173,False,True,0.05,False,True,0.0,False,True,0.08,False,True,0.4,False,True,0.0074625560793712,False,True,29.890120647868976,False,True,0.0055891933562164,False,True,118.8340758245598,False,True,4.253277075143082,False,True,-0.0016832854321079,False,0
scene_201,dense,True,Amazon_Book_Package,False,single_object,REJECT,bbox_extent,1.174723689626905,True,0.4,False,True,0.028790303743935,False,False,-0.0206269117263118,False,True,0.0504824687111874,False,True,0.0172236827785703,False,True,10.696993897629936,False,True,0.4,False,True,0.0024999001701309,False,True,29.999979580704245,False,True,0.1999986159318788,False,True,0.05,False,True,0.0,False,True,0.08,False,True,0.4,False,True,0.007999373512609,False,True,29.99997434413745,False,True,0.0059996266873895,False,True,173.66865379696617,False,True,4.289489326972161,False,True,1.0,False,0
scene_202,dense,True,Carton Magdeleine,True,,ACCEPT,,0.9948266236684336,True,0.4,False,True,0.0293601137392524,False,True,0.0303036177618156,False,True,0.1215612685306811,False,True,0.019089152905786,False,True,11.408890511616056,False,True,0.4,False,True,0.0024998982523672,False,True,29.99997999544397,False,True,0.1999979163854137,False,True,0.05,False,True,0.0,False,True,0.08,False,True,0.4,False,True,0.0079993883260388,False,True,29.999983688677393,False,True,0.0059996345995316,False,True,368.46712801178734,False,True,4.309359249084303,False,True,-0.0129640962180512,False,0
scene_203,dense,True,Small Packet,True,,REJECT,suction_area,1.0398942438702916,True,0.4,False,True,0.028993619728463,False,True,-0.1642208646075258,True,True,-0.1391667957255692,True,True,0.0145761789670146,True,True,7.180789100873503,True,True,-0.0399999999999999,True,True,0.0024997757331282,False,True,29.99945609793853,False,True,0.1846424829955087,False,False,-0.1499999999999999,False,True,0.0100499687890015,False,True,0.08,False,True,0.4,False,True,0.0061846919189279,False,True,29.99943510500423,False,True,0.0046138412983706,False,True,333.0895147753894,False,True,4.300674969461006,False,True,1.0,False,0
scene_204,dense,True,Amazon_Book_Package,False,single_object,ACCEPT,,1.200749567847846,True,0.4,False,True,0.029793758526404,False,True,0.045861371312475,False,True,0.0310817194142654,False,True,0.0196156093678146,False,True,10.745537007860907,False,True,0.4,False,True,0.0024999410542614,False,True,29.999994533181273,False,True,0.1999993370388741,False,True,0.05,False,True,0.0,False,True,0.08,False,True,0.4,False,True,0.007999396424827,False,True,29.999961837177526,False,True,0.0059996392364212,False,True,146.2369438339359,False,True,4.305886447324451,False,True,1.0,False,0
scene_205,dense,True,Vintage_Envelope,False,single_object,ACCEPT,,1.2188761093343887,True,0.4,False,True,0.0295569667720072,False,True,0.1056316228190392,False,True,0.0905172413793102,False,True,0.018043651080514,False,True,7.490437669154502,False,True,0.39,False,True,0.0024999953967663,False,True,29.99999181089087,False,True,0.1999984343171758,False,True,0.05,False,True,0.0,False,True,0.08,False,True,0.4,False,True,0.0079995113433564,False,True,29.999967963573074,False,True,0.005999751724418,False,True,358.7927953813163,False,True,4.3089018372881025,False,True,1.0,False,0
scene_206,dense,True,Small Packet,True,,ACCEPT,,1.0501732416265743,True,0.4,False,True,0.0291443408587599,False,True,0.0563169644364288,False,True,0.0281111701186049,False,True,0.0161045145752705,False,True,8.783176826560254,False,True,0.4,False,True,0.0024998879590862,False,True,29.999957965193467,False,True,0.1999986820766849,False,True,0.05,False,True,0.0,False,True,0.08,False,True,0.4,False,True,0.0079992795604842,False,True,29.99995250992015,False,True,0.0059995325014362,False,True,192.45865556614976,False,True,4.305470409356151,False,True,0.149289330528047,False,0
scene_207,dense,True,Storage_Box_with_Lid,True,,ACCEPT,,1.265432845590727,True,0.4,False,True,0.0299809195906854,False,True,0.1388885701829658,False,True,0.1911572145225746,False,True,0.0199657009076982,False,True,11.777430503374909,False,True,0.4,False,True,0.0024999063336019,False,True,29.99997867274115,False,True,0.1999994957923138,False,True,0.05,False,True,0.0,False,True,0.08,False,True,0.4,False,True,0.0079993909949491,False,True,29.999965540951028,False,True,0.005999635514932,False,True,202.0037628429187,False,True,4.281243586246551,False,True,1.0,False,0
scene_208,dense,True,Colis VistaPrint,True,,ACCEPT,,1.2639628873297395,True,0.4,False,True,0.0299565792147051,False,True,0.1356847088438451,False,True,0.1912894285337204,False,True,0.0199471675184173,False,True,11.677329646293218,False,True,0.4,False,True,0.0024999045986063,False,True,29.99997301480944,False,True,0.199998692703337,False,True,0.05,False,True,0.0,False,True,0.08,False,True,0.4,False,True,0.0079992941807984,False,True,29.999966878423862,False,True,0.0059996076176001,False,True,44.01755045135006,False,True,4.2226704684810175,False,True,1.0,False,0
scene_209,dense,True,Asset_Package_in_paper_with_rope,False,surface_contact,REJECT,surface_warp,0.681758885002631,True,0.4,False,True,0.0240822346769815,False,True,0.0962309872809679,False,True,0.1854890310786106,False,True,0.0159032279775481,False,True,10.192663662468746,False,True,0.4,False,True,0.0024085348557373,False,True,28.50017223853317,False,True,0.1077853415145936,False,True,0.05,False,True,0.0,False,True,0.0633333333333332,False,True,0.4,False,False,-0.0107372478292135,False,True,24.84357557716544,False,False,-0.0040731470863438,False,True,67.46790274105344,False,True,4.18690308555342,False,False,-0.1813534518189819,False,69
scene_210,dense,True,Amazon_A2_Package,False,single_object,ACCEPT,,1.1977089640518452,True,0.4,False,True,0.0298756494201069,False,True,0.0806786674928174,False,True,0.1355509355509355,False,True,0.0185018578788319,False,True,11.760327045759126,False,True,0.01,False,True,0.0024034472119079,False,True,29.35713676732988,False,True,0.1949546308100222,False,True,0.05,False,True,0.0,False,True,0.08,False,True,0.4,False,True,0.0075002521716582,False,True,29.94622150112459,False,True,0.0056052524215757,False,True,134.71276539372712,False,True,4.252335043124735,False,True,1.0,False,0
scene_211,dense,True,Amazon_Book_Package,False,single_object,ACCEPT,,1.2472995305618386,True,0.4,False,True,0.0299721869560491,False,True,0.1147807589645432,False,True,0.1485819691030666,False,True,0.0199504131859809,False,True,11.038160219547176,False,True,0.4,False,True,0.0024998966675133,False,True,29.999981908860786,False,True,0.1999990867917691,False,True,0.05,False,True,0.0,False,True,0.08,False,True,0.4,False,True,0.0079992563550388,False,True,29.999947543268952,False,True,0.0059996252859776,False,True,295.94074062901217,False,True,4.285693259405839,False,True,1.0,False,0
scene_212,dense,True,Storage_Box_with_Lid,True,,ACCEPT,,1.2495468284938973,True,0.4,False,True,0.029966024130243,False,True,0.0874998444740886,False,True,0.1999999999999999,False,True,0.0199679238656368,False,True,11.987767952022423,False,True,0.4,False,True,0.0024999405472921,False,True,29.999988231542435,False,True,0.1999988749544558,False,True,0.05,False,True,0.0,False,True,0.08,False,True,0.4,False,True,0.0079993964415359,False,True,29.999974515178437,False,True,0.0059996394064675,False,True,12.669616912552453,False,True,3.5120463052416424,False,True,1.0,False,0
scene_213,dense,True,Vintage_Envelope,False,single_object,ACCEPT,,0.941595167371261,True,0.4,False,True,0.0298999022009207,False,True,-0.045745034124088,True,True,0.0661060802069857,True,True,0.0190727845125109,True,True,9.09182868623888,True,True,-0.0399999999999999,True,True,0.0024999102236544,False,True,29.999955817729372,False,True,0.1999458950648973,False,True,0.05,False,True,0.0,False,True,0.08,False,True,0.4,False,True,0.0079123902212498,False,True,29.999924191823016,False,True,0.0059996182047604,False,True,446.3995760579325,False,True,4.301756118293912,False,True,0.0198475136049818,False,0
scene_214,dense,True,Куб,True,,ACCEPT,,1.0102089707322492,True,0.4,False,True,0.0296439533825294,False,True,0.1251743014405389,True,True,0.1593204488778054,True,True,0.0195512148566467,True,True,10.668179115246526,True,True,-0.12,True,True,0.0024998998921291,False,True,29.99999433670632,False,True,0.199998980932057,False,True,0.05,False,True,0.0,False,True,0.08,False,True,0.4,False,True,0.0079994009737095,False,True,29.999949302808737,False,True,0.0059996398950732,False,True,395.3067537535477,False,True,4.307295591672549,False,True,0.0014345629916487,False,0
scene_215,dense,True,POP_Drinks_Pack,True,,ACCEPT,,1.2325152847831975,True,0.4,False,True,0.0299586493892569,False,True,0.1214239121132692,False,True,0.1855385638297871,False,True,0.0195088937856182,False,True,11.59096782192998,False,True,0.4,False,True,0.0022488140895945,False,True,29.95220128782611,False,True,0.1933898624653851,False,True,0.05,False,True,0.0,False,True,0.08,False,True,0.4,False,True,0.0070247404464907,False,True,29.01668018077591,False,True,0.0050920360780859,False,True,158.82940488120144,False,True,4.225983558392224,False,True,1.0,False,0
scene_216,dense,False,,False,single_object,REJECT,surface_warp,0.8316975005502864,True,0.4,False,True,0.029812044456559,False,True,0.0872047392155389,False,True,0.1417230226403998,False,True,0.0142554945067645,False,True,10.874645050590628,False,True,0.4,False,True,0.0018992769552746,False,True,27.88005246842723,False,True,0.1395211451499484,False,True,0.05,False,True,0.0,False,True,0.08,False,True,0.4,False,False,-0.0061629866979987,False,True,25.98832587179229,False,False,-0.0002195387880188,False,True,10.231745318097962,False,True,3.89053821084782,False,True,0.0080087384526747,False,0
scene_217,dense,True,Carton Magdeleine,True,,REJECT,corridor_clear,0.9169090620062748,True,0.4,False,True,0.0146136274519345,False,True,0.092987499098486,True,True,0.184416810955454,True,True,0.0105167046227545,True,True,2.3365843556888635,True,True,-0.31,True,True,0.0024999030415864,False,True,29.999989336370575,False,True,0.1999997721294805,False,True,0.05,False,True,0.0,False,True,0.08,False,True,0.4,False,True,0.0079993958832322,False,True,29.999952941657103,False,True,0.005999637552702,False,True,119.55266780068352,False,True,4.278609195699543,False,False,-0.0171997818748154,False,22
scene_218,dense,True,Amazon_Book_Package,False,single_object,ACCEPT,,1.1199834741694197,True,0.4,False,True,0.0274210612664051,False,True,0.1018235512179248,False,True,0.1992898567877855,False,True,0.0142605734179296,False,True,8.165785152041302,False,True,0.37,False,True,0.0024998958219463,False,True,29.999993116656807,False,True,0.199999547230571,False,True,0.05,False,True,0.0,False,True,0.08,False,True,0.4,False,True,0.0079993962912855,False,True,29.99995235667651,False,True,0.0059996362486433,False,True,7.010628358443293,False,True,3.977713044464281,False,True,0.2211679726044234,False,0
scene_219,dense,True,Куб,True,,ACCEPT,,1.2325723110821898,True,0.4,False,True,0.0299447407872192,False,True,0.1388398487845521,True,True,0.1656056720470659,True,True,0.0199294370782186,True,True,10.521256173358744,True,True,-0.02,True,True,0.0024999083076359,False,True,29.99998489520227,False,True,0.1999992360670791,False,True,0.05,False,True,0.0,False,True,0.08,False,True,0.4,False,True,0.0079995005093727,False,True,29.99994814423175,False,True,0.0059996461514657,False,True,169.73585127184575,False,True,4.306378287892948,False,True,1.0,False,0
scene_220,dense,True,Carton Magdeleine,True,,ACCEPT,,1.22185539593821,True,0.4,False,True,0.0299654796582748,False,True,0.1061673075714484,True,True,0.1710117468738158,True,True,0.0199510070775725,True,True,11.02822349765308,True,True,-0.0499999999999999,True,True,0.0024998779101654,False,True,29.99999355415033,False,True,0.1999985023241764,False,True,0.05,False,True,0.0,False,True,0.08,False,True,0.4,False,True,0.0079992785785257,False,True,29.999974372565003,False,True,0.0059995179350406,False,True,473.0617635275027,False,True,4.302972747749914,False,True,1.0,False,0
scene_221,dense,True,Amazon_A2_Package,False,single_object,ACCEPT,,1.1990668754420044,True,0.4,False,True,0.0299415974719538,False,True,0.0712534285424824,False,True,0.0894266567386448,False,True,0.0183958881287941,False,True,9.621715638401929,False,True,0.4,False,True,0.0023919955152082,False,True,28.89373698967434,False,True,0.1921873482317573,False,True,0.05,False,True,0.0,False,True,0.08,False,True,0.4,False,True,0.0073117245779812,False,True,29.923678693399836,False,True,0.0055418928749189,False,True,89.50360779585934,False,True,4.20261099784661,False,True,0.522280764189153,False,0
scene_222,dense,True,China Package,True,,ACCEPT,,1.1136339030650888,True,0.4,False,True,0.029843282660596,False,True,0.070200077856806,False,True,0.1938427374583627,False,True,0.0197681502871629,False,True,11.80275810475058,False,True,0.4,False,True,0.0024999404800273,False,True,29.999993668245175,False,True,0.1999996031565102,False,True,0.05,False,True,0.0,False,True,0.08,False,True,0.4,False,True,0.0079992849784577,False,True,29.99999125142348,False,True,0.0059996377177909,False,True,43.22205682955039,False,True,4.166823260321171,False,True,0.1771369034158105,False,0
scene_223,dense,True,Amazon_A2_Package,False,single_object,ACCEPT,,0.9949256737158312,True,0.4,False,True,0.0298880097855251,False,True,0.0335596971689936,False,True,0.0928129829984543,False,True,0.0184673288078157,False,True,11.891899365557098,False,True,0.4,False,True,0.0023986494740069,False,True,29.532299379335996,False,True,0.1944584429038114,False,True,0.05,False,True,0.0,False,True,0.08,False,True,0.4,False,True,0.0074681456372323,False,True,29.90915799082314,False,True,0.0055984083791845,False,True,167.32817384999598,False,True,4.2629060324555335,False,True,0.0187444162817609,False,0
scene_224,dense,True,Colis VistaPrint,True,,ACCEPT,,1.2199961913173878,True,0.4,False,True,0.0299232857440398,False,True,0.1152702578800857,True,True,0.1813299232736572,True,True,0.0199051822317762,True,True,11.332498674339115,True,True,-0.18,True,True,0.0024999404113451,False,True,29.99999618180818,False,True,0.1999991825189235,False,True,0.05,False,True,0.0,False,True,0.08,False,True,0.4,False,True,0.0079994020882699,False,True,29.99989923300597,False,True,0.0059996405149271,False,True,156.93234150984935,False,True,4.271136109508463,False,True,1.0,False,0
scene_225,dense,True,Colis VistaPrint,True,,ACCEPT,,1.1039523711328114,True,0.4,False,True,0.0299525802253388,False,True,0.048044388124628,False,True,0.1422474776759827,False,True,0.0199304967925081,False,True,11.681227871735892,False,True,0.4,False,True,0.0024999082771175,False,True,29.999973450522273,False,True,0.1999987170578066,False,True,0.05,False,True,0.0,False,True,0.08,False,True,0.4,False,True,0.0079993981206876,False,True,29.999955603770395,False,True,0.0059996219604776,False,True,117.97569724213636,False,True,4.302082736458755,False,True,0.1921497209375381,False,0
scene_226,dense,True,China Package,True,,ACCEPT,,1.2577773357202535,True,0.4,False,True,0.0292421047022115,False,True,0.1343746706308583,False,True,0.185188035010099,False,True,0.0189094999130496,False,True,11.13638366650645,False,True,0.4,False,True,0.0024998832649668,False,True,29.99995711539933,False,True,0.1999988934642007,False,True,0.05,False,True,0.0,False,True,0.08,False,True,0.4,False,True,0.0079992726191457,False,True,29.99992106863795,False,True,0.0059997217087467,False,True,222.21506848237604,False,True,4.2839260428130315,False,True,1.0,False,0
scene_227,dense,True,Carton Magdeleine,True,,REJECT,bbox_extent,0.977305627680179,True,0.4,False,True,0.0299213007182734,False,False,-0.0038218806852403,False,True,0.1053829736779701,False,True,0.0197301215710813,False,True,11.914937118734745,False,True,0.4,False,True,0.0024998819453805,False,True,29.99998047488549,False,True,0.1999978435863419,False,True,0.05,False,True,0.0,False,True,0.08,False,True,0.4,False,True,0.0079992638466925,False,True,29.99990663369365,False,True,0.0059995232399364,False,True,38.30425941899619,False,True,4.0836491617195145,False,True,-0.0264199849375102,False,0
scene_228,dense,True,Amazon_Book_Package,False,single_object,ACCEPT,,1.215384228164268,True,0.4,False,True,0.03,False,True,0.0602590069044351,False,True,0.0843154673773566,False,True,0.0199996423706103,False,True,10.475071976444047,False,True,0.4,False,True,0.0024999410730448,False,True,29.999986554759175,False,True,0.1999981107582221,False,True,0.05,False,True,0.0,False,True,0.08,False,True,0.4,False,True,0.0079992748178697,False,True,29.99995146989576,False,True,0.0059996301165066,False,True,69.6447641681401,False,True,4.2949027179000705,False,True,1.0,False,0
scene_229,dense,True,Amazon_Book_Package,False,single_object,ACCEPT,,1.2304436524571185,True,0.4,False,True,0.0297214218677245,False,True,0.0976508442686028,False,True,0.1009611366485582,False,True,0.0193528596030215,False,True,10.69485658869796,False,True,0.4,False,True,0.0024999407161865,False,True,29.999994600261346,False,True,0.1999990631995687,False,True,0.05,False,True,0.0,False,True,0.08,False,True,0.4,False,True,0.0079993978800335,False,True,29.99990909014366,False,True,0.0059995243754357,False,True,168.40676681979005,False,True,4.301272093727883,False,True,1.0,False,0
scene_231,dense,True,Amazon_A2_Package,False,single_object,ACCEPT,,1.2242083717932426,True,0.4,False,True,0.0297316156471147,False,True,0.1005938477193968,False,True,0.1490493662441627,False,True,0.0169653310127667,False,True,11.096645985316432,False,True,0.4,False,True,0.0023977052448508,False,True,29.39804839542281,False,True,0.1943142216363097,False,True,0.05,False,True,0.0,False,True,0.08,False,True,0.4,False,True,0.0074424132329231,False,True,29.914558745123788,False,True,0.0055869326949433,False,True,111.39562643934696,False,True,4.27681425109276,False,True,1.0,False,0
scene_232,dense,True,Amazon_A2_Package,False,single_object;free_extraction,REJECT,normal_scatter,0.704276022345496,True,0.4,False,True,0.03,False,True,0.1000125143271317,False,True,0.0891661300708306,False,True,0.012073178292759,False,True,9.407527057231896,False,True,0.4,False,True,0.0024982297727983,False,True,29.995476992143473,False,False,-0.0030825420265776,False,False,-0.1499999999999999,False,True,0.0100499687890015,False,True,0.08,False,True,0.4,False,False,-0.0076591548574739,False,True,29.995479380928636,False,False,-0.0094678147539324,False,True,85.34940598325424,False,True,4.264259794014782,False,False,-0.0852540978297654,False,41
scene_233,dense,False,,False,single_object,REJECT,,0.6216835119729863,True,0.4,False,True,0.0299054831403895,False,False,-0.4499996397503722,False,False,-0.0825896762904637,False,True,0.0196209980668641,False,True,11.563506012776518,False,True,0.37,False,True,0.0024998792662816,False,True,29.99993102375446,False,True,0.180789183069411,False,True,0.05,False,True,0.0,False,False,-0.2033333333333333,False,True,0.4,False,False,-0.0068497886899083,False,True,29.99993102375446,False,True,0.0059994936928712,False,True,3341.566113389988,False,True,4.319769689526575,False,True,0.1066196987816259,False,0
scene_234,dense,True,Amazon_A2_Package,False,single_object,ACCEPT,,1.0488449532321051,True,0.4,False,True,0.0299163841534546,False,True,0.0978415397601267,False,True,0.0915174765558396,False,True,0.018131532890555,False,True,11.63794429615525,False,True,0.4,False,True,0.0024028886989416,False,True,29.53003128616103,False,True,0.1938647161235603,False,True,0.05,False,True,0.0,False,True,0.08,False,True,0.4,False,True,0.0074601266622281,False,True,29.95804389695617,False,True,0.0056079655860248,False,True,140.7179873999273,False,True,4.273519362305825,False,True,0.0887412407863096,False,0
scene_235,dense,True,Amazon_Book_Package,False,single_object,ACCEPT,,1.1018103105788473,True,0.4,False,True,0.029986843299679,False,True,0.0890840124518323,False,True,0.1987847059923342,False,True,0.0199659392919094,False,True,10.80451055594968,False,True,0.4,False,True,0.0024999028746449,False,True,29.999994600261346,False,True,0.1999994957923138,False,True,0.05,False,True,0.0,False,True,0.08,False,True,0.4,False,True,0.0079993958920987,False,True,29.99995358108767,False,True,0.005999636747753,False,True,123.45577962780897,False,True,4.272245997432236,False,True,0.1408076629989356,False,0
scene_236,dense,True,Amazon_Book_Package,False,single_object,REJECT,bbox_extent,1.1786720835777278,True,0.4,False,True,0.03,False,False,-0.0253293634916018,False,True,0.0418775510204081,False,True,0.0199997615799962,False,True,10.736479433016966,False,True,0.4,False,True,0.0024999113181977,False,True,29.999993116656807,False,True,0.1999991704438625,False,True,0.05,False,True,0.0,False,True,0.08,False,True,0.4,False,True,0.0079992818428429,False,True,29.99998147094806,False,True,0.005999640118905,False,True,171.71430255684174,False,True,4.282821918694628,False,True,1.0,False,0
scene_237,dense,True,Paper_Shopping_Bag,False,footprint_containment;normal_alignment,ACCEPT,,0.9392830379109164,True,0.4,False,True,0.027813733976072,False,True,0.0381205860877369,False,True,0.1133283414451515,False,True,0.012514079509012,False,True,3.2983748317995634,False,True,0.4,False,True,0.001753203069363,False,True,17.132961742047602,False,True,0.1626138025992723,False,True,0.05,False,True,0.0,False,True,0.08,False,True,0.4,False,True,0.0012242334911779,False,True,27.45871053682208,False,True,0.0019688708749854,False,True,134.0419037260169,False,True,4.21095906125349,False,True,0.2502203369235372,False,0
scene_239,dense,True,Paper_Shopping_Bag,False,surface_contact,REJECT,corridor_clear,0.8075543339071269,True,0.4,False,True,0.0180021452903866,False,True,0.06523646578698,True,True,0.0721728932819567,True,True,0.0093974304183036,True,True,4.01282719932607,True,True,-0.2599999999999999,True,True,0.0019305702807636,False,True,22.461605644684617,False,True,0.1529072929501446,False,True,0.0,False,True,0.0177074417675062,False,True,0.08,False,True,0.4,False,True,0.0034608751586766,False,True,29.81675574378601,False,True,0.0031981085035628,False,True,96.56656829198192,False,True,4.196392343109894,False,False,-0.1007061397655245,False,518
scene_240,dense,True,Amazon_Book_Package,False,single_object,ACCEPT,,1.0969893375912554,True,0.4,False,True,0.0294245980621843,False,True,0.131906662042113,True,True,0.183377659574468,True,True,0.0192421268751174,True,True,10.475388513443104,True,True,-0.24,True,True,0.0024999057938991,False,True,29.999984027357648,False,True,0.1999987979974454,False,True,0.05,False,True,0.0,False,True,0.08,False,True,0.4,False,True,0.00799938168452,False,True,29.99994404036392,False,True,0.0059996254492314,False,True,111.01713315654062,False,True,4.269682183355406,False,True,0.191043804222599,False,0
scene_241,dense,True,Black Package,True,,ACCEPT,,1.0420157077382215,True,0.4,False,True,0.029930148769683,False,True,0.0678973441773223,False,True,0.1472491501951403,False,True,0.0199044316285316,False,True,11.359803947986803,False,True,0.4,False,True,0.002499919777241,False,True,29.999972176932875,False,True,0.1999983113988083,False,True,0.05,False,True,0.0,False,True,0.08,False,True,0.4,False,True,0.0079993017812315,False,True,29.99995952896777,False,True,0.0059996078532409,False,True,308.0057546504653,False,True,4.312313866008084,False,True,0.0451865935919107,False,0
scene_242,dense,True,Small_Shipping_Bag,True,,REJECT,bbox_extent,0.8748312799087322,True,0.4,False,True,0.0299559734108258,False,False,-0.3708599220455278,False,True,0.1368162536280419,False,True,0.0170432338639366,False,True,10.061549889659789,False,True,0.06,False,True,0.0024998882187291,False,True,29.999979688080774,False,True,0.1999991077259772,False,True,0.05,False,True,0.0,False,True,0.08,False,True,0.4,False,True,0.0079993845609936,False,True,29.999967884035804,False,True,0.0059995284494874,False,True,206.90404407496447,False,True,4.302700291643169,False,True,0.0820587527944236,False,0
scene_243,dense,True,Carton Magdeleine,True,,ACCEPT,,1.2574552890095618,True,0.4,False,True,0.0299878713807808,False,True,0.1177608498315528,False,True,0.1886742171885409,False,True,0.0199762978748307,False,True,11.722918980653937,False,True,0.4,False,True,0.002499902446344,False,True,29.999972176932875,False,True,0.1999990604178892,False,True,0.05,False,True,0.0,False,True,0.08,False,True,0.4,False,True,0.0079993991261592,False,True,29.99997137629148,False,True,0.0059996391949982,False,True,125.37911750184986,False,True,4.269277494916204,False,True,1.0,False,0
scene_244,dense,True,Amazon_Book_Package,False,single_object,REJECT,bbox_extent,1.0218681589256224,True,0.4,False,True,0.0283987541058232,False,False,-0.0574727594315303,False,True,0.0026794258373205,False,True,0.0175263160705211,False,True,10.313522669231189,False,True,0.4,False,True,0.0024998838149214,False,True,29.99998943940323,False,True,0.19999795672668,False,True,0.05,False,True,0.0,False,True,0.08,False,True,0.4,False,True,0.0079992796773274,False,True,29.999958930026516,False,True,0.0059995214798108,False,True,152.07697046877857,False,True,4.261272420480292,False,True,0.1715664906829022,False,0
scene_245,dense,False,,False,single_object,ACCEPT,,1.105078011115866,True,0.4,False,True,0.028316607652578,False,True,0.1098109924624235,False,True,0.1113861034065855,False,True,0.0144446631629686,False,True,11.41794869055306,False,True,0.4,False,True,0.0018037586390637,False,True,26.755848750431635,False,True,0.1428976318449017,False,True,0.05,False,True,0.0,False,True,0.08,False,True,0.4,False,True,0.0003260975538161,False,True,29.503216949818516,False,True,0.0021237379366102,False,True,26.71616012978728,False,True,4.156378588338237,False,True,1.0,False,0
scene_246,dense,True,Amazon_Book_Package,False,single_object,ACCEPT,,1.1007933677954924,True,0.4,False,True,0.0294264197697427,False,True,0.0965320252691102,True,True,0.1463015300652957,True,True,0.018476131097122,True,True,10.228698045168878,True,True,-0.1999999999999999,True,True,0.0024999409729707,False,True,29.999993063910107,False,True,0.1999987743472827,False,True,0.05,False,True,0.0,False,True,0.08,False,True,0.4,False,True,0.0079993940622383,False,True,29.99994888041433,False,True,0.0059995786126393,False,True,64.87219432859649,False,True,4.197015898053314,False,True,0.2390154520367017,False,0
scene_247,dense,True,Amazon_Book_Package,False,single_object,ACCEPT,,1.0293288088600132,True,0.4,False,True,0.0299970995641787,False,True,0.0345761224124094,False,True,0.1299968573224387,False,True,0.019919208126979,False,True,8.676367791082916,False,True,0.4,False,True,0.0024999067048294,False,True,29.999976837701603,False,True,0.1999990506514038,False,True,0.05,False,True,0.0,False,True,0.08,False,True,0.4,False,True,0.0079993597088706,False,True,29.999983204295404,False,True,0.0059996187870077,False,True,55.40981292501067,False,True,4.19179909143079,False,True,0.0659932474458999,False,0
scene_248,dense,True,Amazon_A2_Package,False,single_object,ACCEPT,,1.241073760833144,True,0.4,False,True,0.0298255499969284,False,True,0.1288293727633916,False,True,0.1635710620831195,False,True,0.0186803781971965,False,True,11.430863713991885,False,True,0.4,False,True,0.0024003118456684,False,True,29.3874289124774,False,True,0.1939644569938659,False,True,0.05,False,True,0.0,False,True,0.08,False,True,0.4,False,True,0.0074689109988589,False,True,29.900504555611455,False,True,0.005600953456348,False,True,154.34206893042426,False,True,4.280368864288335,False,True,1.0,False,0
scene_249,dense,True,Vintage_Envelope,False,single_object,REJECT,bbox_extent,0.9407523593589248,True,0.4,False,True,0.03,False,False,-0.0067401593950336,False,False,-0.0190312081179399,False,True,0.0185872507095422,False,True,4.930852355297427,False,True,0.4,False,True,0.0024999007679859,False,True,29.999983510892054,False,True,0.1999983074331071,False,True,0.05,False,True,0.0,False,True,0.08,False,True,0.4,False,True,0.0079996218505179,False,True,29.9999095644522,False,True,0.0059996335922493,False,True,303.2731902641146,False,True,4.304117840937667,False,True,-0.0080758285765018,False,0
scene_250,dense,True,Vintage_Envelope,False,single_object,ACCEPT,,1.245343478268355,True,0.4,False,True,0.029946053038019,False,True,0.1094941501587006,False,True,0.1793945560925972,False,True,0.019896460103294,False,True,9.202165576721022,False,True,0.4,False,True,0.0024999409994267,False,True,29.99998384584452,False,True,0.1999987066485104,False,True,0.05,False,True,0.0,False,True,0.08,False,True,0.4,False,True,0.0079993851496114,False,True,29.999950769009914,False,True,0.0059996315345178,False,True,243.2977062315747,False,True,4.300468506967086,False,True,1.0,False,0
scene_251,dense,True,Amazon_Book_Package,False,single_object,ACCEPT,,0.987552534508032,True,0.4,False,True,0.0299202263434101,False,True,0.0317779715022211,False,True,0.1358201328564128,False,True,0.0198329453165569,False,True,11.12474428322315,False,True,0.4,False,True,0.0024998796718974,False,True,29.99998979035212,False,True,0.1999984911296893,False,True,0.05,False,True,0.0,False,True,0.08,False,True,0.4,False,True,0.007999168184226,False,True,29.99995250992015,False,True,0.0059995212974001,False,True,81.07309367940572,False,True,4.317495184089883,False,True,-0.0380728437003003,False,0
scene_252,dense,True,Amazon_Book_Package,False,single_object,ACCEPT,,1.0156261357550993,True,0.4,False,True,0.0295700158983498,False,True,0.094603810847078,False,True,0.125867662963327,False,True,0.0194426148696165,False,True,11.74167444629753,False,True,0.4,False,True,0.0024999107952287,False,True,29.99999116849673,False,True,0.1999990900000883,False,True,0.05,False,True,0.0,False,True,0.08,False,True,0.4,False,True,0.007999280685978,False,True,29.999963827795987,False,True,0.0059995248530592,False,True,115.89536257709436,False,True,4.234752329698266,False,True,-0.0225352995411725,False,0
scene_253,dense,True,Colis VistaPrint,True,,ACCEPT,,1.2559946436102123,True,0.4,False,True,0.0295314838170543,False,True,0.1146653657915639,False,True,0.1932577054794519,False,True,0.0195634470288211,False,True,11.840859098075295,False,True,0.4,False,True,0.0024999530000544,False,True,29.999993784434036,False,True,0.1999991585420628,False,True,0.05,False,True,0.0,False,True,0.08,False,True,0.4,False,True,0.0079994001853672,False,True,29.99996313912,False,True,0.0059996408813983,False,True,273.84138263369124,False,True,4.2880863120734105,False,True,1.0,False,0
scene_254,dense,True,Amazon_A2_Package,False,single_object,ACCEPT,,1.2227087517831308,True,0.4,False,True,0.0298228538629994,False,True,0.0924618040525019,False,True,0.1342852075203973,False,True,0.0183862287833173,False,True,11.338163967603633,False,True,0.4,False,True,0.0024002661132435,False,True,29.388567367048477,False,True,0.1949534394909,False,True,0.05,False,True,0.0,False,True,0.08,False,True,0.4,False,True,0.0074913955334474,False,True,29.90748945246211,False,True,0.0055998340149827,False,True,78.22988781085586,False,True,4.2489016985647465,False,True,1.0,False,0
scene_255,dense,True,Amazon_A2_Package,False,single_object,ACCEPT,,1.107372371681783,True,0.4,False,True,0.02984542625498,False,True,0.0782910402068034,False,True,0.1220818291215403,False,True,0.0185717174291532,False,True,11.518782796213609,False,True,0.4,False,True,0.0023970604755391,False,True,29.39384046449663,False,True,0.1947577889679757,False,True,0.05,False,True,0.0,False,True,0.08,False,True,0.4,False,True,0.007501976144882,False,True,29.945621949159385,False,True,0.0056077939608082,False,True,29.25912677933669,False,True,3.923481556574165,False,True,0.2165620367725692,False,0
scene_256,dense,True,SM_Little_Package,True,,ACCEPT,,0.9374770373942573,True,0.4,False,True,0.0271464171443527,False,True,0.094986627152755,False,True,0.1798262818716727,False,True,0.0185777931544759,False,True,11.936792471568609,False,True,0.4,False,True,0.0024998994449831,False,True,29.999977818309997,False,True,0.1677844813790467,False,True,0.05,False,True,0.0,False,True,0.08,False,True,0.4,False,True,0.0027298818119733,False,True,26.80855568167409,False,True,0.0017270770516808,False,True,686.6213443680859,False,True,4.312295663845435,False,True,-0.0207301780179803,False,0
scene_257,dense,True,Amazon_A2_Package,False,single_object,ACCEPT,,1.2019185492470668,True,0.4,False,True,0.0298282571091903,False,True,0.0654345169021885,False,True,0.0898450946643717,False,True,0.0183409085461356,False,True,10.385725974497364,False,True,0.4,False,True,0.0023989385433992,False,True,29.338175868946983,False,True,0.1935497442630554,False,True,0.05,False,True,0.0,False,True,0.08,False,True,0.4,False,True,0.0074724892592567,False,True,29.91687360711787,False,True,0.0055831701338354,False,True,55.00724800369427,False,True,4.198121419216495,False,True,1.0,False,0
scene_258,dense,True,Paper_Shopping_Bag,True,,ACCEPT,,1.03185534469143,True,0.4,False,True,0.0278114626265269,False,True,0.0819509062804779,False,True,0.05555073093067,False,True,0.0077404066521977,False,True,4.276719696641437,False,True,0.4,False,True,0.0018682898179106,False,True,17.59820166138109,False,True,0.1181122849838156,False,True,0.05,False,True,0.0,False,True,0.08,False,True,0.4,False,True,0.0013316432272413,False,True,29.039093766471883,False,True,0.001899666603281,False,True,59.92398047088338,False,True,4.233669680152179,False,True,1.0,False,0
scene_259,dense,True,Amazon_A2_Package,False,single_object,ACCEPT,,1.2402056222853155,True,0.4,False,True,0.0298768494866037,False,True,0.1233316189408237,False,True,0.1877283631666358,False,True,0.0184824185571353,False,True,10.370485065184305,False,True,0.4,False,True,0.0023970953274656,False,True,29.47304741577499,False,True,0.1940144591520455,False,True,0.05,False,True,0.0,False,True,0.08,False,True,0.4,False,True,0.0074779699374599,False,True,29.913585914297755,False,True,0.0055985921113256,False,True,157.50408432468845,False,True,4.270991394486817,False,True,1.0,False,0
scene_260,dense,True,Small Packet,True,,REJECT,bbox_extent,0.9336271262749398,True,0.4,False,True,0.029987357944818,False,False,-0.1308745507025994,False,False,-0.135647143890094,False,True,0.0131200946558162,False,True,10.813012417456855,False,True,0.4,False,True,0.0024998929544727,False,True,29.99998254455657,False,True,0.19999851360297,False,True,0.05,False,True,0.0,False,True,0.08,False,True,0.4,False,True,0.0079994003094769,False,True,29.999959628150577,False,True,0.0059996278930711,False,True,128.69532086360343,False,True,4.300727622423161,False,True,0.0973149284920026,False,0
scene_261,dense,True,POP_Drinks_Pack,False,footprint_containment,REJECT,suction_area,0.8151146783967083,True,0.4,False,True,0.029969564894491,False,True,0.0579933577538859,False,True,0.1060646500593119,False,True,0.0191246603498297,False,True,10.91547281645192,False,True,0.38,False,True,0.0022595478389465,False,True,29.854642451036373,False,True,0.0626135235456472,False,False,-0.0249999999999999,False,True,0.0100499687890015,False,True,0.08,False,True,0.4,False,False,-0.0093647141844178,False,True,29.66347553380105,False,False,-0.0061462715402052,False,True,16.89790520555758,False,True,4.147568391651314,False,True,0.082864436202024,False,0
scene_262,dense,True,Amazon_Book_Package,False,single_object;free_extraction,REJECT,corridor_clear,0.9773189422415156,True,0.4,False,True,0.0299086800137191,False,True,0.0217733555439753,False,True,0.0543323566345751,False,True,0.0196770612251713,False,True,10.968018459023234,False,True,0.4,False,True,0.0024999844030948,False,True,29.99997889606939,False,True,0.1999993361571412,False,True,0.05,False,True,0.0,False,True,0.08,False,True,0.4,False,True,0.0079992824430646,False,True,29.99996505780759,False,True,0.00599963629046,False,True,66.00606704579455,False,True,4.185120208709497,False,False,-0.0202887248629063,False,34
scene_263,dense,True,Storage_Box_with_Lid,True,,ACCEPT,,1.0925216421003372,True,0.4,False,True,0.0280033238544703,False,True,0.093940990634251,False,True,0.1966174950671803,False,True,0.0176912744578751,False,True,11.032905277074995,False,True,0.4,False,True,0.0024999150112492,False,True,29.99996366694048,False,True,0.1999979714015567,False,True,0.05,False,True,0.0,False,True,0.08,False,True,0.4,False,True,0.0079993715802557,False,True,29.999955892033903,False,True,0.0059996127802092,False,True,167.20093015275992,False,True,4.30341816910433,False,True,0.1326646093539386,False,0
scene_264,dense,True,Black Package,True,,ACCEPT,,1.2488283992741225,True,0.4,False,True,0.0280128178892698,False,True,0.133775204294775,False,True,0.1904541955350268,False,True,0.0169265853992772,False,True,9.758545598370928,False,True,0.4,False,True,0.0024999410367492,False,True,29.999994272712268,False,True,0.1999991746854753,False,True,0.05,False,True,0.0,False,True,0.08,False,True,0.4,False,True,0.007999398388787,False,True,29.999868477285165,False,True,0.0059996338065141,False,True,229.7283026118639,False,True,4.302456424418854,False,True,0.5778627973185764,False,0
scene_265,dense,True,Amazon_A2_Package,False,single_object,REJECT,bbox_extent,1.1610765910583971,True,0.4,False,True,0.0298020425311974,False,False,-0.0130429089817175,False,True,0.0008242913617628,False,True,0.0181737676800155,False,True,11.141187039229022,False,True,0.4,False,True,0.0024020106930784,False,True,29.47404331805087,False,True,0.1942487772316483,False,True,0.05,False,True,0.0,False,True,0.08,False,True,0.4,False,True,0.0074359533357456,False,True,29.926336290273095,False,True,0.0055990172835437,False,True,158.05151320194264,False,True,4.288780721547538,False,True,1.0,False,0
scene_266,dense,True,Space_Food_Bag,True,,REJECT,suction_area,0.9001783460039778,True,0.4,False,True,0.0297986180690299,False,True,0.1454515150973993,False,True,0.184092747371259,False,True,0.0140885893064144,False,True,11.418091923997748,False,True,0.4,False,True,0.0017758565982082,False,True,27.334313842041443,False,True,0.0883873108848429,False,False,-0.0499999999999999,False,True,0.0177074417675062,False,True,0.08,False,True,0.4,False,False,-0.0027335762465552,False,True,29.302173372394503,False,False,-0.0022071203373535,False,True,281.6491603655092,False,True,4.309563734055547,False,True,0.0096614013326714,False,0
scene_267,dense,True,Carton Magdeleine,True,,ACCEPT,,1.0939078803112343,True,0.4,False,True,0.0299049076376954,False,True,0.1160861908097747,True,True,0.1738065061258977,True,True,0.0198362293469671,True,True,11.113980836296175,True,True,-0.02,True,True,0.002499980052923,False,True,29.999982712401263,False,True,0.1999991803751037,False,True,0.05,False,True,0.0,False,True,0.08,False,True,0.4,False,True,0.0079992690052255,False,True,29.999960744976956,False,True,0.0059995102345703,False,True,323.25319569890445,False,True,4.311576513842392,False,True,0.1643905678854909,False,0
scene_268,dense,False,,False,single_object,REJECT,suction_area,0.7772452262302774,True,0.4,False,True,0.0277604496084714,False,True,0.128838117513663,False,True,0.1205718542693958,False,True,0.0191298289606077,False,True,11.542619468425418,False,True,0.0899999999999999,False,True,0.0004824882305044,False,True,16.298929901994875,False,True,0.0007914723892281,False,False,-0.2833333333333333,False,False,-0.0059168108424154,False,False,-0.2533333333333333,False,True,0.4,False,False,-0.0009845405008398,False,True,20.912432491406005,False,False,-0.0026598124948312,False,True,18.025003663622165,False,True,2.588412782762823,False,True,1.0,False,0
scene_269,dense,True,Ikea Cardboard Package,True,,ACCEPT,,1.251169448172232,True,0.4,False,True,0.0296512286708567,False,True,0.0987266659769846,False,True,0.1953603464274667,False,True,0.0195949561639026,False,True,11.88668048434064,False,True,0.4,False,True,0.0024999033541949,False,True,29.99997558147668,False,True,0.1999993628573914,False,True,0.05,False,True,0.0,False,True,0.08,False,True,0.4,False,True,0.0079994932177662,False,True,29.99995251759531,False,True,0.0059996311664642,False,True,10.023569555258254,False,True,3.4540829055431264,False,True,1.0,False,0
scene_270,dense,True,Small Packet,True,,ACCEPT,,1.1419313498178243,True,0.4,False,True,0.03,False,True,0.0821873212649511,True,True,0.121499815293683,True,True,0.0179489445700764,True,True,10.428517087788162,True,True,-0.0599999999999999,True,True,0.0024998981290393,False,True,29.999982111455516,False,True,0.1999990481899853,False,True,0.05,False,True,0.0,False,True,0.08,False,True,0.4,False,True,0.0079992896080027,False,True,29.99990711507743,False,True,0.0059996329533703,False,True,211.61797741233204,False,True,4.304103941104829,False,True,0.3280873435746383,False,0
scene_271,dense,True,Vintage_Envelope,False,single_object;footprint_containment,ACCEPT,,1.0415287274687846,True,0.4,False,True,0.0299192045633189,False,True,0.0380211714338647,True,True,0.0376623376623376,True,True,0.0173296243447233,True,True,5.06870559087547,True,True,-0.4499999999999999,True,True,0.0024999496370454,False,True,29.999984992028896,False,True,0.1644746844927217,False,True,0.05,False,True,0.0,False,True,0.0549999999999999,False,True,0.4,False,True,0.0022145348396939,False,True,29.99995628212049,False,True,0.0023206260964708,False,True,121.14870307724064,False,True,4.189792289986096,False,True,1.0,False,0
scene_272,dense,True,POP_Drinks_Pack,True,,REJECT,bbox_extent,1.0684957203127596,True,0.4,False,True,0.0261963257415316,False,False,-0.2230344139892285,False,True,0.176275621456607,False,True,0.0139404553939031,False,True,8.692543352453274,False,True,0.1099999999999999,False,True,0.0022447323182534,False,True,29.949596864759098,False,True,0.193439045979006,False,True,0.05,False,True,0.0,False,True,0.08,False,True,0.4,False,True,0.0070104428331808,False,True,29.27238738177006,False,True,0.0050953791316869,False,True,56.698813128249675,False,True,4.141465801587538,False,True,1.0,False,0
scene_273,dense,True,Small Packet,True,,ACCEPT,,1.11766470113012,True,0.4,False,True,0.0298609244714955,False,True,-0.0633112937275698,True,True,-0.0149752475247525,True,True,0.01513354376032,True,True,10.844434863126564,True,True,-0.0999999999999999,True,True,0.0024998898968979,False,True,29.999988900942597,False,True,0.1999993898410357,False,True,0.05,False,True,0.0,False,True,0.08,False,True,0.4,False,True,0.0079993928308739,False,True,29.99995967331431,False,True,0.0059995249627289,False,True,135.7350136093053,False,True,4.295905667256186,False,True,1.0,False,0
scene_274,dense,True,Paper_Shopping_Bag,True,,REJECT,bbox_extent,0.9961975758933244,True,0.4,False,True,0.0236921925638043,False,False,-0.0697524646388774,False,True,0.0947465437788017,False,True,0.0098578154252882,False,True,4.1263081892948374,False,True,0.4,False,True,0.0018112725005681,False,True,17.683588825332173,False,True,0.1564402917464907,False,True,0.05,False,True,0.0,False,True,0.08,False,True,0.4,False,True,0.0035499165259287,False,True,27.241551682206477,False,True,0.0029649499090352,False,True,49.05290837899099,False,True,4.191626446615129,False,True,0.4255010225776528,False,0
scene_275,dense,True,Carton Magdeleine,True,,ACCEPT,,1.0944841560054337,True,0.4,False,True,0.0298652235957248,False,True,0.1294354182076914,True,True,0.1625650495215712,True,True,0.0197700483676924,True,True,11.279151324212242,True,True,-0.24,True,True,0.0024999613461331,False,True,29.999943910255315,False,True,0.1999993496469749,False,True,0.05,False,True,0.0,False,True,0.08,False,True,0.4,False,True,0.0079994736120703,False,True,29.999908853914967,False,True,0.0059996369904812,False,True,545.9183988711927,False,True,4.308791721597057,False,True,0.1866868547157919,False,0
scene_276,dense,True,Asset_Package_in_paper_with_rope,False,surface_contact,REJECT,surface_warp,0.5929441329222501,True,0.4,False,True,0.0220275617983886,False,True,0.1256958316752798,False,True,0.173153409090909,False,True,0.0160912476443454,False,True,10.726066218104028,False,True,0.4,False,True,0.002314072698804,False,True,29.45999726365048,False,True,0.1058267352201275,False,True,0.05,False,True,0.0,False,True,0.08,False,True,0.4,False,False,-0.017944640197799,False,True,27.72180062285383,False,False,-0.0109910478395343,False,True,156.59582457291123,False,True,4.281895698499028,False,False,-0.1787522438345728,False,52
scene_277,dense,True,Small_Shipping_Bag,True,,REJECT,bbox_extent,1.1223238291954156,True,0.4,False,True,0.0299938315657592,False,False,-0.0968478014399025,False,False,-0.0741477272727273,False,True,0.0138950941781648,False,True,10.675813164614729,False,True,0.4,False,True,0.0024998956943583,False,True,29.999977492091165,False,True,0.1999988458548374,False,True,0.05,False,True,0.0,False,True,0.08,False,True,0.4,False,True,0.0079994029117931,False,True,29.999975611346443,False,True,0.005999542484623,False,True,162.40543463460915,False,True,4.297777279860455,False,True,1.0,False,0
scene_278,dense,True,Amazon_A2_Package,False,single_object,ACCEPT,,1.0705533234247304,True,0.4,False,True,0.0297989436654474,False,True,0.07476577731944,False,True,0.1460507018646553,False,True,0.018398931794856,False,True,11.197913025671513,False,True,0.4,False,True,0.0024043621024143,False,True,29.424753429480106,False,True,0.194459389539104,False,True,0.05,False,True,0.0,False,True,0.08,False,True,0.4,False,True,0.007517727237663,False,True,29.937633286287845,False,True,0.0056246751545527,False,True,134.6183018916327,False,True,4.285195564368544,False,True,0.133355805624446,False,0
scene_279,dense,True,Louis_Vuitton_Package,True,,ACCEPT,,1.1710678252548243,True,0.4,False,True,0.0299130992945575,False,True,0.1341154609506376,True,True,0.163235294117647,True,True,0.0198447748578409,True,True,10.556619077208858,True,True,-0.31,True,True,0.0024998975146295,False,True,29.999987986339903,False,True,0.1999985284802446,False,True,0.05,False,True,0.0,False,True,0.08,False,True,0.4,False,True,0.0079992756523783,False,True,29.99994222658136,False,True,0.0059996366579759,False,True,520.5022202969983,False,True,4.304244172578006,False,True,0.3594357246331792,False,0
scene_280,dense,True,Colis VistaPrint,True,,REJECT,bbox_extent,1.1732634437742435,True,0.4,False,True,0.0251422809550121,False,False,-0.0265439139851855,False,True,0.179813953488372,False,True,0.0140803060152153,False,True,9.222081385337296,False,True,0.3,False,True,0.0024999129646318,False,True,29.99999716835316,False,True,0.199999369459348,False,True,0.05,False,True,0.0,False,True,0.08,False,True,0.4,False,True,0.0079995190507418,False,True,29.999968805115785,False,True,0.0059996243874299,False,True,42.96365313456447,False,True,4.080915120470431,False,True,1.0,False,0
scene_281,dense,True,Vintage_Envelope,False,single_object,REJECT,bbox_extent,1.1714126106735108,True,0.4,False,True,0.0296482849683395,False,False,-0.0066510952876565,False,False,-0.010906374501992,False,True,0.0192902123878993,False,True,9.815378205361046,False,True,0.4,False,True,0.0024999408519935,False,True,29.99998639308714,False,True,0.1999992621332796,False,True,0.05,False,True,0.0,False,True,0.08,False,True,0.4,False,True,0.0079995130267514,False,True,29.999926026536524,False,True,0.0059996377293856,False,True,814.5799300330084,False,True,4.313243821195812,False,True,1.0,False,0
scene_282,dense,True,Carton Magdeleine,True,,ACCEPT,,1.216034046103934,True,0.4,False,True,0.0299824360366079,False,True,0.0245142452093816,False,True,0.1516666666666666,False,True,0.0199694363016994,False,True,11.375232481107757,False,True,0.38,False,True,0.0024998822293442,False,True,29.999953777795533,False,True,0.1999983564189991,False,True,0.05,False,True,0.0,False,True,0.08,False,True,0.4,False,True,0.007999282872293,False,True,29.9998643977359,False,True,0.0059995131826483,False,True,31.508892336755373,False,True,4.140170620625369,False,True,1.0,False,0
scene_283,dense,True,Asset_Package_in_paper_with_rope,False,surface_contact,REJECT,bbox_extent,0.4340933013359149,True,0.4,False,True,0.0179094105407962,False,False,-0.6930885337313072,False,True,0.1647146034099332,False,True,0.0167535442255052,False,True,9.982852812951077,False,True,0.15,False,True,0.00225276090488,False,True,29.75502267085249,False,True,0.1263623607568608,False,True,0.05,False,True,0.0,False,True,0.08,False,True,0.4,False,False,-0.0118106294130842,False,True,26.298335997734767,False,False,-0.0077907025581567,False,True,154.56924098081092,False,True,4.25368640301685,False,False,-0.1809302189632411,False,55
scene_285,dense,True,Carton Magdeleine,True,,ACCEPT,,1.0399937462229707,True,0.4,False,True,0.0296021078357784,False,True,0.1225213196927774,True,True,0.1708698309227948,True,True,0.0190563316579269,True,True,11.435927485366792,True,True,-0.2599999999999999,True,True,0.0024999566491829,False,True,29.99996484981651,False,True,0.1999989650283529,False,True,0.05,False,True,0.0,False,True,0.08,False,True,0.4,False,True,0.0079994754928778,False,True,29.999944294949763,False,True,0.0059995123614911,False,True,374.8853408764446,False,True,4.299885064168424,False,True,0.0774706542127213,False,0
scene_286,dense,True,Colis VistaPrint,True,,ACCEPT,,1.223183343056777,True,0.4,False,True,0.0299841151802819,False,True,0.025531171059959,False,True,0.1772644376899695,False,True,0.0199766119255645,False,True,11.755849851453805,False,True,0.4,False,True,0.0024999447973943,False,True,29.999967466854663,False,True,0.1999987570315991,False,True,0.05,False,True,0.0,False,True,0.08,False,True,0.4,False,True,0.0079993736249531,False,True,29.999973519250005,False,True,0.0059996220679341,False,True,21.963969857619773,False,True,4.205330636781188,False,True,1.0,False,0
scene_287,dense,True,Amazon_A2_Package,False,single_object,REJECT,bbox_extent,1.0102126074989266,True,0.4,False,True,0.0298033860289556,False,False,-0.0195401643620016,False,True,0.101150675002265,False,True,0.0183635367258171,False,True,11.743612255792998,False,True,0.4,False,True,0.0023960298301138,False,True,29.41717670200191,False,True,0.1939511568439479,False,True,0.05,False,True,0.0,False,True,0.08,False,True,0.4,False,True,0.0074399898937409,False,True,29.92255772791865,False,True,0.0055937547848604,False,True,165.6878297061548,False,True,4.285841638547111,False,True,0.0911078230356203,False,0
scene_288,dense,True,Amazon_A2_Package,False,single_object,ACCEPT,,1.1873030989426234,True,0.4,False,True,0.0298377443802568,False,True,0.0995280731064012,True,True,0.0822564775336175,True,True,0.0185724651738045,True,True,11.854206325624254,True,True,-0.13,True,True,0.0024052076672077,False,True,29.518771257947684,False,True,0.1947228650270193,False,True,0.05,False,True,0.0,False,True,0.08,False,True,0.4,False,True,0.0074620625172275,False,True,29.966079409886213,False,True,0.0056069665108877,False,True,148.77363660685364,False,True,4.258501685357279,False,True,1.0,False,0
scene_289,dense,True,Amazon_Book_Package,False,single_object,ACCEPT,,1.207900141617026,True,0.4,False,True,0.0297434820719681,False,True,0.0516179524248738,False,True,0.0779589689637032,False,True,0.0191119898460535,False,True,10.020596504144912,False,True,0.4,False,True,0.0024999409870612,False,True,29.999985893344235,False,True,0.1999987433150249,False,True,0.05,False,True,0.0,False,True,0.08,False,True,0.4,False,True,0.007999279539672,False,True,29.999977202485,False,True,0.0059995214247134,False,True,131.02547720215492,False,True,4.234915647429607,False,True,1.0,False,0
scene_290,dense,True,Paper_Shopping_Bag,False,normal_alignment,ACCEPT,,1.0435385729866986,True,0.4,False,True,0.0275556379352459,False,True,0.1208383437242433,False,True,0.1944034027311394,False,True,0.0082906961349431,False,True,4.077686536981678,False,True,0.21,False,True,0.001822211254194,False,True,16.952989956849606,False,True,0.1435765486963824,False,True,0.05,False,True,0.0,False,True,0.08,False,True,0.4,False,True,0.0001850658495517,False,True,27.14474524074905,False,True,0.001222147112704,False,True,43.22378586844743,False,True,4.020573562740808,False,True,1.0,False,0
scene_291,dense,True,Amazon_Book_Package,False,single_object,ACCEPT,,0.960637185118083,True,0.4,False,True,0.0290392893671276,False,True,0.0146684253365371,False,True,0.1161447134710665,False,True,0.0178669749689166,False,True,10.680898246872502,False,True,0.01,False,True,0.0024998964761272,False,True,29.999983466744432,False,True,0.1999994152975919,False,True,0.05,False,True,0.0,False,True,0.08,False,True,0.4,False,True,0.0079995059358756,False,True,29.99997598785336,False,True,0.0059996345910392,False,True,100.2207157514987,False,True,4.257001438419735,False,True,-0.0132023060649096,False,0
scene_292,dense,True,Black Package,True,,REJECT,bbox_extent,1.0353383077435696,True,0.4,False,True,0.0299711627937166,False,False,-0.583821247925042,False,True,0.1745797457974579,False,True,0.0199551746442929,False,True,11.158272895802474,False,True,0.08,False,True,0.0024999030415546,False,True,29.999993442040186,False,True,0.1999991580609394,False,True,0.05,False,True,0.0,False,True,0.08,False,True,0.4,False,True,0.0079995158943644,False,True,29.99999217503528,False,True,0.0059996405460967,False,True,162.852005379885,False,True,4.3012011114919515,False,True,1.0,False,0
scene_293,dense,True,POP_Drinks_Pack,True,,ACCEPT,,1.0717551266025451,True,0.4,False,True,0.0249725946594811,False,True,0.1173108075398493,False,True,0.1392835972563298,False,True,0.0125235034623865,False,True,9.551136581565943,False,True,0.33,False,True,0.0022467147230373,False,True,29.984776638395108,False,True,0.1924903891018947,False,True,0.05,False,True,0.0,False,True,0.08,False,True,0.4,False,True,0.007024432581738,False,True,29.249602186350018,False,True,0.0050764521696058,False,True,64.04710373133595,False,True,4.129426518473487,False,True,0.1929209248480945,False,0
scene_294,dense,True,Amazon_A2_Package,False,single_object,ACCEPT,,1.2095979408663156,True,0.4,False,True,0.0298364602275664,False,True,0.0758423907183686,False,True,0.1020550940096195,False,True,0.0183634007072011,False,True,10.887802090461769,False,True,0.4,False,True,0.0023961051491987,False,True,29.556123404478743,False,True,0.193401306261638,False,True,0.05,False,True,0.0,False,True,0.08,False,True,0.4,False,True,0.0074475425232547,False,True,29.947554994365444,False,True,0.0055910981308814,False,True,127.64342623065974,False,True,4.238733769312661,False,True,1.0,False,0
scene_295,dense,True,POP_Drinks_Pack,True,,ACCEPT,,1.2250418444830935,True,0.4,False,True,0.0299944928125403,False,True,0.1068825482079195,False,True,0.1753086419753086,False,True,0.0193446297317382,False,True,11.509765879856744,False,True,0.4,False,True,0.0022488402098414,False,True,29.872269087065725,False,True,0.1935736596431032,False,True,0.05,False,True,0.0,False,True,0.08,False,True,0.4,False,True,0.0069939947672186,False,True,29.290062173262505,False,True,0.0050650069034696,False,True,137.35231019022262,False,True,4.230824517142831,False,True,1.0,False,0
scene_296,dense,True,Black Package,True,,ACCEPT,,1.2657095089394454,True,0.4,False,True,0.0299809778076689,False,True,0.1372326735136864,False,True,0.1943229022431458,False,True,0.0199710461910295,False,True,11.877027605891923,False,True,0.4,False,True,0.0024999406963638,False,True,29.999981949197824,False,True,0.1999989778019497,False,True,0.05,False,True,0.0,False,True,0.08,False,True,0.4,False,True,0.0079995034953165,False,True,29.99997629336385,False,True,0.0059996305142999,False,True,109.49241690808354,False,True,4.2403645882819445,False,True,1.0,False,0
scene_297,dense,True,Colis VistaPrint,True,,ACCEPT,,1.2599138243402164,True,0.4,False,True,0.0295091039947394,False,True,0.1363730530288908,False,True,0.1789227166276346,False,True,0.0192233043333915,False,True,11.653763368025894,False,True,0.4,False,True,0.0024999417950074,False,True,29.99998950865379,False,True,0.1999993133018471,False,True,0.05,False,True,0.0,False,True,0.08,False,True,0.4,False,True,0.0079995117815777,False,True,29.9999665063826,False,True,0.0059996390496131,False,True,211.28154874909487,False,True,4.262918764358186,False,True,1.0,False,0
scene_298,dense,True,Amazon_A2_Package,False,single_object,ACCEPT,,1.2075079912347573,True,0.4,False,True,0.0298422569355329,False,True,0.077144580872332,False,True,0.0882701764535723,False,True,0.0183323539395061,False,True,10.90270354697603,False,True,0.4,False,True,0.0023969554337181,False,True,29.555942824472854,False,True,0.193178265518346,False,True,0.05,False,True,0.0,False,True,0.08,False,True,0.4,False,True,0.007441455909014,False,True,29.938824292214782,False,True,0.0055846366378033,False,True,127.0618634123176,False,True,4.256214702102338,False,True,1.0,False,0
scene_299,dense,True,Куб,True,,ACCEPT,,1.0198068825074054,True,0.4,False,True,0.0296385717346136,False,True,0.0190197516580616,False,True,0.1387278739544835,False,True,0.019604237992577,False,True,11.77467601686978,False,True,0.4,False,True,0.0024998748961253,False,True,29.999977589458208,False,True,0.1999979086256652,False,True,0.05,False,True,0.0,False,True,0.08,False,True,0.4,False,True,0.0079992847470776,False,True,29.99999573113177,False,True,0.0059995186998054,False,True,549.8668154505368,False,True,4.309538980297966,False,True,0.0371996844823886,False,0
scene_300,dense,True,SM_Little_Package,False,footprint_containment,REJECT,normal_scatter,0.6087286402347333,True,0.4,False,True,0.0276915809446986,False,True,0.1181642050655108,True,True,0.1591688813723121,True,True,0.0190156366208286,True,True,10.170801581645422,True,True,-0.03,True,True,0.0024999085326721,False,True,29.999959809110027,False,False,-0.144974824910104,False,True,0.05,False,True,0.0,False,False,-0.045,False,True,0.4,False,False,-0.0147851153345423,False,True,28.254059375484637,False,False,-0.0146094288978475,False,True,164.56592989148916,False,True,4.240497549880311,False,True,0.1096999103359664,False,0
scene_301,dense,True,Amazon_A2_Package,False,single_object,REJECT,bbox_extent,1.1552367825200145,True,0.4,False,True,0.0298394606436893,False,False,-0.0497040637091396,False,True,0.0381149052289991,False,True,0.0183325365119657,False,True,11.536795685207329,False,True,0.4,False,True,0.0023949084718558,False,True,29.34435190691989,False,True,0.193830182186014,False,True,0.05,False,True,0.0,False,True,0.08,False,True,0.4,False,True,0.0074247399135369,False,True,29.869304409803533,False,True,0.0055683059122493,False,True,189.75478780585425,False,True,4.279616678453685,False,True,1.0,False,0
scene_302,dense,False,,False,single_object,REJECT,surface_warp,0.8755878040254139,True,0.4,False,True,0.0083019367153176,False,True,0.0806650666891368,False,True,0.1052824108348211,False,True,0.0128275954129687,False,True,7.183270127322508,False,True,0.4,False,True,0.0024999018826372,False,True,29.000033878389303,False,True,0.0016406213983858,False,True,0.05,False,True,0.0,False,True,0.08,False,True,0.4,False,False,-0.0089694809534401,False,True,29.999962414560628,False,False,-0.0101409602812723,False,True,37.536527324102266,False,True,4.191910093670238,False,True,1.0,False,0
scene_303,dense,True,SM_Little_Package,True,,ACCEPT,,0.950208408356952,True,0.4,False,True,0.0274732490007565,False,True,0.1461430619498568,False,True,0.1704125950054288,False,True,0.018628142331048,False,True,10.900788771591872,False,True,0.4,False,True,0.0024998964328833,False,True,29.99999473698578,False,True,0.1634294505174302,False,True,0.05,False,True,0.0,False,True,0.08,False,True,0.4,False,True,0.0025528461894747,False,True,26.871636918466628,False,True,0.0021619152388781,False,True,424.7699187055074,False,True,4.307060933478015,False,True,-0.0275604463578302,False,0
scene_304,dense,True,Small Packet,True,,REJECT,bbox_extent,1.0337312753283618,True,0.4,False,True,0.0299782842256315,False,False,-0.0555618692446903,False,False,-0.016739537788882,False,True,0.0152716935040546,False,True,10.678999232181807,False,True,0.02,False,True,0.0024998907924183,False,True,29.999958086756887,False,True,0.1999862220747502,False,True,0.05,False,True,0.0,False,True,0.08,False,True,0.4,False,True,0.0079688887731386,False,True,29.99992271579836,False,True,0.0059995324863028,False,True,134.01991964282337,False,True,4.292655405380526,False,True,0.2509516539996608,False,0
scene_305,dense,True,China Package,True,,ACCEPT,,1.03120069096126,True,0.4,False,True,0.0285924761927631,False,True,0.1322928846866864,False,True,0.1988733099649473,False,True,0.0183049713961126,False,True,11.378728712250089,False,True,0.4,False,True,0.0024999370194201,False,True,29.99996188495872,False,True,0.1999988256804059,False,True,0.05,False,True,0.0,False,True,0.08,False,True,0.4,False,True,0.0079993471668168,False,True,29.99998380078403,False,True,0.0059995100501593,False,True,113.90241688063271,False,True,4.307875618839643,False,True,-0.0346903231789657,False,0
scene_306,dense,True,Small_Shipping_Bag,True,,ACCEPT,,1.0943855201427375,True,0.4,False,True,0.029977785671529,False,True,-0.1284452339123953,True,True,-0.0188808526836696,True,True,0.0160138477736791,True,True,10.334751352559778,True,True,-0.0999999999999999,True,True,0.0024998959614375,False,True,29.99999072564429,False,True,0.1999988306336618,False,True,0.05,False,True,0.0,False,True,0.08,False,True,0.4,False,True,0.0079995137082874,False,True,29.999976806252437,False,True,0.0059995267079685,False,True,136.97272120618302,False,True,4.293608395504203,False,True,1.0,False,0
scene_307,dense,True,Louis_Vuitton_Package,True,,REJECT,bbox_extent,0.9557620016257812,True,0.4,False,True,0.0299414181472098,False,False,-0.0488587951181693,False,True,0.0326600042526046,False,True,0.0199010001949764,False,True,11.1410861471423,False,True,0.4,False,True,0.0024998854875921,False,True,29.99990362184977,False,True,0.1999985393448476,False,True,0.05,False,True,0.0,False,True,0.08,False,True,0.4,False,True,0.0079992060510739,False,True,29.999955958187623,False,True,0.0059995087615363,False,True,123.92826518387552,False,True,4.291049191615396,False,True,-0.0072995428181619,False,0
scene_308,dense,True,Куб,False,free_extraction,ACCEPT,,1.0315622188431253,True,0.4,False,True,0.0298731005281078,False,True,0.1377917590392712,True,True,0.17094383775351,True,True,0.0198675313300139,True,True,10.67444853217452,True,True,-0.1399999999999999,True,True,0.0024998924874203,False,True,29.999975388206813,False,True,0.1999981218417167,False,True,0.05,False,True,0.0,False,True,0.08,False,True,0.4,False,True,0.0079993765464001,False,True,29.99993786193406,False,True,0.0059996255432267,False,True,365.4769344188176,False,True,4.295075479251522,False,True,0.0336721110677066,False,0
scene_309,dense,True,Amazon_Book_Package,False,single_object,ACCEPT,,1.1207785905626049,True,0.4,False,True,0.0297654084788287,False,True,0.1343566279934422,False,True,0.1944017914267434,False,True,0.018387139066984,False,True,10.04249383228472,False,True,0.39,False,True,0.0024998897622866,False,True,29.99999030299543,False,True,0.199998651532729,False,True,0.05,False,True,0.0,False,True,0.08,False,True,0.4,False,True,0.0079993941518167,False,True,29.999939737852134,False,True,0.0059995254366294,False,True,27.75808975080245,False,True,4.094500161214951,False,True,0.1618082670082576,False,0
scene_310,dense,True,Small Packet,True,,ACCEPT,,0.9015979334070668,True,0.4,False,True,0.0299851101001888,False,True,-0.1262263307804892,True,True,-0.1380847953216374,True,True,0.0139752129019224,True,True,10.342431912090388,True,True,-0.03,True,True,0.0024999401602012,False,True,29.999978049547632,False,True,0.199998654773318,False,True,0.05,False,True,0.0,False,True,0.08,False,True,0.4,False,True,0.0079993786240005,False,True,29.999915687961185,False,True,0.0059996341164583,False,True,181.0095870389901,False,True,4.296891328353386,False,True,0.079770837466844,False,0
scene_311,dense,True,Amazon_A2_Package,False,single_object;free_extraction,REJECT,normal_scatter,0.6164462504025218,True,0.4,False,True,0.0244748191598342,False,True,0.0476374165169464,False,True,0.0726704946106577,False,True,0.0108854479096608,False,True,8.115145162142344,False,True,0.4,False,True,0.0013808903368816,False,True,26.610222844658153,False,False,-0.0883876088120825,False,True,0.05,False,True,0.0,False,True,0.08,False,True,0.4,False,False,-0.0071774318333637,False,True,28.57509526601944,False,False,-0.0078906075607019,False,True,93.40193533885537,False,True,4.213742060274378,False,True,-0.0753055578647035,False,0
scene_312,dense,True,Amazon_Book_Package,False,single_object,ACCEPT,,1.1690004149638988,True,0.4,False,True,0.0299416276416173,False,True,0.0934984742978372,True,True,0.0378758297540022,True,True,0.0198825638730236,True,True,9.315102791091874,True,True,-0.39,True,True,0.0024998979618824,False,True,29.999994146822775,False,True,0.1999987662607008,False,True,0.05,False,True,0.0,False,True,0.08,False,True,0.4,False,True,0.0079994010298121,False,True,29.999981255827848,False,True,0.0059995249063501,False,True,161.48662292016854,False,True,4.295326133816709,False,True,1.0,False,0
scene_313,dense,False,,False,single_object,REJECT,surface_warp,0.9280476525543686,True,0.4,False,True,0.0293239333284638,False,True,0.0954356766651198,False,True,0.1452342755988271,False,True,0.0131559869514702,False,True,10.780272629482573,False,True,0.4,False,True,0.001965784848976,False,True,27.825135257156894,False,True,0.1009537898178387,False,True,0.05,False,True,0.0,False,True,0.08,False,True,0.4,False,False,-0.0018059061575406,False,True,29.28732602425091,False,False,-0.0033303165219952,False,True,48.789487095545184,False,True,4.283965959197312,False,True,0.2084419206333903,False,0
scene_314,dense,True,Amazon_A2_Package,True,,ACCEPT,,1.1314011339044034,True,0.4,False,True,0.029596007770509,False,True,0.0687724387968922,False,True,0.077616175948918,False,True,0.0180649363421817,False,True,10.510061539554568,False,True,0.4,False,True,0.0023815396720453,False,True,29.149369870756072,False,True,0.1928074386326712,False,True,0.05,False,True,0.0,False,True,0.08,False,True,0.4,False,True,0.0074135871678757,False,True,29.931462694998405,False,True,0.0055429771449995,False,True,35.220412951069264,False,True,4.025768170217735,False,True,0.3062737083103497,False,0
scene_315,dense,True,Black Package,True,,ACCEPT,,1.091781012978384,True,0.4,False,True,0.0299834301853394,False,True,0.1267239885369339,False,True,0.1829717110683877,False,True,0.0199741139309212,False,True,11.277652025872086,False,True,0.4,False,True,0.0024999362536196,False,True,29.999982881891626,False,True,0.199999061280287,False,True,0.05,False,True,0.0,False,True,0.08,False,True,0.4,False,True,0.0079992889753274,False,True,29.999977186503568,False,True,0.005999745066167,False,True,45.658514114551835,False,True,4.268571113170456,False,True,0.0940925433279659,False,0
scene_316,dense,True,Asset_Package_in_paper_with_rope,False,surface_contact,REJECT,surface_warp,0.5879488774150741,True,0.4,False,True,0.0283430260948241,False,True,0.0217589502369801,False,True,0.0939924906132665,False,True,0.0156219730368255,False,True,10.18652635099005,False,True,0.4,False,True,0.0024101655643403,False,True,28.205690964669692,False,True,0.0860735584914523,False,True,0.0,False,True,0.0199999999999999,False,True,0.08,False,True,0.4,False,False,-0.0195425737377033,False,True,29.894650946544473,False,False,-0.011071424035909,False,True,23.00467926425828,False,True,3.583399957774703,False,False,-0.1834744779282192,False,58
scene_317,dense,True,Amazon_Book_Package,False,single_object,ACCEPT,,1.2588425978502296,True,0.4,False,True,0.0298505478001427,False,True,0.131221532306329,False,True,0.1912375701486659,False,True,0.0196777049553235,False,True,10.689220836789888,False,True,0.4,False,True,0.0024999413871863,False,True,29.999992755490386,False,True,0.1999989659417361,False,True,0.05,False,True,0.0,False,True,0.08,False,True,0.4,False,True,0.0079995145607951,False,True,29.99993918398259,False,True,0.0059996390463218,False,True,43.49250043272729,False,True,4.203744740198235,False,True,1.0,False,0
scene_318,dense,True,Small Packet,True,,ACCEPT,,1.181050756050337,True,0.4,False,True,0.0299985395783077,False,True,0.0549243223151489,True,True,0.1565290085270021,True,True,0.0177235516492064,True,True,10.468949539819198,True,True,-0.0499999999999999,True,True,0.0024998998060258,False,True,29.999963868121757,False,True,0.1999987132056445,False,True,0.05,False,True,0.0,False,True,0.08,False,True,0.4,False,True,0.0079993780872492,False,True,29.99997297432151,False,True,0.0059996330497688,False,True,142.9778390706913,False,True,4.29309600794446,False,True,0.4183629965534683,False,0
scene_319,dense,True,Small Packet,True,,ACCEPT,,1.1084975505839234,True,0.4,False,True,0.0299798520670939,False,True,0.0333923026833835,True,True,0.0119363830136087,True,True,0.0161167138881725,True,True,10.512972871029234,True,True,-0.01,True,True,0.0024998945957792,False,True,29.999974543797,False,True,0.199999132476428,False,True,0.05,False,True,0.0,False,True,0.08,False,True,0.4,False,True,0.0079993932068531,False,True,29.999954613277332,False,True,0.0059995408500838,False,True,182.16252575248495,False,True,4.299807016480971,False,True,0.3344740300996819,False,0
scene_320,dense,True,Vintage_Envelope,False,single_object,REJECT,bbox_extent,0.9947132311866096,True,0.4,False,True,0.0299852729768232,False,False,-0.061642099652663,False,True,0.0293281020107895,False,True,0.0197976024871874,False,True,8.454263669596246,False,True,0.4,False,True,0.0024999478964895,False,True,29.999982924527075,False,True,0.199999151725077,False,True,0.05,False,True,0.0,False,True,0.08,False,True,0.4,False,True,0.0079995179943165,False,True,29.99998133376653,False,True,0.0059996322705114,False,True,369.3635315267288,False,True,4.304720010230386,False,True,0.1038004100441103,False,0
scene_321,dense,True,Amazon_A2_Package,False,single_object,ACCEPT,,1.035500055312564,True,0.4,False,True,0.0298164257439297,False,True,0.0816110066494005,False,True,0.075659323611542,False,True,0.0181473643494803,False,True,9.876322980936628,False,True,0.4,False,True,0.0024012677503417,False,True,29.34973037293681,False,True,0.1954092339943954,False,True,0.05,False,True,0.0,False,True,0.08,False,True,0.4,False,True,0.0074691221943831,False,True,29.89802597747439,False,True,0.0056234733594389,False,True,137.4649315454576,False,True,4.240173069806575,False,True,0.0898892020114774,False,0
scene_322,dense,True,Black Package,True,,ACCEPT,,1.126212604510594,True,0.4,False,True,0.0295006130626025,False,True,0.1189910253497569,False,True,0.1796495195025438,False,True,0.0192233789366742,False,True,11.747590835646704,False,True,0.4,False,True,0.0024999404818055,False,True,29.999997042441333,False,True,0.1999984319623755,False,True,0.05,False,True,0.0,False,True,0.08,False,True,0.4,False,True,0.0079992824379471,False,True,29.999908002175477,False,True,0.005999637864432,False,True,297.28311931475577,False,True,4.306504869954626,False,True,0.1764265902392239,False,0
scene_323,dense,True,Amazon_Book_Package,False,single_object,ACCEPT,,1.2136810216534015,True,0.4,False,True,0.0299736387538762,False,True,0.0854844872766533,False,True,0.1376278955553735,False,True,0.0199360513360588,False,True,11.720627788107294,False,True,0.0,False,True,0.0024999023696766,False,True,29.999980681307683,False,True,0.1999990712069691,False,True,0.05,False,True,0.0,False,True,0.08,False,True,0.4,False,True,0.0079994862391057,False,True,29.9999272486656,False,True,0.0059996211344423,False,True,154.2638054855364,False,True,4.284711965082622,False,True,1.0,False,0
scene_324,dense,True,Amazon_Book_Package,False,single_object,REJECT,bbox_extent,0.9694253406752924,True,0.4,False,True,0.0298765416152421,False,False,-0.0539635732406006,False,False,-0.0736100234925607,False,True,0.0196682737980732,False,True,11.037030910566004,False,True,0.4,False,True,0.0024999028408837,False,True,29.99999372607063,False,True,0.199998570230048,False,True,0.05,False,True,0.0,False,True,0.08,False,True,0.4,False,True,0.0079992728336545,False,True,29.99998411889217,False,True,0.0059996356247851,False,True,198.857693867609,False,True,4.307463651597038,False,True,0.0673471178891484,False,0
scene_325,dense,True,Envelope_Stack,False,single_object,REJECT,data_gaps,0.7413254159181575,True,0.4,False,True,0.0278849675621392,False,True,0.0128323626489399,False,True,0.1763092269326682,False,True,0.0172457307354369,False,True,11.833501771021876,False,True,0.3,False,True,0.001486563942189,False,True,29.018101260032545,False,True,0.102442710200757,False,True,0.05,False,True,0.0,False,False,-0.1699999999999999,False,True,0.4,False,True,0.0017391942593978,False,True,28.930499698503738,False,True,0.0020762162162896,False,True,129.07979999448082,False,True,4.262957744759564,False,True,-0.0376828666005839,False,0
scene_326,dense,True,Куб,True,,ACCEPT,,1.216540524450067,True,0.4,False,True,0.029989106813913,False,True,0.020987695803048,False,True,0.1500355618776671,False,True,0.0199881240273626,False,True,11.65379395269981,False,True,0.4,False,True,0.0024998884002584,False,True,29.999985637304174,False,True,0.1999987732831089,False,True,0.05,False,True,0.0,False,True,0.08,False,True,0.4,False,True,0.00799927536997,False,True,29.999948908940887,False,True,0.0059996290727745,False,True,46.97774403131051,False,True,4.128407288264045,False,True,1.0,False,0
scene_327,dense,True,POP_Drinks_Pack,False,free_extraction,REJECT,bbox_extent,0.75299623592417,True,0.4,False,True,0.0296703176692752,False,False,-2.076989231448269,False,True,0.0061730369422676,False,True,0.019159663843927,False,True,8.97923786182423,False,True,0.36,False,True,0.0022822534366467,False,True,29.90914513399836,False,True,0.1943779964314226,False,True,0.05,False,True,0.0,False,True,0.08,False,True,0.4,False,True,0.0070822408486873,False,True,29.486140131410114,False,True,0.0052835865174223,False,True,284.59631796357854,False,True,4.294153076367541,False,False,-0.0637500670360494,False,110
scene_328,dense,True,SM_Little_Package,True,,ACCEPT,,1.1607761023412129,True,0.4,False,True,0.0292503977905827,False,True,0.1030427588941544,False,True,0.1800235017626321,False,True,0.0174433976269027,False,True,10.266966337348702,False,True,0.4,False,True,0.0024998983907821,False,True,29.99998639308714,False,True,0.1612988430686771,False,True,0.05,False,True,0.0,False,True,0.08,False,True,0.4,False,True,0.0025888495931392,False,True,29.648915843529284,False,True,0.0017814789663394,False,True,401.83917322196254,False,True,4.288606142102903,False,True,1.0,False,0
scene_329,dense,True,Paper_Shopping_Bag,True,,REJECT,bbox_extent,0.6578574770412626,True,0.4,False,True,0.0293415402405551,False,False,-0.0108696133825361,False,True,0.0545789231477219,False,True,0.0092676326859383,False,True,4.7560772307495816,False,True,0.4,False,True,0.0019043983635212,False,True,17.383749673515226,False,True,0.0928476198295752,False,False,-0.2166666666666666,False,False,-0.0059168108424154,False,False,-0.0783333333333333,False,True,0.4,False,False,-0.0034764040518888,False,True,29.680549693695777,False,False,-0.0018559096885799,False,True,46.02464956115856,False,True,4.1360857261439055,False,True,0.061822820528514,False,0
scene_330,dense,True,Small_Shipping_Bag,True,,ACCEPT,,1.0075851242226097,True,0.4,False,True,0.03,False,True,0.0229875793166111,False,True,0.0292448292448291,False,True,0.0153927993758822,False,True,10.516076744819854,False,True,0.4,False,True,0.0024998944707423,False,True,29.99997021565634,False,True,0.1999988392073541,False,True,0.05,False,True,0.0,False,True,0.08,False,True,0.4,False,True,0.0079995004174626,False,True,29.999970572662814,False,True,0.005999537982555,False,True,76.93426959956545,False,True,4.2689750186738715,False,True,0.0714549447903322,False,0
scene_331,dense,True,Amazon_A2_Package,False,single_object;footprint_containment,REJECT,bbox_extent,0.9898956191322584,True,0.4,False,True,0.0255191937382936,False,False,-0.1272688581025463,False,True,0.0443231441048034,False,True,0.012641669019358,False,True,6.428455267839285,False,True,0.4,False,True,0.0023950136671192,False,True,29.33239165322751,False,True,0.1937802152733861,False,True,0.05,False,True,0.0,False,True,0.08,False,True,0.4,False,True,0.0074594469425723,False,True,29.93927905606299,False,True,0.0055822569608133,False,True,145.03215057836874,False,True,4.270460402376602,False,True,0.2209578235413989,False,0
scene_332,dense,True,Amazon_Book_Package,False,single_object,ACCEPT,,1.2426829699020423,True,0.4,False,True,0.0299372322228726,False,True,0.1103166214326924,False,True,0.148312831508859,False,True,0.0198724123286533,False,True,10.07879134881447,False,True,0.4,False,True,0.0024999404339412,False,True,29.999996479801077,False,True,0.1999981368752104,False,True,0.05,False,True,0.0,False,True,0.08,False,True,0.4,False,True,0.0079992817811985,False,True,29.999942924736857,False,True,0.0059995232798616,False,True,88.4930946815825,False,True,4.273835715508478,False,True,1.0,False,0
scene_333,dense,True,Louis_Vuitton_Package,True,,ACCEPT,,1.0239874858445528,True,0.4,False,True,0.0281653205163327,False,True,0.1144072196309359,False,True,0.1819729594391587,False,True,0.0171821749975961,False,True,10.64361353320853,False,True,0.4,False,True,0.0024998988926473,False,True,29.99998835607989,False,True,0.1999989587003129,False,True,0.05,False,True,0.0,False,True,0.08,False,True,0.4,False,True,0.0079995052698459,False,True,29.999952525271716,False,True,0.0059996329298174,False,True,413.1084251464612,False,True,4.303569906296555,False,True,-0.0199521833928515,False,0
scene_334,dense,True,Paper_Shopping_Bag,False,normal_alignment,REJECT,surface_warp,0.8445371375841579,True,0.4,False,True,0.0292612019464328,False,True,0.0494998361050533,False,True,0.1223153084539222,False,True,0.0109391070677216,False,True,4.074627439507588,False,True,0.4,False,True,0.0018409961357502,False,True,16.831709546961218,False,True,0.1188496691178374,False,True,0.0,False,True,0.02,False,True,0.08,False,True,0.4,False,False,-0.0010959434904003,False,True,28.151072644602937,False,False,-0.0004516961670028,False,True,106.99777719745596,False,True,4.2400099915414735,False,True,0.0126149777859141,False,0
scene_335,dense,True,Vintage_Envelope,False,single_object,ACCEPT,,1.1241772926305615,True,0.4,False,True,0.0298500729014172,False,True,0.1384109017620847,False,True,0.1986010072747621,False,True,0.0194964888843717,False,True,11.454596453503092,False,True,0.4,False,True,0.0024999781835858,False,True,29.999960356944232,False,True,0.1999985774866892,False,True,0.05,False,True,0.0,False,True,0.08,False,True,0.4,False,True,0.0079994493025816,False,True,29.999930507859915,False,True,0.0059996109064541,False,True,373.8384803581755,False,True,4.304393659163999,False,True,0.1498969153416994,False,0
scene_336,dense,True,Amazon_A2_Package,False,single_object,ACCEPT,,1.0045969234515364,True,0.4,False,True,0.0298095929622652,False,True,0.0673281924457529,False,True,0.1527583053946967,False,True,0.018527342079562,False,True,11.67192307293878,False,True,0.4,False,True,0.002406134976307,False,True,29.383896604027097,False,True,0.19373215178211,False,True,0.05,False,True,0.0,False,True,0.08,False,True,0.4,False,True,0.0075148643988768,False,True,29.946932209043503,False,True,0.0056327563164637,False,True,143.20908289241552,False,True,4.258276561024582,False,True,-0.0078227064360496,False,0
scene_337,dense,True,Amazon_A2_Package,False,single_object,ACCEPT,,1.210951030109613,True,0.4,False,True,0.0289197175620798,False,True,0.0863825094816739,False,True,0.1162658880109926,False,True,0.0171510299905136,False,True,10.570415695787574,False,True,0.39,False,True,0.0024059994235907,False,True,29.54957767674892,False,True,0.1941028778978425,False,True,0.05,False,True,0.0,False,True,0.08,False,True,0.4,False,True,0.0074275189878277,False,True,29.966621682750723,False,True,0.0056050712125599,False,True,140.60479164670184,False,True,4.251527216309068,False,True,1.0,False,0
scene_338,dense,True,Amazon_A2_Package,False,single_object,ACCEPT,,1.2263337904676397,True,0.4,False,True,0.0298475515032598,False,True,0.1129621968503839,False,True,0.1044172081928106,False,True,0.0185572743576042,False,True,11.799725089433243,False,True,0.4,False,True,0.0023961619389238,False,True,29.540319678149885,False,True,0.1941165646931298,False,True,0.05,False,True,0.0,False,True,0.08,False,True,0.4,False,True,0.0074747102346834,False,True,29.92114851227122,False,True,0.0055966160823964,False,True,184.2709076733948,False,True,4.272446409743034,False,True,1.0,False,0
scene_339,dense,True,Colis VistaPrint,True,,REJECT,bbox_extent,0.9395648831123762,True,0.4,False,True,0.0297096453013831,False,False,-0.7430243270743548,False,True,0.1817261118450022,False,True,0.0194071274071852,False,True,11.105958237653772,False,True,0.08,False,True,0.0024999925804707,False,True,29.999989648544663,False,True,0.1999996236407454,False,True,0.05,False,True,0.0,False,True,0.08,False,True,0.4,False,True,0.0079995126380077,False,True,29.999950798631453,False,True,0.0059997461581164,False,True,292.33039257761897,False,True,4.2867875099916075,False,True,0.2459599447005772,False,0
scene_340,dense,True,China Package,True,,ACCEPT,,1.2034775191830418,True,0.4,False,True,0.0295824809725373,False,True,0.1182536395817109,False,True,0.1884213790964539,False,True,0.0195451090356192,False,True,11.847001060713138,False,True,0.4,False,True,0.0024998624297594,False,True,29.999971529497085,False,True,0.1999993114042546,False,True,0.05,False,True,0.0,False,True,0.08,False,True,0.4,False,True,0.0079992609375471,False,True,29.999953667536243,False,True,0.0059994980747498,False,True,180.7842145194044,False,True,4.3011313179400075,False,True,0.3367163639475302,False,0
scene_341,dense,True,Amazon_Book_Package,False,single_object,ACCEPT,,1.223019622636441,True,0.4,False,True,0.03,False,True,0.0982161379587238,False,True,0.0933554566709404,False,True,0.0197078776345051,False,True,8.165038228934623,False,True,0.4,False,True,0.0024998794448271,False,True,29.999989336370575,False,True,0.1999986293913202,False,True,0.05,False,True,0.0,False,True,0.08,False,True,0.4,False,True,0.0079992867318579,False,True,29.99995869994083,False,True,0.0059995199690534,False,True,63.063592127889336,False,True,4.215423043393471,False,True,1.0,False,0
scene_342,dense,True,Storage_Box_with_Lid,True,,ACCEPT,,1.2635501358421335,True,0.4,False,True,0.0298858091510116,False,True,0.1337395714561285,False,True,0.1908710217755443,False,True,0.0198692317941286,False,True,11.883138578902546,False,True,0.4,False,True,0.002499940475168,False,True,29.99999265556139,False,True,0.1999997231018634,False,True,0.05,False,True,0.0,False,True,0.08,False,True,0.4,False,True,0.0079994070295138,False,True,29.999969706070512,False,True,0.0059996399061774,False,True,11.211205508482507,False,True,4.107184414900168,False,True,1.0,False,0
scene_343,dense,True,SM_Little_Package,False,footprint_containment,REJECT,surface_warp,0.7321502013409121,True,0.4,False,True,0.0276288083079424,False,True,0.1237126587201166,True,True,0.1566013071895424,True,True,0.0186041435554834,True,True,10.518070909883978,True,True,-0.0999999999999999,True,True,0.0024999069786283,False,True,29.99999361094306,False,True,0.0520284267888834,False,True,0.05,False,True,0.0,False,True,0.08,False,True,0.4,False,False,-0.0108094319398549,False,True,28.76732195277403,False,False,-0.0084719876644325,False,True,306.4057830751367,False,True,4.280653434744879,False,True,0.0146994596765852,False,0
scene_344,dense,True,Куб,True,,REJECT,bbox_extent,1.0933670583759432,True,0.4,False,True,0.0299785016105593,False,False,-0.1716205568935045,False,True,0.1371092313350496,False,True,0.0199622304124572,False,True,10.68740504789097,False,True,0.27,False,True,0.0024999379953039,False,True,29.999992221751903,False,True,0.1999981745692452,False,True,0.05,False,True,0.0,False,True,0.08,False,True,0.4,False,True,0.0079993894255905,False,True,29.9999480810144,False,True,0.0059996332166505,False,True,77.86183774761359,False,True,4.221413829600266,False,True,0.3584426183586022,False,0
scene_345,dense,True,Small Packet,True,,REJECT,surface_warp,0.819106445352872,True,0.4,False,True,0.0286763105439028,False,True,0.15,True,True,-0.2047619047619048,True,True,0.0123869655664774,True,True,11.047144534259608,True,True,-0.01,True,True,0.0003115784674723,False,True,23.90572664508399,False,True,0.0317962020687474,False,True,0.05,False,True,0.0,False,True,0.08,False,True,0.4,False,False,-0.007678418631909,False,True,29.551405999605723,False,False,-0.0088143000033285,False,True,96.34509842798956,False,True,4.131342352893833,False,True,1.0,False,0
scene_346,dense,True,SM_Little_Package,True,,REJECT,bbox_extent,0.8911156231745638,True,0.4,False,True,0.0277837912145786,False,False,-0.0229262669192603,False,True,0.159088412959912,False,True,0.0186279845256842,False,True,11.51568962118854,False,True,0.4,False,True,0.0024998962703016,False,True,29.999988108309154,False,True,0.1718030840074038,False,True,0.05,False,True,0.0,False,True,0.08,False,True,0.4,False,True,0.0026323478291782,False,True,26.886842390308964,False,True,0.0023907281370917,False,True,651.2027069487241,False,True,4.310452512322019,False,True,-0.036435105437673,False,0
scene_347,dense,True,Louis_Vuitton_Package,True,,REJECT,bbox_extent,0.9583737572475656,True,0.4,False,True,0.0297532752474209,False,False,-0.0241725114964848,False,True,0.0585668610118487,False,True,0.0195650464032018,False,True,10.987753998495233,False,True,0.4,False,True,0.0024999030997979,False,True,29.999959781914203,False,True,0.1999995474293721,False,True,0.05,False,True,0.0,False,True,0.08,False,True,0.4,False,True,0.0079993745979401,False,True,29.999916156124193,False,True,0.0059996385838461,False,True,534.6639681846277,False,True,4.313740718670896,False,True,-0.0270293813204179,False,0
scene_348,dense,True,SM_Little_Package,True,,ACCEPT,,1.1564749922175197,True,0.4,False,True,0.0270395674209773,False,True,0.1168802127953359,False,True,0.1725823591923485,False,True,0.0186383501962089,False,True,10.938799477192068,False,True,0.4,False,True,0.002499945370781,False,True,29.99999879258173,False,True,0.1551430647075175,False,True,0.05,False,True,0.0,False,True,0.08,False,True,0.4,False,True,0.0025831295899573,False,True,26.167476303874057,False,True,0.0016892481227211,False,True,628.7617494906908,False,True,4.311552488943651,False,True,1.0,False,0
scene_349,dense,True,Amazon_Book_Package,False,single_object,ACCEPT,,1.1996577131832298,True,0.4,False,True,0.0296330914639041,False,True,0.0915376821270312,True,True,0.1661855670103093,True,True,0.0194454121803757,True,True,9.38329525511702,True,True,-0.2199999999999999,True,True,0.002499941160935,False,True,29.99998845036419,False,True,0.1999987075533658,False,True,0.05,False,True,0.0,False,True,0.08,False,True,0.4,False,True,0.0079994040616304,False,True,29.99994299502268,False,True,0.0059996370989885,False,True,62.93001374400302,False,True,4.178820456664825,False,True,1.0,False,0
scene_350,chaotic,True,Ikea Cardboard Package,True,,ACCEPT,,1.1897154117595363,True,0.4,False,True,0.0216486442231835,False,True,0.1080552499862931,False,True,0.1369501466275658,False,True,0.0104759592126136,False,True,8.350562630656722,False,True,0.32,False,True,0.0024998825033151,False,True,25.9723393510582,False,True,0.1999987305615383,False,True,0.05,False,True,0.0,False,True,0.08,False,True,0.4,False,True,0.0079993443956268,False,True,29.999981178211897,False,True,0.0059995087967216,False,True,8.804398263982344,False,True,3.6165882788216814,False,True,1.0,False,0
scene_352,chaotic,True,Small Packet,True,,REJECT,bbox_extent,1.1525573793212764,True,0.4,False,True,0.0265634651778287,False,False,-0.0213666236978157,False,True,0.0300709830070982,False,True,0.0117528341596139,False,True,7.169338230008956,False,True,0.2299999999999999,False,True,0.0024998801034087,False,True,24.771163953086873,False,True,0.1867839191742611,False,True,0.0,False,True,0.0177074417675062,False,True,0.08,False,True,0.4,False,True,0.0067440517029432,False,True,29.99998205043699,False,True,0.0053472077668081,False,True,60.68352207217238,False,True,4.294501952234986,False,True,1.0,False,0
scene_353,chaotic,True,Small Packet,True,,REJECT,bbox_extent,1.1081910114832474,True,0.4,False,True,0.0268532108116675,False,False,-0.0723886114137468,False,False,-0.0384088514225501,False,True,0.0135192343738881,False,True,7.044472410419557,False,True,0.4,False,True,0.0024998741565044,False,True,24.78692239959702,False,True,0.1999981186341743,False,True,0.05,False,True,0.0,False,True,0.08,False,True,0.4,False,True,0.0079990935310512,False,True,29.999995817380423,False,True,0.0059994586616854,False,True,210.25316602417104,False,True,4.312246082509245,False,True,1.0,False,0
scene_354,chaotic,True,Amazon_Book_Package,False,single_object,ACCEPT,,1.1847630787778864,True,0.4,False,True,0.0200861243346628,False,True,0.1101213307658054,False,True,0.120903392697244,False,True,0.0101088560971173,False,True,11.251545872523256,False,True,0.03,False,True,0.0024998925511572,False,True,29.999992221751903,False,True,0.1999473517968412,False,True,0.05,False,True,0.0,False,True,0.08,False,True,0.4,False,True,0.0079365887149304,False,True,29.99995561198052,False,True,0.0059995247348704,False,True,35.448122333043514,False,True,3.856954390668479,False,True,1.0,False,0
scene_355,chaotic,True,Amazon_Book_Package,False,footprint_containment,ACCEPT,,1.1623146275890126,True,0.4,False,True,0.0188144599672226,False,True,0.0944549119402836,False,True,0.1136480058543724,False,True,0.0091266984853198,False,True,6.48926142293316,False,True,0.29,False,True,0.0024998844797935,False,True,24.260575437764253,False,True,0.1999976356271744,False,True,0.05,False,True,0.0,False,True,0.08,False,True,0.4,False,True,0.0079993081747094,False,True,29.999955341843464,False,True,0.0059995167549417,False,True,29.74900071620453,False,True,4.211928904720213,False,True,1.0,False,0
scene_356,chaotic,True,Envelope_Stack,False,single_object,ACCEPT,,1.0831815737923656,True,0.4,False,True,0.0297047744936784,False,True,0.044186401816609,False,True,0.1579118806788959,False,True,0.0153483566958959,False,True,10.749202640038844,False,True,0.19,False,True,0.0017674405348901,False,True,26.412470428388616,False,True,0.1404298824370053,False,True,0.05,False,True,0.0,False,True,0.08,False,True,0.4,False,True,0.0017737770069365,False,True,27.487372266457474,False,True,0.0020611052583733,False,True,35.399252674841115,False,True,4.195176406411649,False,True,1.0,False,0
scene_357,chaotic,True,Amazon_A2_Package,False,single_object,ACCEPT,,1.0419336594162327,True,0.4,False,True,0.0299930968640236,False,True,0.1259949899637381,False,True,0.1067366142060121,False,True,0.0184213910991155,False,True,9.761486958754642,False,True,0.37,False,True,0.0023808571382684,False,True,29.12153280354304,False,True,0.1932866045126507,False,True,0.05,False,True,0.0,False,True,0.08,False,True,0.4,False,True,0.0073582911782779,False,True,29.96339621299097,False,True,0.0055487296162003,False,True,80.16923379274999,False,True,4.201318781751041,False,True,0.0673531460450783,False,0
scene_358,chaotic,True,Amazon_Book_Package,False,single_object,REJECT,corridor_clear,0.9878635330253848,True,0.4,False,True,0.0298784357752767,False,True,0.0939031105834416,False,True,0.1753704060034635,False,True,0.0196740480456776,False,True,10.702667157737858,False,True,0.2199999999999999,False,True,0.0024998743440874,False,True,29.99996956204151,False,True,0.1999975749926294,False,True,0.05,False,True,0.0,False,True,0.08,False,True,0.4,False,True,0.0079991317849073,False,True,29.999997300130673,False,True,0.0059995009881243,False,True,100.42040584875576,False,True,4.232828837541436,False,False,-0.0729412406173299,False,51
scene_359,chaotic,True,Amazon_A2_Package,False,footprint_containment,ACCEPT,,1.145546209457719,True,0.4,False,True,0.0236345118445952,False,True,0.1020903814379883,True,True,0.1230844987197162,True,True,0.0119417531128691,True,True,7.372567904197024,True,True,-0.2099999999999999,True,True,0.0024005898078194,False,True,25.576978678443048,False,True,0.194107554236436,False,True,0.05,False,True,0.0,False,True,0.08,False,True,0.4,False,True,0.0074784383347139,False,True,29.894851356682683,False,True,0.0056018218803329,False,True,80.64257916359028,False,True,4.205886815738855,False,True,1.0,False,0
scene_360,chaotic,True,Small Packet,True,,ACCEPT,,1.1851238001339253,True,0.4,False,True,0.0292229644639049,False,True,0.0402876375483813,False,True,0.1268556980314249,False,True,0.0162269198379596,False,True,11.017742544315164,False,True,0.17,False,True,0.002499884423939,False,True,29.999983204295404,False,True,0.1918422773997679,False,True,0.05,False,True,0.0,False,True,0.08,False,True,0.4,False,True,0.0070645987351801,False,True,29.999950121786565,False,True,0.0056246924094042,False,True,82.05218552886004,False,True,4.277462601769194,False,True,1.0,False,0
scene_361,chaotic,True,Small_Shipping_Bag,True,,ACCEPT,,1.227907783432042,True,0.4,False,True,0.0292699350623025,False,True,0.1263272300691434,False,True,0.1656750572082379,False,True,0.0158862538371681,False,True,8.131223096149416,False,True,0.4,False,True,0.0024998691967744,False,True,26.014017166081366,False,True,0.1999415439482743,False,True,0.05,False,True,0.0,False,True,0.08,False,True,0.4,False,True,0.0079622402807956,False,True,29.999981412032007,False,True,0.0059994247731096,False,True,188.42747816804476,False,True,4.298307777054376,False,True,1.0,False,0
scene_362,chaotic,True,Amazon_A2_Package,False,single_object;footprint_containment,ACCEPT,,1.249776111361203,True,0.4,False,True,0.0284278848874699,False,True,0.1102619876313471,False,True,0.1370965320522443,False,True,0.0148627773785162,False,True,11.384356411679567,False,True,0.25,False,True,0.0024187003890648,False,True,26.862433136213532,False,True,0.1923330926670112,False,True,0.0,False,True,0.0199999999999999,False,True,0.08,False,True,0.4,False,True,0.0066619137698371,False,True,29.96363612324407,False,True,0.0054635008050899,False,True,45.18066677773674,False,True,4.184765395645413,False,True,1.0,False,0
scene_364,chaotic,True,Black Package,True,,ACCEPT,,1.1772929793683822,True,0.4,False,True,0.0177804765679688,False,True,0.0741638186046807,False,True,0.1987275040901653,False,True,0.009812405361799,False,True,6.647147712316489,False,True,0.4,False,True,0.0024999052052527,False,True,24.63984321381148,False,True,0.1999996264006305,False,True,0.05,False,True,0.0,False,True,0.08,False,True,0.4,False,True,0.0079992946255822,False,True,29.999976587291098,False,True,0.0059995575367965,False,True,52.101355426185194,False,True,4.195327386421058,False,True,1.0,False,0
scene_365,chaotic,True,Paper_Shopping_Bag,True,,REJECT,suction_area,1.025227588859024,True,0.4,False,True,0.0270006806441586,False,True,0.1024206658410598,False,True,0.1584268180018476,False,True,0.0067890754657977,False,True,4.962571967136985,False,True,0.18,False,True,0.0022606789813491,False,True,15.931808627731847,False,True,0.0941627710173002,False,False,-0.0749999999999999,False,True,0.008418745424597,False,True,0.08,False,True,0.4,False,False,-0.0011175035408627,False,True,29.676441967728643,False,False,-0.0005402545681239,False,True,43.25252436391489,False,True,4.153382772690091,False,True,1.0,False,0
scene_366,chaotic,True,Amazon_A2_Package,False,single_object,ACCEPT,,1.209166043863756,True,0.4,False,True,0.0299187219207755,False,True,0.1295794081105305,False,True,0.1338426966292134,False,True,0.018028620334749,False,True,11.316237751557916,False,True,0.3,False,True,0.0023826327867672,False,True,29.239299452478733,False,True,0.1934386964788395,False,True,0.05,False,True,0.0,False,True,0.08,False,True,0.4,False,True,0.005937334989158,False,True,29.701090762050345,False,True,0.0046397862796668,False,True,40.28961084677338,False,True,4.062065433700223,False,True,1.0,False,0
scene_367,chaotic,True,Envelope_Stack,False,single_object,ACCEPT,,1.0882063979937708,True,0.4,False,True,0.0290038575444994,False,True,0.0806305953883789,False,True,0.1533514890626371,False,True,0.0154664623383709,False,True,11.368100780722868,False,True,0.18,False,True,0.0017482004557605,False,True,25.665348384576415,False,True,0.1736436635797292,False,True,0.05,False,True,0.0,False,True,0.08,False,True,0.4,False,True,0.0007652888691279,False,True,28.167888692736252,False,True,0.001461092848045,False,True,33.36309820580914,False,True,3.8715281711861698,False,True,1.0,False,0
scene_369,chaotic,True,Small Packet,True,,REJECT,bbox_inlier,1.148477502177313,True,0.4,False,True,0.0295252105213285,False,True,0.0988069564955223,False,False,-0.1346100278551533,False,True,0.0131695489769692,False,True,8.505146470288098,False,True,0.2,False,True,0.00249988995195,False,True,26.285352089297746,False,True,0.1833292445617763,False,False,-0.0583333333333332,False,True,0.008418745424597,False,True,0.08,False,True,0.4,False,True,0.0065522026899938,False,True,29.999979940861177,False,True,0.0051935918947383,False,True,139.77029963158014,False,True,4.302827307970099,False,True,1.0,False,0
scene_370,chaotic,True,Colis VistaPrint,True,,ACCEPT,,1.1640660308179285,True,0.4,False,True,0.0299937967703665,False,True,0.0913147195580901,False,True,0.1675271739130434,False,True,0.0199921853397691,False,True,11.475365860369244,False,True,0.14,False,True,0.002499881761498,False,True,29.99997788413118,False,True,0.1999988398665099,False,True,0.05,False,True,0.0,False,True,0.08,False,True,0.4,False,True,0.0079992561797749,False,True,29.999954412964225,False,True,0.0059997368222687,False,True,23.856402658560775,False,True,4.193205561846171,False,True,0.3121121468923226,False,0
scene_371,chaotic,True,Amazon_A2_Package,False,single_object,ACCEPT,,1.2705212406257809,True,0.4,False,True,0.029779981413688,False,True,0.0949170692988634,False,True,0.1642768748453097,False,True,0.017713143497747,False,True,11.457787373086,False,True,0.33,False,True,0.0024014840187395,False,True,29.45074669744824,False,True,0.1914047568524488,False,True,0.0,False,True,0.0199999999999999,False,True,0.08,False,True,0.4,False,True,0.0072610319875837,False,True,29.96721943498667,False,True,0.0054337193951424,False,True,52.34642066501587,False,True,4.184514217862753,False,True,1.0,False,0
scene_372,chaotic,True,Carton Magdeleine,True,,ACCEPT,,1.058215041485865,True,0.4,False,True,0.0299871508648767,False,True,0.1052767824429688,False,True,0.1007532956685498,False,True,0.019975479735094,False,True,9.027835832228837,False,True,0.19,False,True,0.0024998878605489,False,True,29.99999743867906,False,True,0.1999982486653389,False,True,0.05,False,True,0.0,False,True,0.08,False,True,0.4,False,True,0.0079992844674775,False,True,29.999984703387632,False,True,0.0059995239873948,False,True,146.36627355981855,False,True,4.271768876115095,False,True,0.1095621824656888,False,0
scene_374,chaotic,True,Amazon_Book_Package,True,,ACCEPT,,1.1777246923464144,True,0.4,False,True,0.0272920215758024,False,True,0.0496755559206462,False,True,0.0802447552447551,False,True,0.0156280778535746,False,True,10.147882421371476,False,True,0.17,False,True,0.0024998634667182,False,True,27.264184001962917,False,True,0.1999974484123043,False,True,0.05,False,True,0.0,False,True,0.08,False,True,0.4,False,True,0.0079991386230716,False,True,29.999967986334305,False,True,0.0059994081992659,False,True,43.545599292768266,False,True,4.229367120852803,False,True,1.0,False,0
scene_375,chaotic,True,Louis_Vuitton_Package,True,,REJECT,bbox_extent,1.1242951033923574,True,0.4,False,True,0.0255896546386581,False,False,-0.0500872443793746,False,True,0.0671983356449374,False,True,0.0128393046492448,False,True,5.977739148339011,False,True,0.4,False,True,0.002499870095403,False,True,23.19662061474992,False,True,0.1999981693264668,False,True,0.05,False,True,0.0,False,True,0.08,False,True,0.4,False,True,0.007999168012637,False,True,29.999952127730825,False,True,0.0059994469845351,False,True,92.26248316569442,False,True,4.276644960763396,False,True,0.5668948484745309,False,0
scene_376,chaotic,True,Small_Shipping_Bag,True,,ACCEPT,,1.1772494928507344,True,0.4,False,True,0.0299884688329948,False,True,0.0182357954424818,False,True,0.1058476394849785,False,True,0.0177645889077452,False,True,10.863054082413075,False,True,0.25,False,True,0.0024998921920148,False,True,29.999974103763133,False,True,0.1875034827410775,False,True,0.05,False,True,0.0,False,True,0.08,False,True,0.4,False,True,0.0067299312445358,False,True,29.999951051138257,False,True,0.0054246049280636,False,True,105.00756200584816,False,True,4.30409774183766,False,True,1.0,False,0
scene_377,chaotic,True,Amazon_Book_Package,False,single_object,ACCEPT,,1.0618326996993352,True,0.4,False,True,0.0294571320848947,False,True,0.1080481926852877,False,True,0.1500541209216019,False,True,0.0189421270360208,False,True,9.740063473495852,False,True,0.35,False,True,0.0024998777085936,False,True,29.9999884188508,False,True,0.1999980639893654,False,True,0.05,False,True,0.0,False,True,0.08,False,True,0.4,False,True,0.0079992739710853,False,True,29.99997014232588,False,True,0.0059995175288626,False,True,2.9044962188011496,False,True,3.061683469641354,False,True,0.3103036104007242,False,0
scene_378,chaotic,True,Colis VistaPrint,True,,ACCEPT,,1.2438954397005657,True,0.4,False,True,0.0299774726759671,False,True,0.0869069289597305,False,True,0.1854809437386569,False,True,0.0199709862262496,False,True,11.590135538859988,False,True,0.37,False,True,0.0024998655931641,False,True,29.9999655303759,False,True,0.1999978178453185,False,True,0.05,False,True,0.0,False,True,0.08,False,True,0.4,False,True,0.0079992515281151,False,True,29.99997425904314,False,True,0.0059994965716118,False,True,193.09874833343713,False,True,4.308756186919972,False,True,1.0,False,0
scene_379,chaotic,True,Asset_Package_in_paper_with_rope,False,surface_contact,REJECT,suction_area,0.7252720294542525,True,0.4,False,True,0.0268264278411639,False,True,0.0799466233099592,False,True,0.1689126662810872,False,True,0.0158805061606183,False,True,10.95820231764129,False,True,0.32,False,True,0.0023557597723646,False,True,29.698393476458612,False,True,0.1436199150933206,False,False,-0.0499999999999999,False,True,0.0177074417675062,False,True,0.0633333333333332,False,True,0.4,False,False,-0.0097358117022556,False,True,28.043647087525947,False,False,-0.0042951841025468,False,True,87.95119114956226,False,True,4.1967995988335876,False,False,-0.2014415257902424,False,57
scene_380,chaotic,True,Paper_Coffee_Bag,False,footprint_containment,REJECT,bbox_extent,0.6016641699242298,True,0.4,False,True,0.0299693166267867,False,False,-0.0446991631972615,False,True,0.1073426573426572,False,True,0.0163901388417876,False,True,8.115954484039934,False,True,0.06,False,True,0.0012623864316848,False,True,29.724513535260716,False,False,-0.2391659794847521,False,False,-0.1083333333333332,False,True,0.0123792402008341,False,True,0.0216666666666666,False,True,0.3166666666666667,False,False,-0.0328124226496891,False,True,28.86830084660929,False,False,-0.0270037068400556,False,True,176.07449145272471,False,True,4.2819950104982745,False,True,1.0,False,0
scene_381,chaotic,True,Black Package,True,,ACCEPT,,1.256117657193755,True,0.4,False,True,0.0296928590017621,False,True,0.1208009533500438,False,True,0.1852979784720398,False,True,0.0196401672549889,False,True,11.481546656000273,False,True,0.4,False,True,0.0024999404274803,False,True,29.99999829245271,False,True,0.199998716321501,False,True,0.05,False,True,0.0,False,True,0.08,False,True,0.4,False,True,0.0079994021053953,False,True,29.9999261843678,False,True,0.0059996410250207,False,True,80.31236314465887,False,True,4.250828648134298,False,True,1.0,False,0
scene_382,chaotic,True,Louis_Vuitton_Package,True,,REJECT,bbox_inlier,1.1424616918299595,True,0.4,False,True,0.0279876608467491,False,True,0.0149948917960206,False,False,-0.0246638716206448,False,True,0.0159581909355537,False,True,9.10592879735166,False,True,0.12,False,True,0.0024998892686447,False,True,27.04156359884907,False,True,0.1999993499929994,False,True,0.05,False,True,0.0,False,True,0.08,False,True,0.4,False,True,0.0079992662455878,False,True,29.99995197570672,False,True,0.0059994783083945,False,True,62.74142035997707,False,True,4.256161537618417,False,True,1.0,False,0
scene_383,chaotic,True,Amazon_A2_Package,False,footprint_containment,ACCEPT,,1.161938754415219,True,0.4,False,True,0.0244622117302966,False,True,0.0562650752265388,False,True,0.1472336794197126,False,True,0.0126943605973488,False,True,7.338666825242869,False,True,0.31,False,True,0.0023783413743619,False,True,25.35188071453991,False,True,0.1911912673907648,False,True,0.05,False,True,0.0,False,True,0.08,False,True,0.4,False,True,0.0072098936217876,False,True,29.99498118880132,False,True,0.0054201022748504,False,True,23.557370822937877,False,True,3.890082508009841,False,True,1.0,False,0
scene_384,chaotic,True,Vintage_Envelope,False,footprint_containment,REJECT,bbox_extent,0.9206927214095167,True,0.4,False,True,0.0284120832509604,False,False,-0.0126171766936898,False,True,0.0276227014155311,False,True,0.0129333054622591,False,True,8.700308291480207,False,True,0.36,False,True,0.0024999154234713,False,True,25.16194229546261,False,True,0.1624709015371825,False,True,0.05,False,True,0.0,False,True,0.08,False,True,0.4,False,True,0.0007293900043997,False,True,29.99997762200803,False,True,0.0040849900607312,False,True,95.46131950592968,False,True,4.264445793738132,False,True,0.1209561753858081,False,0
scene_385,chaotic,True,Amazon_A2_Package,False,single_object,ACCEPT,,1.1860595748107334,True,0.4,False,True,0.0295581939590875,False,True,0.046162758292467,False,True,0.1935705100728675,False,True,0.0182966138350347,False,True,11.768069256532511,False,True,0.2299999999999999,False,True,0.0023909979167741,False,True,29.10608572376615,False,True,0.1894943909168263,False,True,0.05,False,True,0.0,False,True,0.08,False,True,0.4,False,True,0.0058845804977133,False,True,29.71532955056076,False,True,0.0046066810558502,False,True,76.97643443079922,False,True,4.156164120008121,False,True,1.0,False,0
scene_386,chaotic,True,Amazon_A2_Package,False,single_object,ACCEPT,,1.0942080489265649,True,0.4,False,True,0.0297604664058439,False,True,0.0663299369985003,False,True,0.0755416012558869,False,True,0.0177594958585468,False,True,10.270253914066492,False,True,0.27,False,True,0.0023902679358108,False,True,29.46988807877218,False,True,0.1911844381538624,False,True,0.0,False,True,0.0199999999999999,False,True,0.08,False,True,0.4,False,True,0.0071655380843502,False,True,29.929289268356897,False,True,0.0053897750960818,False,True,1.941827039160771,False,True,3.5744487802081997,False,True,1.0,False,0
scene_387,chaotic,True,Space_Food_Bag,True,,REJECT,suction_area,0.8868790481574281,True,0.4,False,True,0.0294659743577178,False,True,0.0630026300777901,False,True,0.0035900647046545,False,True,0.0104771095068773,False,True,7.843848244913515,False,True,0.2,False,True,0.0015487552133922,False,True,25.50729298136858,False,True,0.0172152304592229,False,False,-0.1666666666666666,False,True,0.0112310562561766,False,True,0.08,False,True,0.4,False,False,-0.0097949029145627,False,True,29.234368986229665,False,False,-0.0063965407703962,False,True,132.70491959827166,False,True,4.306723594787323,False,True,1.0,False,0
scene_388,chaotic,True,Amazon_A2_Package,False,single_object,ACCEPT,,1.20894368348685,True,0.4,False,True,0.0299101454701347,False,True,0.1020115436396894,False,True,0.1023332047821056,False,True,0.018096215229555,False,True,9.629032474828035,False,True,0.3399999999999999,False,True,0.0023899100407171,False,True,28.980766403296485,False,True,0.1930225823679241,False,True,0.05,False,True,0.0,False,True,0.08,False,True,0.4,False,True,0.0073658369368836,False,True,29.956740975121463,False,True,0.0055627437285045,False,True,17.57940995187011,False,True,3.829062448817111,False,True,1.0,False,0
scene_389,chaotic,True,Amazon_A2_Package,False,single_object,ACCEPT,,1.1180746682522371,True,0.4,False,True,0.0298726621930084,False,True,0.0922590762480491,False,True,0.1113389626055487,False,True,0.018429509977104,False,True,11.88260825087986,False,True,0.4,False,True,0.0023964317865768,False,True,29.595106232764003,False,True,0.1939545084513803,False,True,0.05,False,True,0.0,False,True,0.08,False,True,0.4,False,True,0.0074971685264368,False,True,29.963711780058492,False,True,0.0056109766257161,False,True,74.89868443815644,False,True,4.194334642997278,False,True,0.2304206956820059,False,0
scene_390,chaotic,True,Black Package,True,,ACCEPT,,1.0602143700510418,True,0.4,False,True,0.0297968218416217,False,True,0.0622843376789601,False,True,0.1903486924034868,False,True,0.0196760865434035,False,True,11.786152368218112,False,True,0.27,False,True,0.0024998815432535,False,True,29.999974730607672,False,True,0.1999969262392049,False,True,0.05,False,True,0.0,False,True,0.08,False,True,0.4,False,True,0.0079990357874585,False,True,29.999946490796713,False,True,0.0059994441749205,False,True,88.26558410100272,False,True,4.247539802649268,False,True,0.0870849123590275,False,0
scene_392,chaotic,True,Small Packet,True,,ACCEPT,,1.1541562124748597,True,0.4,False,True,0.0266230442658224,False,True,0.0789610106254045,False,True,0.0683094859565447,False,True,0.0113385815740615,False,True,6.95786067071463,False,True,0.25,False,True,0.0024998783406196,False,True,24.761557668257005,False,True,0.1905924981281682,False,True,0.05,False,True,0.0,False,True,0.08,False,True,0.4,False,True,0.0069926839411449,False,True,29.99996014605104,False,True,0.0055118516706214,False,True,72.89373579929394,False,True,4.311645057956312,False,True,1.0,False,0
scene_393,chaotic,True,Amazon_A2_Package,False,footprint_containment,ACCEPT,,1.1616367455289802,True,0.4,False,True,0.0275933578581319,False,True,0.0328724621378027,False,True,0.1905008635578583,False,True,0.0121513941358891,False,True,10.343840235794351,False,True,0.18,False,True,0.002388684978406,False,True,26.0983859152677,False,True,0.1929375800150738,False,True,0.05,False,True,0.0,False,True,0.08,False,True,0.4,False,True,0.006601377072958,False,True,29.88871316147053,False,True,0.0050138875439473,False,True,32.850494150108105,False,True,4.185555864562861,False,True,1.0,False,0
scene_394,chaotic,True,Amazon_Book_Package,False,single_object,ACCEPT,,1.1781088484849127,True,0.4,False,True,0.0297206102153518,False,True,0.1134675923118186,False,True,0.0739210044467695,False,True,0.0192499608074975,False,True,11.1471122118323,False,True,0.18,False,True,0.0024998810596221,False,True,29.999992128595913,False,True,0.1999992172160673,False,True,0.05,False,True,0.0,False,True,0.08,False,True,0.4,False,True,0.0079992764110666,False,True,29.99998475111509,False,True,0.0059995223999215,False,True,78.79205562948121,False,True,4.209560848121586,False,True,0.3614791570532946,False,0
scene_395,chaotic,True,Куб,True,,REJECT,bbox_extent,1.043834292521857,True,0.4,False,True,0.0291672923342646,False,False,-0.0045335277550263,False,True,0.0944875923470354,False,True,0.014949157682831,False,True,9.20561241614532,False,True,0.39,False,True,0.00249988994313,False,True,25.932370101323983,False,True,0.199998773870125,False,True,0.05,False,True,0.0,False,True,0.08,False,True,0.4,False,True,0.0079993089391999,False,True,29.999954741942997,False,True,0.0059995094957744,False,True,41.30791601950446,False,True,4.115277519413595,False,True,0.1796806312053057,False,0
scene_396,chaotic,True,Amazon_Book_Package,False,single_object;footprint_containment,ACCEPT,,1.0455426815832178,True,0.4,False,True,0.0299133310405522,False,True,0.1320937938156511,False,True,0.1184619238476953,False,True,0.0191392385965566,False,True,8.54075376020875,False,True,0.32,False,True,0.0024998855117109,False,True,29.999951125653237,False,True,0.1742261203461945,False,True,0.05,False,True,0.0,False,True,0.08,False,True,0.4,False,True,0.0034093038881347,False,True,29.99994545194806,False,True,0.0050554462750164,False,True,44.260770713407226,False,True,4.048617865920028,False,True,0.1378416374500376,False,0
scene_397,chaotic,True,Amazon_Book_Package,False,footprint_containment,REJECT,bbox_inlier,1.115384510995907,True,0.4,False,True,0.0201824202080503,False,True,0.043646673677898,False,False,-0.01484375,False,True,0.0082971318115917,False,True,5.510138066095163,False,True,0.25,False,True,0.002499863608826,False,True,23.277493455637774,False,True,0.1999973428837887,False,True,0.05,False,True,0.0,False,True,0.08,False,True,0.4,False,True,0.0079990688114358,False,True,29.99996257003364,False,True,0.0059994164304513,False,True,60.0772069369934,False,True,4.271100276434854,False,True,1.0,False,0
scene_398,chaotic,True,Small Packet,True,,REJECT,bbox_extent,1.1134788300075722,True,0.4,False,True,0.0283321105270305,False,False,-0.0337688457676805,False,False,-0.0084900591080064,False,True,0.0143550827125743,False,True,7.954417594278716,False,True,0.21,False,True,0.0024998634840511,False,True,26.971126546137256,False,True,0.1897718610275413,False,True,0.0,False,True,0.0199999999999999,False,True,0.08,False,True,0.4,False,True,0.0068767731631918,False,True,29.9999249407192,False,True,0.0054593471553418,False,True,73.16232766832087,False,True,4.307473249702284,False,True,0.3424503310628622,False,0
scene_399,chaotic,True,Amazon_A2_Package,False,single_object,ACCEPT,,1.2228508383055432,True,0.4,False,True,0.0298512485017154,False,True,0.0998070877332668,False,True,0.1195626708317063,False,True,0.0185096374699988,False,True,11.351392901029508,False,True,0.4,False,True,0.0023971605303479,False,True,29.499978659563137,False,True,0.1942041131586455,False,True,0.05,False,True,0.0,False,True,0.08,False,True,0.4,False,True,0.0074560022545588,False,True,29.95168979566337,False,True,0.0055948205599593,False,True,14.371933283883124,False,True,3.6420787542715423,False,True,1.0,False,0
scene_400,chaotic,True,POP_Drinks_Pack,True,,ACCEPT,,1.1484407210307896,True,0.4,False,True,0.0230596847900761,False,True,0.0219001805769879,False,True,0.1837116839810183,False,True,0.0130334846108601,False,True,9.569563145532795,False,True,0.15,False,True,0.0022326925722917,False,True,27.634845094534143,False,True,0.1926066351546531,False,True,0.05,False,True,0.0,False,True,0.08,False,True,0.4,False,True,0.0069757758230346,False,True,29.870262707825752,False,True,0.0050915876643017,False,True,37.11981631292707,False,True,4.166307720657092,False,True,1.0,False,0
scene_401,chaotic,True,Amazon_Book_Package,False,single_object,ACCEPT,,1.2147833039924754,True,0.4,False,True,0.0298629346994825,False,True,0.055944961193624,False,True,0.1463265306122448,False,True,0.019637886577799,False,True,11.765576672390244,False,True,0.18,False,True,0.0024999405944456,False,True,29.9999888028636,False,True,0.1999986684226036,False,True,0.05,False,True,0.0,False,True,0.08,False,True,0.4,False,True,0.007999391638454,False,True,29.999932654629188,False,True,0.0059996339043576,False,True,42.49566734316628,False,True,4.19529456459486,False,True,1.0,False,0
scene_402,chaotic,True,China Package,True,,ACCEPT,,1.2387104995239124,True,0.4,False,True,0.0298483088195925,False,True,0.0775358734350463,False,True,0.1872429836410025,False,True,0.0197296573530888,False,True,11.458294633738024,False,True,0.35,False,True,0.0024998724482787,False,True,29.999983936344705,False,True,0.199998691911943,False,True,0.05,False,True,0.0,False,True,0.08,False,True,0.4,False,True,0.0079991791701928,False,True,29.999956608471553,False,True,0.0059994071346268,False,True,20.25951103920096,False,True,3.895727736750034,False,True,1.0,False,0
scene_403,chaotic,True,Packaging_Tube,False,footprint_containment,REJECT,normal_scatter,0.2763643597509516,True,0.4,False,True,0.0299769325174122,False,True,0.119273213489804,False,True,0.1731182795698924,False,True,0.0199313489249755,False,True,10.160853774610908,False,True,0.04,False,True,0.0024990962457801,False,True,29.9967470703074,False,False,-0.7490662207065961,False,False,-0.3166666666666666,False,False,-0.0199999999999999,False,False,-0.2033333333333333,False,False,-0.0999999999999999,False,False,-0.0355589856797321,False,True,27.80596900104824,False,False,-0.0116204808258959,False,True,1204.1689051934252,False,True,4.314404679361906,False,True,0.0612502841445977,False,0
scene_404,chaotic,True,Amazon_A2_Package,False,single_object,ACCEPT,,1.1929205482988383,True,0.4,False,True,0.0299042474475652,False,True,0.0523081568830932,False,True,0.0771989462054898,False,True,0.0181187468829682,False,True,11.038727261218575,False,True,0.33,False,True,0.0024173595923274,False,True,29.43506662067053,False,True,0.1932592681127344,False,True,0.05,False,True,0.0,False,True,0.08,False,True,0.4,False,True,0.0073947612715907,False,True,29.952862308405432,False,True,0.0055857321148655,False,True,12.87058359306112,False,True,3.732867519936252,False,True,1.0,False,0
scene_405,chaotic,True,Amazon_A2_Package,False,footprint_containment,ACCEPT,,1.214403845446108,True,0.4,False,True,0.0246105627036255,False,True,0.1494283523187014,False,True,0.1281518774910844,False,True,0.0075111212906748,False,True,4.910729653811415,False,True,0.18,False,True,0.002400456436267,False,True,23.42424011336984,False,True,0.1912812511929779,False,True,0.0,False,True,0.02,False,True,0.08,False,True,0.4,False,True,0.0072921067644128,False,True,29.93139403185035,False,True,0.0054317115249968,False,True,32.43714447684717,False,True,4.147141920778619,False,True,1.0,False,0
scene_406,chaotic,True,SM_Little_Package,True,,ACCEPT,,0.9192049086186824,True,0.4,False,True,0.0270603479410673,False,True,0.0690322936880172,True,True,0.159891062144095,True,True,0.018595871217956,True,True,10.619315932209936,True,True,-0.2599999999999999,True,True,0.002499915238001,False,True,30.0,False,True,0.1742965757973264,False,True,0.05,False,True,0.0,False,True,0.08,False,True,0.4,False,True,0.0025423603057915,False,True,26.100795519404272,False,True,0.0017031607627911,False,True,230.53231838616944,False,True,4.291073229342723,False,True,0.0614402576753804,False,0
scene_407,chaotic,True,Asset_Package_in_paper_with_rope,False,surface_contact,REJECT,suction_area,0.6504709421113095,True,0.4,False,True,0.02776237499892,False,True,0.1246211255944727,False,True,0.1381945798401247,False,True,0.0133045623585792,False,True,10.55938171995686,False,True,0.2,False,True,0.0024278253934216,False,True,27.29524371923304,False,True,0.1171959319917539,False,False,-0.125,False,False,-0.0027970589825291,False,True,0.0716666666666667,False,True,0.4,False,False,-0.0092580303234402,False,True,29.880084173855067,False,False,-0.0052030864039415,False,True,39.839387320685795,False,True,4.077141269856417,False,False,-0.2226914777896489,False,30
scene_408,chaotic,True,Amazon_A2_Package,False,single_object,ACCEPT,,1.2499971630002165,True,0.4,False,True,0.0298979606385656,False,True,0.1363446216202263,False,True,0.0158896289248334,False,True,0.0183893423992534,False,True,10.464176659165856,False,True,0.26,False,True,0.0024050047446998,False,True,29.27659145117713,False,True,0.1947014268050302,False,True,0.0,False,True,0.0199999999999999,False,True,0.08,False,True,0.4,False,True,0.0065704451872909,False,True,29.953648393790765,False,True,0.0055335479694196,False,True,141.0848210194625,False,True,4.265610730209699,False,True,1.0,False,0
scene_409,chaotic,True,Asset_Package_in_paper_with_rope,False,surface_contact,REJECT,surface_warp,0.7956289415495215,True,0.4,False,True,0.0277060578697644,False,True,0.0841354842982567,False,True,0.1668844334309528,False,True,0.0158299545237845,False,True,11.073309387899462,False,True,0.25,False,True,0.0024415087981682,False,True,29.386411203654728,False,True,0.0790959294242461,False,True,0.0,False,True,0.0177074417675062,False,True,0.0716666666666667,False,True,0.4,False,False,-0.0077120475766496,False,True,29.18573604801192,False,True,0.0029613507098633,False,True,94.09960933425704,False,True,4.202105255701267,False,False,-0.2101412276764097,False,35
scene_411,chaotic,False,,False,single_object,REJECT,planarity,0.3174949557066242,True,0.4,False,True,0.0283630527202808,False,True,0.15,True,True,0.1643574297188754,True,True,0.0092722622406907,True,True,5.842172737056484,True,True,-0.01,True,False,-0.0039191660096062,False,True,14.553068419741638,False,False,-0.1640002552064801,False,True,0.05,False,True,0.0,False,True,0.08,False,True,0.3285714285714286,False,False,-0.0194342839394606,False,True,19.42643314152121,False,False,-0.0166689582845582,False,True,69.71948318004185,False,True,4.180798835340278,False,True,0.029452882315894,False,0
scene_412,chaotic,False,,False,single_object,REJECT,normal_scatter,0.643285930450025,True,0.4,False,True,0.0291668111923379,False,True,0.057165094064585,False,True,0.0677698731828022,False,True,0.0165247218404279,False,True,11.234185327990724,False,True,0.26,False,True,0.001727571089025,False,True,28.342057097692944,False,False,-0.424814063972789,False,True,0.05,False,True,0.0,False,True,0.08,False,True,0.2571428571428572,False,False,-0.0205475688894355,False,True,28.69966087152268,False,False,-0.0220596231141196,False,True,35.840722228191524,False,True,3.967845745446314,False,True,1.0,False,0
scene_413,chaotic,True,Asset_Package_in_paper_with_rope,False,surface_contact,REJECT,surface_warp,0.6079201207427796,True,0.4,False,True,0.0261419079449836,False,True,0.0770334405885668,False,True,0.1820568200697789,False,True,0.0157915717388164,False,True,10.680550126535746,False,True,0.4,False,True,0.0023425776646003,False,True,29.0118777992808,False,True,0.1135618467140241,False,True,0.05,False,True,0.0,False,True,0.08,False,True,0.4,False,False,-0.0181054536500154,False,True,29.608388746047684,False,False,-0.0079448288827908,False,True,58.23722483090222,False,True,4.1725832444539135,False,False,-0.1919038326671911,False,46
scene_414,chaotic,True,Small Packet,True,,ACCEPT,,1.137823538584027,True,0.4,False,True,0.0299942783193618,False,True,0.0727442199527895,False,True,0.0012243428159883,False,True,0.0155629168832816,False,True,10.702944807492845,False,True,0.36,False,True,0.0024998939604289,False,True,29.999977027300684,False,True,0.1998795236360833,False,True,0.05,False,True,0.0,False,True,0.08,False,True,0.4,False,True,0.007904521260084,False,True,29.999979904555012,False,True,0.0059995328340448,False,True,163.91265221326873,False,True,4.296811462104274,False,True,0.3276257935199026,False,0
scene_415,chaotic,True,Amazon_Book_Package,False,single_object,ACCEPT,,1.139923865611168,True,0.4,False,True,0.0299816842312942,False,True,0.1046439772188295,False,True,0.1420905533817774,False,True,0.0199658447204455,False,True,11.983470697795628,False,True,0.18,False,True,0.0024999084717682,False,True,29.999960421352164,False,True,0.1999987472597696,False,True,0.05,False,True,0.0,False,True,0.08,False,True,0.4,False,True,0.0079993039918804,False,True,29.99992679419944,False,True,0.0059996051427791,False,True,64.03678900854213,False,True,4.27343643880835,False,True,0.252019021954894,False,0
scene_416,chaotic,True,Amazon_A2_Package,False,single_object,ACCEPT,,1.0642796354299735,True,0.4,False,True,0.0298306382687788,False,True,0.0573214616077125,False,True,0.1148448249503133,False,True,0.0185534614632776,False,True,11.682079661501486,False,True,0.4,False,True,0.0023882088822345,False,True,29.61414825930865,False,True,0.1933689419536677,False,True,0.05,False,True,0.0,False,True,0.08,False,True,0.4,False,True,0.0074341676325565,False,True,29.989405670769973,False,True,0.0055647886710857,False,True,174.76795039191657,False,True,4.266407684550421,False,True,0.1435417746455103,False,0
scene_417,chaotic,True,Big Package cardboard,True,,ACCEPT,,0.9520203164177352,True,0.4,False,True,0.0299776053188932,False,True,0.0162981984126729,False,True,0.1992027252301224,False,True,0.0199723958829651,False,True,11.94646423699849,False,True,0.16,False,True,0.0024998746926383,False,True,29.999991722357382,False,True,0.1999989508224915,False,True,0.05,False,True,0.0,False,True,0.08,False,True,0.4,False,True,0.0079992803734675,False,True,29.99997067191213,False,True,0.0059995194024865,False,True,33.13212721644289,False,True,4.257914253837738,False,True,-0.1020569562128022,False,0
scene_418,chaotic,True,Small Packet,True,,ACCEPT,,1.016153872084374,True,0.4,False,True,0.0299507028245578,False,True,0.0361212050188558,False,True,0.0371416701287909,False,True,0.0162205221078139,False,True,10.423711132543668,False,True,0.4,False,True,0.0024998808710963,False,True,29.999975686181397,False,True,0.1998317984699249,False,True,0.05,False,True,0.0,False,True,0.08,False,True,0.4,False,True,0.0078674378272093,False,True,29.999964570965385,False,True,0.0059995161994685,False,True,130.7277740544164,False,True,4.296665568137129,False,True,0.0765382879939228,False,0
scene_419,chaotic,True,Asset_Package_in_paper_with_rope,False,surface_contact,REJECT,surface_warp,0.738528384412312,True,0.4,False,True,0.0289425140587676,False,True,0.1130573694475922,False,True,0.1689063616869192,False,True,0.0159423657309046,False,True,10.604406484237831,False,True,0.4,False,True,0.0022389165737313,False,True,29.692320393704627,False,True,0.1466147548705155,False,True,0.05,False,True,0.0,False,True,0.08,False,True,0.4,False,False,-0.0082209879220941,False,True,27.01739970010907,False,False,-0.0024980876990934,False,True,154.23512134971537,False,True,4.265864480954402,False,False,-0.1863949221065322,False,42
scene_421,chaotic,True,Amazon_A2_Package,False,single_object,ACCEPT,,1.0073315360945907,True,0.4,False,True,0.0298404078108193,False,True,0.0207847411218826,False,True,0.1214117647058823,False,True,0.0184468089714989,False,True,11.37671615085956,False,True,0.4,False,True,0.0024083706574222,False,True,29.460388359192944,False,True,0.1958740098324646,False,True,0.05,False,True,0.0,False,True,0.08,False,True,0.4,False,True,0.0075430350299746,False,True,29.954214130316448,False,True,0.0056446577655594,False,True,123.98693212125026,False,True,4.254802059608519,False,True,0.0447501507890815,False,0
scene_422,chaotic,True,Amazon_Book_Package,False,footprint_containment,ACCEPT,,1.1638835665046696,True,0.4,False,True,0.0219786055829881,False,True,0.0662435434443905,False,True,0.1081407331076107,False,True,0.0113756952788251,False,True,8.052377847544628,False,True,0.19,False,True,0.0024998750678475,False,True,26.063167055870895,False,True,0.1999983438193088,False,True,0.05,False,True,0.0,False,True,0.08,False,True,0.4,False,True,0.0079990840015486,False,True,29.999921184159717,False,True,0.0059994751803363,False,True,67.23645690231452,False,True,4.289149270732774,False,True,1.0,False,0
scene_423,chaotic,True,Amazon_A2_Package,False,footprint_containment,REJECT,suction_area,1.1934249570397182,True,0.4,False,True,0.0223898410378975,False,True,0.08848934149039,False,True,0.1453189047384816,False,True,0.0116981483231878,False,True,6.5944082294952935,False,True,0.16,False,True,0.0024040432062453,False,True,24.628816643950913,False,True,0.1923369178179297,False,False,-0.0499999999999999,False,True,0.0177074417675062,False,True,0.08,False,True,0.4,False,True,0.0066816556338497,False,True,29.914342075752025,False,True,0.0054083890072402,False,True,40.64195388615888,False,True,4.177618936117276,False,True,1.0,False,0
scene_424,chaotic,True,Carton Magdeleine,True,,ACCEPT,,1.062771694104779,True,0.4,False,True,0.0298144313732983,False,True,0.103139613181872,False,True,0.1805447470817119,False,True,0.0197557675193971,False,True,11.854609215182846,False,True,0.19,False,True,0.0024998570532196,False,True,29.999951673093182,False,True,0.1999989589163905,False,True,0.05,False,True,0.0,False,True,0.08,False,True,0.4,False,True,0.0079992555131248,False,True,29.999985040677227,False,True,0.0059994188630633,False,True,241.6357015078898,False,True,4.311867710410609,False,True,0.0747915832738292,False,0
scene_425,chaotic,True,Amazon_A2_Package,False,single_object,ACCEPT,,1.0377829918746522,True,0.4,False,True,0.0298531104882701,False,True,0.0811428812625582,False,True,0.1448534719214667,False,True,0.0185362383459984,False,True,11.79375755912952,False,True,0.27,False,True,0.0023962492700881,False,True,29.64197604151222,False,True,0.1924786210193423,False,True,0.05,False,True,0.0,False,True,0.08,False,True,0.4,False,True,0.0072741527083689,False,True,29.93541866189321,False,True,0.0054948214442087,False,True,58.322625207186725,False,True,4.233492616016223,False,True,0.076795075523976,False,0
scene_426,chaotic,True,Small_Shipping_Bag,True,,ACCEPT,,1.0080481826615897,True,0.4,False,True,0.0299533235250472,False,True,0.0961326755591203,False,True,0.0960094690564761,False,True,0.0160348464658353,False,True,10.690791405331318,False,True,0.28,False,True,0.0024999120295362,False,True,29.99999608751764,False,True,0.1974213613789113,False,True,0.05,False,True,0.0,False,True,0.08,False,True,0.4,False,True,0.0075009820261506,False,True,29.99997855345072,False,True,0.0059172676354458,False,True,92.97216839872868,False,True,4.279367521432572,False,True,0.0137428889148466,False,0
scene_427,chaotic,True,Space_Food_Bag,False,footprint_containment;normal_alignment,REJECT,surface_warp,0.6733322353989891,True,0.4,False,True,0.0281799311082962,False,True,0.0929308321583436,False,True,0.0434552998868351,False,True,0.0106163539311997,False,True,6.040024683480079,False,True,0.2299999999999999,False,True,0.0011368798054356,False,True,5.810349829445855,False,True,0.0833645539765531,False,True,0.05,False,True,0.0,False,True,0.08,False,True,0.4,False,False,-0.0086801131427059,False,True,27.045746983582223,False,False,-0.0030834098506927,False,True,95.36328844935616,False,True,4.236447448850873,False,True,0.0355727977859396,False,0
scene_428,chaotic,True,Small_Shipping_Bag,True,,REJECT,suction_area,1.2317071253257883,True,0.4,False,True,0.0298470132588748,False,True,0.112009509846416,False,True,0.1033898305084745,False,True,0.0160745488380319,False,True,10.303298367882327,False,True,0.17,False,True,0.0024998625722475,False,True,30.0,False,True,0.187647801911698,False,False,-0.0249999999999999,False,True,0.0138634243989226,False,True,0.08,False,True,0.4,False,True,0.0067189769744885,False,True,29.99993755184151,False,True,0.0053135929107672,False,True,60.698353027375475,False,True,4.296228838103071,False,True,1.0,False,0
scene_429,chaotic,True,Storage_Box_with_Lid,True,,ACCEPT,,1.2037571919971044,True,0.4,False,True,0.0269516173435606,False,True,0.04438633240863,False,True,0.1931496422590957,False,True,0.0162842927089779,False,True,10.000019266013233,False,True,0.28,False,True,0.0024998889569347,False,True,27.915795655232145,False,True,0.1999989941311916,False,True,0.05,False,True,0.0,False,True,0.08,False,True,0.4,False,True,0.0079991829134417,False,True,29.999966343554135,False,True,0.0059994681402947,False,True,100.83168288497136,False,True,4.237525082398361,False,True,1.0,False,0
scene_430,lighting,True,Amazon_A2_Package,False,single_object,REJECT,bbox_extent,1.160646791398437,True,0.4,False,True,0.0298199406582768,False,False,-0.0432107702109971,False,True,0.0458709973954343,False,True,0.0182366820632116,False,True,11.733972034857263,False,True,0.4,False,True,0.002404072731724,False,True,29.395785541574508,False,True,0.1949641014177962,False,True,0.05,False,True,0.0,False,True,0.08,False,True,0.4,False,True,0.0074715556814308,False,True,29.905074303795256,False,True,0.0056195573212444,False,True,148.8835117618316,False,True,4.269629305678947,False,True,1.0,False,0
scene_431,lighting,True,Small Packet,True,,REJECT,bbox_extent,1.1044981902577935,True,0.4,False,True,0.0299928986937809,False,False,-0.1238074905000895,False,False,-0.1275890365993763,False,True,0.0144566699635388,False,True,10.684884686283812,False,True,0.4,False,True,0.0024999103848171,False,True,29.99999573113177,False,True,0.1999986893003003,False,True,0.05,False,True,0.0,False,True,0.08,False,True,0.4,False,True,0.0079992787841152,False,True,29.999976185989343,False,True,0.0059995252101473,False,True,204.17703770397023,False,True,4.305757142374444,False,True,1.0,False,0
scene_432,lighting,False,,False,single_object,ACCEPT,,1.2098491889350145,True,0.4,False,True,0.0298248473864734,False,True,0.1198078454205092,False,True,0.0363177407904077,False,True,0.0171003342967408,False,True,10.596804041747998,False,True,0.38,False,True,0.0024036811136286,False,True,29.45593806106215,False,True,0.1942815693401956,False,True,0.05,False,True,0.0,False,True,0.08,False,True,0.4,False,True,0.0074834622582488,False,True,29.938039802880457,False,True,0.0056209688011093,False,True,11.188993601613532,False,True,3.996134745101719,False,True,1.0,False,0
scene_434,lighting,True,Storage_Box_with_Lid,True,,ACCEPT,,1.262014831437645,True,0.4,False,True,0.0297387956668315,False,True,0.1374897384393308,False,True,0.180445332572081,False,True,0.0196847071133963,False,True,11.732389699742807,False,True,0.4,False,True,0.0024999891828257,False,True,29.99997024013998,False,True,0.1999980110939991,False,True,0.05,False,True,0.0,False,True,0.08,False,True,0.4,False,True,0.0079994893985494,False,True,29.999951334902164,False,True,0.0059995058187311,False,True,9.115844663897054,False,True,3.737561876612551,False,True,1.0,False,0
scene_436,lighting,True,SM_Little_Package,True,,ACCEPT,,1.0759761348991304,True,0.4,False,True,0.0272134524203208,False,True,0.1443049262323711,False,True,0.1839700774779588,False,True,0.0185928203538822,False,True,11.485861507269988,False,True,0.4,False,True,0.0024999066472492,False,True,30.0,False,True,0.172692216451461,False,True,0.05,False,True,0.0,False,True,0.08,False,True,0.4,False,True,0.0026597814559989,False,True,26.535232194485584,False,True,0.0019630370140116,False,True,612.63592340427,False,True,4.312244465619186,False,True,0.2350251358234009,False,0
scene_437,lighting,True,Black Package,True,,ACCEPT,,1.2421273446203978,True,0.4,False,True,0.0292851008037845,False,True,0.0963933459146477,False,True,0.1786422578184591,False,True,0.0189011191352543,False,True,10.713248826389645,False,True,0.4,False,True,0.0024999511716393,False,True,29.99999008004666,False,True,0.1999985027448465,False,True,0.05,False,True,0.0,False,True,0.08,False,True,0.4,False,True,0.0079995066939739,False,True,29.999928267769377,False,True,0.0059995178643098,False,True,259.70374711490393,False,True,4.295192006861654,False,True,1.0,False,0
scene_438,lighting,True,Small Packet,True,,REJECT,bbox_extent,1.1194449048081485,True,0.4,False,True,0.0299594646797329,False,False,-0.1285740598391408,False,False,-0.0367816091954023,False,True,0.0158215091775404,False,True,10.121006526038958,False,True,0.4,False,True,0.0024999026041668,False,True,29.999956802090747,False,True,0.1999980252841913,False,True,0.05,False,True,0.0,False,True,0.08,False,True,0.4,False,True,0.0079993732801897,False,True,29.999906185853696,False,True,0.0059996349285799,False,True,156.08450947501856,False,True,4.284347462508925,False,True,1.0,False,0
scene_439,lighting,False,,False,single_object,REJECT,surface_warp,1.117750402466429,True,0.4,False,True,0.0296997130633186,False,True,0.1149448828860474,False,True,0.1374047352911289,False,True,0.0150906204972647,False,True,10.606326305053626,False,True,0.3399999999999999,False,True,0.0018070199740833,False,True,25.96179402273539,False,True,0.1436678836156744,False,True,0.0,False,True,0.0177074417675062,False,True,0.08,False,True,0.4,False,False,-0.0032476857515502,False,True,27.918442842633876,False,True,0.0012783569322149,False,True,34.07930432811719,False,True,4.029501167156632,False,True,1.0,False,0
scene_440,lighting,True,Asset_Package_in_paper_with_rope,False,surface_contact,REJECT,surface_warp,0.6542514103568213,True,0.4,False,True,0.0193701123022619,False,True,0.11671330576603,False,True,0.1736750952545894,False,True,0.0157370491142282,False,True,11.139812591607924,False,True,0.4,False,True,0.0022087717532439,False,True,29.300830326210782,False,True,0.1418394007030567,False,True,0.05,False,True,0.0,False,True,0.08,False,True,0.4,False,False,-0.0115494549048811,False,True,28.42421477183398,False,False,-0.0082448937385389,False,True,145.0251120216131,False,True,4.274502092639752,False,False,-0.1829065047028901,False,47
scene_441,lighting,False,,False,single_object,REJECT,bbox_extent,0.1970558068357528,True,0.4,False,True,0.0295850086212161,False,False,-0.0040316640821893,False,False,-0.045260818407635,False,True,0.0139037561431157,False,True,6.37262757934263,False,True,0.4,False,True,0.0013408791926009,False,False,-15.332067074200538,False,True,0.0526319369101361,False,False,-0.3249999999999999,False,False,-0.016,False,False,-0.3116666666666667,False,True,0.15,False,False,-0.0094109330845745,False,True,17.6534856469923,False,False,-0.0085781023289813,False,True,183.2965645875343,False,True,4.2040912589657955,False,False,-0.1613827466935538,False,1958
scene_442,lighting,True,China Package,True,,ACCEPT,,1.2528631654780693,True,0.4,False,True,0.0299240213681808,False,True,0.0980517705489634,False,True,0.1993704752911551,False,True,0.0199292764202636,False,True,11.94200326820751,False,True,0.4,False,True,0.0024999932859348,False,True,29.999992082428925,False,True,0.1999988107174072,False,True,0.05,False,True,0.0,False,True,0.08,False,True,0.4,False,True,0.0079992832997064,False,True,29.999966911451867,False,True,0.005999518081236,False,True,70.57555649831312,False,True,4.171857105200468,False,True,1.0,False,0
scene_443,lighting,True,Amazon_A2_Package,False,single_object,ACCEPT,,1.2247468018835448,True,0.4,False,True,0.0298069248792277,False,True,0.0993510315875393,False,True,0.1275362318840579,False,True,0.0185209448086626,False,True,11.145508542702066,False,True,0.4,False,True,0.0024055671946073,False,True,29.513391490548727,False,True,0.1953283262443187,False,True,0.05,False,True,0.0,False,True,0.08,False,True,0.4,False,True,0.0075298703148874,False,True,29.93647282971191,False,True,0.0056396428145116,False,True,155.38419595223138,False,True,4.268272858141868,False,True,1.0,False,0
scene_444,lighting,True,Amazon_Book_Package,False,single_object,ACCEPT,,1.2443843100453045,True,0.4,False,True,0.0299702579761832,False,True,0.0910955922060592,False,True,0.1992342194508258,False,True,0.0199313478802232,False,True,9.857563098681997,False,True,0.4,False,True,0.0024998838361558,False,True,29.999979174222315,False,True,0.199998475760812,False,True,0.05,False,True,0.0,False,True,0.08,False,True,0.4,False,True,0.0079991408857279,False,True,29.99994876646694,False,True,0.0059995234087668,False,True,160.84048521184744,False,True,4.279284932619594,False,True,1.0,False,0
scene_445,lighting,True,Amazon_Book_Package,False,single_object,ACCEPT,,1.216682163787645,True,0.4,False,True,0.0299706422227027,False,True,0.0645354281683349,False,True,0.0753203678576812,False,True,0.019937640254349,False,True,11.000855112567129,False,True,0.4,False,True,0.0024999409595046,False,True,29.999987986339903,False,True,0.1999984259764388,False,True,0.05,False,True,0.0,False,True,0.08,False,True,0.4,False,True,0.0079991704381377,False,True,29.999978451727387,False,True,0.0059995174163886,False,True,16.08347021657592,False,True,4.077024757197662,False,True,1.0,False,0
scene_446,lighting,True,Louis_Vuitton_Package,True,,ACCEPT,,1.1816914752313208,True,0.4,False,True,0.0297027049804541,False,True,0.0436585764794279,True,True,0.1280116110304788,True,True,0.0197275929521054,True,True,10.06478152613825,True,True,-0.1699999999999999,True,True,0.0024998871447621,False,True,29.99998176838394,False,True,0.1999991114148506,False,True,0.05,False,True,0.0,False,True,0.08,False,True,0.4,False,True,0.0079992847995257,False,True,29.99998623331361,False,True,0.0059995223919474,False,True,398.47934913885007,False,True,4.290597419545783,False,True,1.0,False,0
scene_447,lighting,True,Amazon_Book_Package,False,single_object,ACCEPT,,1.1655664058800923,True,0.4,False,True,0.0299907491290186,False,True,0.075477631387394,False,True,0.1346201743462016,False,True,0.0199803794361012,False,True,11.04185909343121,False,True,0.4,False,True,0.0024998791920252,False,True,29.999994533181273,False,True,0.1999990775263545,False,True,0.05,False,True,0.0,False,True,0.08,False,True,0.4,False,True,0.0079992806193695,False,True,29.99996792946152,False,True,0.0059995214507943,False,True,144.41263606016645,False,True,4.310442198414176,False,True,0.3098058832876166,False,0
scene_448,lighting,True,China Package,True,,ACCEPT,,1.2580963056817585,True,0.4,False,True,0.029711050171695,False,True,0.1234509662194607,False,True,0.1863962404155329,False,True,0.0196200736932123,False,True,11.776392417320045,False,True,0.4,False,True,0.0024999407828087,False,True,29.999987279059177,False,True,0.1999986482000481,False,True,0.05,False,True,0.0,False,True,0.08,False,True,0.4,False,True,0.0079991618753658,False,True,29.99994166157741,False,True,0.0059995199962986,False,True,51.82643102501184,False,True,4.177905466735001,False,True,1.0,False,0
scene_449,lighting,True,Amazon_Book_Package,False,single_object,ACCEPT,,1.0503953564180832,True,0.4,False,True,0.0297538145181716,False,True,0.1194097288786448,False,True,0.1247648902821316,False,True,0.0194750032557451,False,True,10.382906795037236,False,True,0.4,False,True,0.0024999801603678,False,True,29.999944623053985,False,True,0.1999985311735443,False,True,0.05,False,True,0.0,False,True,0.08,False,True,0.4,False,True,0.0079994443779776,False,True,29.999979332328355,False,True,0.0059994988384067,False,True,169.69023847853114,False,True,4.298816642710906,False,True,0.0412690154986104,False,0
scene_450,lighting,True,Colis VistaPrint,True,,ACCEPT,,1.1544753127875056,True,0.4,False,True,0.0298999591221723,False,True,0.1075233116985436,False,True,0.142254944420384,False,True,0.0198781241026058,False,True,11.19723265715398,False,True,0.4,False,True,0.0024999407624527,False,True,29.999996479801077,False,True,0.1999992829154694,False,True,0.05,False,True,0.0,False,True,0.08,False,True,0.4,False,True,0.0079994009887591,False,True,29.99994004709295,False,True,0.0059996405960238,False,True,264.7214334813791,False,True,4.3041702559900585,False,True,0.2589466049556669,False,0
scene_451,lighting,True,Amazon_Book_Package,False,single_object,REJECT,bbox_extent,1.0423332621811214,True,0.4,False,True,0.0295636425408818,False,False,-0.0893824855726344,False,True,0.0412213740458015,False,True,0.0191371452580152,False,True,11.71179860643588,False,True,0.4,False,True,0.0024999404100453,False,True,29.99999716835316,False,True,0.1999985933271676,False,True,0.05,False,True,0.0,False,True,0.08,False,True,0.4,False,True,0.0079992805267163,False,True,29.999963357292312,False,True,0.00599963758159,False,True,68.4079374046523,False,True,4.279934832723149,False,True,0.2056356686945745,False,0
scene_452,lighting,True,Asset_Large_cartoon_Box,False,single_object;free_extraction,ACCEPT,,1.0685127106373913,True,0.4,False,True,0.0299033652162231,False,True,0.1090104220489027,False,True,0.1876162437497078,False,True,0.006564325966601,False,True,11.136682101100783,False,True,0.4,False,True,0.0023356260480784,False,True,29.379642480693608,False,True,0.1818695386443864,False,True,0.05,False,True,0.0,False,True,0.08,False,True,0.4,False,True,0.0053563503005434,False,True,29.721785429119844,False,True,0.0043725531977943,False,True,2.611284130374393,False,True,3.2363963141248178,False,True,1.0,False,0
scene_453,lighting,True,Carton Magdeleine,True,,ACCEPT,,1.26456311982186,True,0.4,False,True,0.0298692196121745,False,True,0.1420142280252348,False,True,0.1844367588932806,False,True,0.0197913864117948,False,True,11.68057476632559,False,True,0.4,False,True,0.0024998907864639,False,True,29.999953951593533,False,True,0.199997963653125,False,True,0.05,False,True,0.0,False,True,0.08,False,True,0.4,False,True,0.0079993110349639,False,True,29.99993798522982,False,True,0.0059995101838069,False,True,262.90580245254927,False,True,4.301639258836193,False,True,1.0,False,0
scene_454,lighting,True,Amazon_Book_Package,False,single_object,ACCEPT,,0.9343047801604476,True,0.4,False,True,0.0290876236470214,False,True,0.0350641638643376,True,True,0.0640354767184034,True,True,0.0169768536190395,True,True,10.685513988151376,True,True,-0.3999999999999999,True,True,0.0024999040712305,False,True,29.99999015380198,False,True,0.1999988474153372,False,True,0.05,False,True,0.0,False,True,0.08,False,True,0.4,False,True,0.0079992756085923,False,True,29.99992691378427,False,True,0.0059996384564908,False,True,17.74220657413592,False,True,3.819492774719704,False,True,-0.0108627343036895,False,0
scene_455,lighting,False,,False,single_object,ACCEPT,,1.2087034743109806,True,0.4,False,True,0.0296230294007921,False,True,0.0476393259813008,False,True,0.069011522134627,False,True,0.0192466282354571,False,True,11.300787123197686,False,True,0.4,False,True,0.0024999006310465,False,True,29.999994600261346,False,True,0.1999989223880149,False,True,0.05,False,True,0.0,False,True,0.08,False,True,0.4,False,True,0.0079992816027925,False,True,29.999946368334292,False,True,0.0059997558515846,False,True,90.6416972441484,False,True,4.242152415754814,False,True,1.0,False,0
scene_456,lighting,True,Amazon_Book_Package,False,single_object,ACCEPT,,1.2531791683505882,True,0.4,False,True,0.0299141756165818,False,True,0.1103815134516615,False,True,0.1861624880120563,False,True,0.0198163128883144,False,True,11.437215197878624,False,True,0.4,False,True,0.0024998954819378,False,True,29.999994806697657,False,True,0.199999227632048,False,True,0.05,False,True,0.0,False,True,0.08,False,True,0.4,False,True,0.0079992803211241,False,True,29.99998979035212,False,True,0.0059996385511791,False,True,216.63265556432935,False,True,4.276633391157951,False,True,1.0,False,0
scene_457,lighting,True,Amazon_A2_Package,False,single_object,ACCEPT,,1.2090030362967985,True,0.4,False,True,0.0299031690014503,False,True,0.0789040199535165,False,True,0.1007190906982138,False,True,0.0183863127203802,False,True,10.834214702488325,False,True,0.4,False,True,0.0023898459191541,False,True,29.152576810061625,False,True,0.1926518306050766,False,True,0.05,False,True,0.0,False,True,0.08,False,True,0.4,False,True,0.0074487736400442,False,True,29.95928500860619,False,True,0.0055668343460355,False,True,143.6789776026391,False,True,4.253004023760703,False,True,1.0,False,0
scene_458,lighting,True,Asset_Large_cartoon_Box,True,,ACCEPT,,1.24634377104505,True,0.4,False,True,0.0282365792361119,False,True,0.1180434937290695,False,True,0.1853124700009599,False,True,0.0171349897413675,False,True,11.646641814109712,False,True,0.4,False,True,0.0024998971106673,False,True,29.00001119320659,False,True,0.199998699709135,False,True,0.05,False,True,0.0,False,True,0.08,False,True,0.4,False,True,0.0079993177822444,False,True,29.999982712401263,False,True,0.0059995404040843,False,True,53.880708018274426,False,True,4.083989886927066,False,True,1.0,False,0
scene_459,lighting,True,Amazon_A2_Package,False,single_object,REJECT,bbox_extent,1.1688136604528292,True,0.4,False,True,0.0299578264847406,False,False,-0.0201063282368504,False,True,0.0669804563593573,False,True,0.0179521282273958,False,True,10.766288417808097,False,True,0.4,False,True,0.0023991895046334,False,True,29.403946830547778,False,True,0.1947634236119825,False,True,0.05,False,True,0.0,False,True,0.08,False,True,0.4,False,True,0.0074428019425663,False,True,29.930602595537177,False,True,0.0055900315276346,False,True,167.35424017102528,False,True,4.252948815027102,False,True,1.0,False,0
scene_460,lighting,True,Amazon_Book_Package,False,single_object,ACCEPT,,1.0699028446147334,True,0.4,False,True,0.0299818412631418,False,True,0.089991178895292,True,True,0.0900009909820631,True,True,0.0199420649054012,True,True,9.034495972544498,True,True,-0.1699999999999999,True,True,0.0024999410406546,False,True,29.999991634760843,False,True,0.1999991443311824,False,True,0.05,False,True,0.0,False,True,0.08,False,True,0.4,False,True,0.0079993959861181,False,True,29.999965572695896,False,True,0.0059996345283858,False,True,126.09686270875082,False,True,4.256368856534528,False,True,0.1951377025169011,False,0
scene_461,lighting,True,Carton Magdeleine,True,,REJECT,bbox_extent,1.06360045084079,True,0.4,False,True,0.0294771479424008,False,False,-0.0162256685368755,False,True,0.1355750211924271,False,True,0.0193330838311977,False,True,11.702121868730275,False,True,0.4,False,True,0.0024998830832601,False,True,29.99996617073428,False,True,0.1999986330731077,False,True,0.05,False,True,0.0,False,True,0.08,False,True,0.4,False,True,0.0079992876934522,False,True,29.999941480682637,False,True,0.0059995353198679,False,True,440.40003487596033,False,True,4.311132503435891,False,True,0.1604995970561731,False,0
scene_462,lighting,True,Vintage_Envelope,False,single_object;footprint_containment,REJECT,planarity,0.8804626010990042,True,0.4,False,True,0.0296227832619475,False,True,0.1021453256887143,True,True,0.1849589790337282,True,True,0.0164617980663134,True,True,7.021359285175421,True,True,-0.3199999999999999,True,False,-0.0007058535857222,False,True,20.102736196799576,False,True,0.0900310175443361,False,True,0.05,False,True,0.0,False,True,0.08,False,True,0.4,False,False,-0.0036098611279672,False,True,27.52855277567352,False,False,-0.0048372253485285,False,True,125.3579887587458,False,True,4.297865949442066,False,True,1.0,False,0
scene_463,lighting,True,Black Package,True,,ACCEPT,,1.0001155760195324,True,0.4,False,True,0.0295240283218003,False,True,0.0552399776784375,False,True,0.1395680602338022,False,True,0.0194605047528442,False,True,11.412661258390647,False,True,0.4,False,True,0.002499948365354,False,True,29.999998521220668,False,True,0.1999982035903542,False,True,0.05,False,True,0.0,False,True,0.08,False,True,0.4,False,True,0.0079992832212665,False,True,29.999973123075435,False,True,0.0059996406950974,False,True,16.717644873485387,False,True,3.879229797585369,False,True,-0.0291463974170099,False,0
scene_464,lighting,True,Colis VistaPrint,True,,ACCEPT,,1.1100781152994643,True,0.4,False,True,0.029612647744358,False,True,0.1072182296437674,False,True,0.1945187812348863,False,True,0.0195565103868109,False,True,11.853976517977028,False,True,0.4,False,True,0.0024999322197067,False,True,29.99997793362591,False,True,0.1999982592051648,False,True,0.05,False,True,0.0,False,True,0.08,False,True,0.4,False,True,0.0079995022709476,False,True,29.999964570965385,False,True,0.0059997420839695,False,True,205.23119437690943,False,True,4.2997053205987585,False,True,0.1428538580742351,False,0
scene_465,lighting,True,Small_Shipping_Bag,True,,REJECT,bbox_extent,0.9713763378394435,True,0.4,False,True,0.0299453012119161,False,False,-0.0029214392595911,False,False,-0.0064869803563271,False,True,0.0174965555614983,False,True,10.433643741871805,False,True,0.4,False,True,0.0024998728471988,False,True,29.999977508289735,False,True,0.1999985803363415,False,True,0.05,False,True,0.0,False,True,0.08,False,True,0.4,False,True,0.0079992645538737,False,True,29.999896221714884,False,True,0.0059995133502756,False,True,273.62478538864735,False,True,4.310062148397041,False,True,0.0197265129856643,False,0
scene_466,lighting,True,Amazon_A2_Package,False,single_object,ACCEPT,,1.2280932923867514,True,0.4,False,True,0.0292971531297083,False,True,0.1133516850360652,False,True,0.1461874503574265,False,True,0.018240416637289,False,True,10.308860560837694,False,True,0.4,False,True,0.0024080785415122,False,True,29.37265326516815,False,True,0.1949052802403896,False,True,0.05,False,True,0.0,False,True,0.08,False,True,0.4,False,True,0.0074590463457534,False,True,29.934192337588172,False,True,0.0056165637479619,False,True,136.54179242820985,False,True,4.275927803251954,False,True,1.0,False,0
scene_467,lighting,True,SM_Little_Package,True,,ACCEPT,,0.997941544215584,True,0.4,False,True,0.0269946489739242,False,True,0.1065172124183141,False,True,0.1902164245478802,False,True,0.0187042096913557,False,True,11.52658181151147,False,True,0.4,False,True,0.0024998923280358,False,True,29.999996479801077,False,True,0.1625951565453108,False,True,0.05,False,True,0.0,False,True,0.08,False,True,0.4,False,True,0.00272105372238,False,True,28.2699338523709,False,True,0.0017630002683512,False,True,607.4667309174579,False,True,4.313517756981396,False,True,0.094544095190278,False,0
scene_468,lighting,True,Amazon_A2_Package,False,single_object,ACCEPT,,1.2313841200289914,True,0.4,False,True,0.0298276789167739,False,True,0.1125895816324425,False,True,0.1556517477948382,False,True,0.0182827763641638,False,True,11.066821130544229,False,True,0.38,False,True,0.0024025543224206,False,True,29.375363618551553,False,True,0.1946786721309368,False,True,0.05,False,True,0.0,False,True,0.08,False,True,0.4,False,True,0.0074738333613564,False,True,29.91749388021238,False,True,0.0056127553260366,False,True,59.077669992607184,False,True,4.2275990474553025,False,True,1.0,False,0
scene_469,lighting,True,Amazon_Book_Package,False,single_object,ACCEPT,,1.2334272043961314,True,0.4,False,True,0.0299799837151097,False,True,0.0853912794403313,False,True,0.1399648730640268,False,True,0.0199706355762538,False,True,10.32122430272614,False,True,0.4,False,True,0.0024999068354535,False,True,29.99997425904314,False,True,0.1999985665213333,False,True,0.05,False,True,0.0,False,True,0.08,False,True,0.4,False,True,0.0079991676362619,False,True,29.999975881838953,False,True,0.0059995167932301,False,True,147.7636326474401,False,True,4.239362019587441,False,True,1.0,False,0
scene_470,lighting,True,Storage_Box_with_Lid,True,,ACCEPT,,1.09353589033819,True,0.4,False,True,0.0296247062564107,False,True,0.0957375998821583,False,True,0.1386121687776828,False,True,0.0195611467396169,False,True,11.690098090881609,False,True,0.4,False,True,0.0024999308684803,False,True,29.999960744976956,False,True,0.1999991079277122,False,True,0.05,False,True,0.0,False,True,0.08,False,True,0.4,False,True,0.007999404755754,False,True,29.99996296157125,False,True,0.0059996419958479,False,True,201.05344424718135,False,True,4.293255826007034,False,True,0.1380350413790853,False,0
scene_471,lighting,True,Amazon_A2_Package,False,single_object,ACCEPT,,1.2084385979165604,True,0.4,False,True,0.029927776637716,False,True,0.0715338958473523,False,True,0.0977545544414629,False,True,0.0177461278510116,False,True,11.418234292972777,False,True,0.4,False,True,0.0024010907181343,False,True,29.543469726842293,False,True,0.1943987308216785,False,True,0.05,False,True,0.0,False,True,0.08,False,True,0.4,False,True,0.0074524069641701,False,True,29.991455339330265,False,True,0.005600707778413,False,True,115.86062726095084,False,True,4.243214996633923,False,True,0.4521153261561677,False,0
scene_472,lighting,True,Small_Shipping_Bag,True,,REJECT,bbox_extent,1.009658259458338,True,0.4,False,True,0.0299955662705311,False,False,-0.1171689734622198,False,False,-0.1212923941400763,False,True,0.0163824345062813,False,True,10.684239734958854,False,True,0.4,False,True,0.0024998859936522,False,True,29.999967010734284,False,True,0.1999988977829622,False,True,0.05,False,True,0.0,False,True,0.08,False,True,0.4,False,True,0.0079992757151385,False,True,29.99993152756648,False,True,0.005999532854167,False,True,202.53342251601347,False,True,4.305106090197768,False,True,0.2327135259052941,False,0
scene_473,lighting,True,Small_Shipping_Bag,True,,REJECT,bbox_extent,1.1202043636903418,True,0.4,False,True,0.0299037207503997,False,False,-0.1192369787676891,False,False,-0.0429805615550756,False,True,0.0156260125014868,False,True,9.856315532996575,False,True,0.4,False,True,0.0024998506363034,False,True,30.0,False,True,0.1999816246685756,False,True,0.05,False,True,0.0,False,True,0.08,False,True,0.4,False,True,0.0079675750732422,False,True,29.99988508574624,False,True,0.0059995231628417,False,True,151.10703792641505,False,True,4.266266047289409,False,True,1.0,False,0
scene_474,lighting,True,Vintage_Envelope,False,single_object,ACCEPT,,0.9172617407528656,True,0.4,False,True,0.0263545263144215,False,True,-0.107106884221159,True,True,0.1257861635220125,True,True,0.0155640260286486,True,True,8.325677855459695,True,True,-0.0699999999999999,True,True,0.0024998866246612,False,True,29.999959241808288,False,True,0.1999977146697317,False,True,0.05,False,True,0.0,False,True,0.08,False,True,0.4,False,True,0.0079992260619159,False,True,29.999963000952896,False,True,0.0059994909142756,False,True,403.1095339412077,False,True,4.31849646448341,False,True,0.0252306957394271,False,0
scene_475,lighting,True,China Package,True,,ACCEPT,,1.239670914594136,True,0.4,False,True,0.0295310154802211,False,True,0.0764704259463317,False,True,0.1827978390673869,False,True,0.0193771063951291,False,True,11.581092710566638,False,True,0.4,False,True,0.0024999910703552,False,True,29.9999797060321,False,True,0.1999983508982,False,True,0.05,False,True,0.0,False,True,0.08,False,True,0.4,False,True,0.0079995021109608,False,True,29.999909050061714,False,True,0.0059995137413291,False,True,182.0855214893389,False,True,4.303446327765201,False,True,1.0,False,0
scene_477,lighting,True,Amazon_Book_Package,False,single_object,ACCEPT,,1.204362513238357,True,0.4,False,True,0.0299846655369009,False,True,0.1157681511315471,False,True,0.1999999999999999,False,True,0.0199632180165874,False,True,9.077454841346642,False,True,0.39,False,True,0.0024998855677453,False,True,29.999988868153583,False,True,0.1999982839099892,False,True,0.05,False,True,0.0,False,True,0.08,False,True,0.4,False,True,0.0079992848405581,False,True,29.99995833094765,False,True,0.0059995257696859,False,True,4.688156969994407,False,True,3.2174622999532785,False,True,1.0,False,0
scene_478,lighting,True,Amazon_A2_Package,False,single_object,ACCEPT,,1.2029608807044885,True,0.4,False,True,0.0297964085277658,False,True,0.0617432381708383,False,True,0.0890092041147806,False,True,0.0182337897919606,False,True,10.924814323189922,False,True,0.4,False,True,0.0024051588902166,False,True,29.4624409186369,False,True,0.1943877808768682,False,True,0.05,False,True,0.0,False,True,0.08,False,True,0.4,False,True,0.0074886921509851,False,True,29.944050647076143,False,True,0.0056270714656525,False,True,16.06010087832936,False,True,4.0569928517213105,False,True,1.0,False,0
scene_479,lighting,True,Amazon_A2_Package,False,single_object,ACCEPT,,1.1662465660685777,True,0.4,False,True,0.029883611589956,False,True,0.0370272849742256,False,True,0.0675342008675341,False,True,0.0178568831402889,False,True,10.668659364872946,False,True,0.4,False,True,0.0023900832053782,False,True,29.571701284333805,False,True,0.1934419371905548,False,True,0.05,False,True,0.0,False,True,0.08,False,True,0.4,False,True,0.007458627606272,False,True,29.96722208121976,False,True,0.005582119476912,False,True,5.369230276613521,False,True,3.1911464111824808,False,True,1.0,False,0
scene_480,occlusion,True,Ikea Cardboard Package,True,,ACCEPT,,1.2357020293482406,True,0.4,False,True,0.029666196404818,False,True,0.0779322012024951,False,True,0.14837202291227,False,True,0.0196286972851009,False,True,11.882350604190018,False,True,0.4,False,True,0.0024999211514604,False,True,29.999972612623477,False,True,0.1999985779928767,False,True,0.05,False,True,0.0,False,True,0.08,False,True,0.4,False,True,0.0079993741192717,False,True,29.99996895737256,False,True,0.0059996375778149,False,True,13.74780215398548,False,True,3.879669404954865,False,True,1.0,False,0
scene_481,occlusion,True,Gros Carton,True,,ACCEPT,,1.1551223269588868,True,0.4,False,True,0.029091812732225,False,True,0.1073478708249659,False,True,0.1592458714295839,False,True,0.0187204338496487,False,True,11.718154705041018,False,True,0.4,False,True,0.0024998910302252,False,True,29.999976665255712,False,True,0.1999990155630092,False,True,0.05,False,True,0.0,False,True,0.08,False,True,0.4,False,True,0.0079992857888314,False,True,29.999951006483663,False,True,0.0059995280634327,False,True,4.017433636930831,False,True,1.3084669100729625,False,True,1.0,False,0
scene_482,occlusion,True,Ikea Cardboard Package,True,,ACCEPT,,1.2439880940482997,True,0.4,False,True,0.0293488754654099,False,True,0.0826911880290218,False,True,0.1999999999999999,False,True,0.0190415968506001,False,True,11.5906160616345,False,True,0.4,False,True,0.002499902768265,False,True,29.999975225848395,False,True,0.1999981570780729,False,True,0.05,False,True,0.0,False,True,0.08,False,True,0.4,False,True,0.0079992409219139,False,True,29.999989336370575,False,True,0.0059996214309863,False,True,12.08544837641028,False,True,3.7345811055773552,False,True,1.0,False,0
scene_484,occlusion,True,Ikea Cardboard Package,True,,ACCEPT,,1.2473368869198656,True,0.4,False,True,0.0293197858534664,False,True,0.1040922257049246,False,True,0.1711509262071059,False,True,0.0193457441859794,False,True,11.732203588739456,False,True,0.4,False,True,0.0024999800871504,False,True,29.99999181089087,False,True,0.1999992799098627,False,True,0.05,False,True,0.0,False,True,0.08,False,True,0.4,False,True,0.0079995155813844,False,True,29.9999745008812,False,True,0.0059996390728591,False,True,13.24211161046884,False,True,3.5534423349756437,False,True,1.0,False,0
scene_485,occlusion,True,Ikea Cardboard Package,True,,ACCEPT,,1.2486589313128076,True,0.4,False,True,0.0299578127069724,False,True,0.1109234846387905,False,True,0.148437043529068,False,True,0.0199522014408156,False,True,11.981949753575831,False,True,0.4,False,True,0.002499896753517,False,True,29.999956057604937,False,True,0.199998774127033,False,True,0.05,False,True,0.0,False,True,0.08,False,True,0.4,False,True,0.0079993858043861,False,True,29.99995364394337,False,True,0.0059996217082091,False,True,12.716142630580542,False,True,3.9220736531262337,False,True,1.0,False,0
scene_486,occlusion,True,Ikea Cardboard Package,True,,ACCEPT,,1.242833724604644,True,0.4,False,True,0.0299495139202424,False,True,0.0967073911961492,False,True,0.146119039331709,False,True,0.019927587280607,False,True,11.854063861196268,False,True,0.4,False,True,0.0024999040209268,False,True,29.999984490431505,False,True,0.1999991040522918,False,True,0.05,False,True,0.0,False,True,0.08,False,True,0.4,False,True,0.0079994943601904,False,True,29.999995817380423,False,True,0.0059996358974682,False,True,12.886181248339035,False,True,3.782489634411524,False,True,1.0,False,0
scene_487,occlusion,True,Gros Carton,True,,ACCEPT,,1.08742659305859,True,0.4,False,True,0.0285305856888047,False,True,0.12057129432643,False,True,0.1766557150268026,False,True,0.0178753598080153,False,True,11.414269909780645,False,True,0.4,False,True,0.0024998884244656,False,True,29.999958156380263,False,True,0.1999984335414238,False,True,0.05,False,True,0.0,False,True,0.08,False,True,0.4,False,True,0.0079992712308232,False,True,29.999978519489417,False,True,0.00599950638978,False,True,2.095264064048735,False,True,1.264870074054302,False,True,1.0,False,0
scene_488,occlusion,True,Ikea Cardboard Package,True,,ACCEPT,,1.2072849367674054,True,0.4,False,True,0.0297011992882498,False,True,0.123428929011176,False,True,0.1535308006009873,False,True,0.0195372801298378,False,True,11.949364346170016,False,True,0.4,False,True,0.002499902979138,False,True,29.999976649641965,False,True,0.1999986730261693,False,True,0.05,False,True,0.0,False,True,0.08,False,True,0.4,False,True,0.0079993701266774,False,True,29.99999176650513,False,True,0.0059996109006892,False,True,12.56189038925574,False,True,3.825066542315741,False,True,0.35299560007516,False,0
scene_489,occlusion,True,Ikea Cardboard Package,True,,ACCEPT,,1.2285682232646544,True,0.4,False,True,0.0292079721372066,False,True,0.0794856074798565,False,True,0.1225606608156942,False,True,0.0187357119285086,False,True,11.615609195753828,False,True,0.4,False,True,0.0024999405875431,False,True,29.99998531112278,False,True,0.1999996417716122,False,True,0.05,False,True,0.0,False,True,0.08,False,True,0.4,False,True,0.0079993915273859,False,True,29.999994806697657,False,True,0.0059995253195192,False,True,13.860370205733696,False,True,3.797222925047127,False,True,1.0,False,0
scene_490,occlusion,True,Ikea Cardboard Package,True,,ACCEPT,,1.258708339654673,True,0.4,False,True,0.0294051763610329,False,True,0.126027596264966,False,True,0.195505617977528,False,True,0.0190219613277168,False,True,11.671149004302626,False,True,0.4,False,True,0.002499987201106,False,True,29.99996675760193,False,True,0.1999981988625902,False,True,0.05,False,True,0.0,False,True,0.08,False,True,0.4,False,True,0.0079993746232561,False,True,29.999936901564237,False,True,0.0059996248007261,False,True,17.060417166395858,False,True,3.728102541417953,False,True,1.0,False,0
scene_491,occlusion,True,Ikea Cardboard Package,True,,ACCEPT,,1.067332213405893,True,0.4,False,True,0.0299463097454398,False,True,0.1138245885314092,False,True,0.1589603283173734,False,True,0.0199304243217976,False,True,11.758027774807983,False,True,0.4,False,True,0.0024999881512905,False,True,29.99999627848695,False,True,0.1999990504144517,False,True,0.05,False,True,0.0,False,True,0.08,False,True,0.4,False,True,0.0079994084194153,False,True,29.999971670663395,False,True,0.0059996404330748,False,True,13.761540130587864,False,True,4.251662569162636,False,True,0.0578098681343758,False,0
scene_492,occlusion,True,Ikea Cardboard Package,True,,ACCEPT,,1.250324193185472,True,0.4,False,True,0.0298212132441005,False,True,0.1460661409983477,False,True,0.170282546770344,False,True,0.0196693325009865,False,True,11.86257234695878,False,True,0.4,False,True,0.002499882889648,False,True,29.999984420092964,False,True,0.1999983596251875,False,True,0.05,False,True,0.0,False,True,0.08,False,True,0.4,False,True,0.0079992774122059,False,True,29.999961523309775,False,True,0.0059995217640604,False,True,5.6177836092966835,False,True,3.3133418827503207,False,True,1.0,False,0
scene_493,occlusion,True,Ikea Cardboard Package,True,,ACCEPT,,1.263616964258235,True,0.4,False,True,0.0292057021770817,False,True,0.1385056017339017,False,True,0.1999999999999999,False,True,0.0191379605808354,False,True,11.633559211125824,False,True,0.4,False,True,0.0024999090861986,False,True,29.99999072564429,False,True,0.1999991272020512,False,True,0.05,False,True,0.0,False,True,0.08,False,True,0.4,False,True,0.0079993898262876,False,True,29.999973921442397,False,True,0.0059996312667381,False,True,22.096108118827303,False,True,4.089243407226497,False,True,1.0,False,0
scene_494,occlusion,True,Gros Carton,False,free_extraction,REJECT,top_height_match,0.7222946918626527,True,0.4,False,False,-0.0829208443269305,False,True,0.15,True,True,0.1589089620970598,True,True,0.0199451242025765,True,True,11.705149431857562,True,True,-0.3199999999999999,True,True,0.0024999088026242,False,True,29.999986745868764,False,True,0.1970616219162806,False,True,0.05,False,True,0.0,False,True,0.08,False,True,0.4,False,True,0.0075126629458168,False,True,29.894787337135657,False,True,0.0058044794866605,False,True,0.7123914090645487,False,True,0.4568116366102308,False,True,1.0,False,0
scene_495,occlusion,True,Ikea Cardboard Package,True,,ACCEPT,,1.249876717279239,True,0.4,False,True,0.0293768563723997,False,True,0.1162866807770749,False,True,0.1602055114432508,False,True,0.0192961979362797,False,True,11.7912217574545,False,True,0.4,False,True,0.0024998906410868,False,True,29.999988737952123,False,True,0.1999988713606898,False,True,0.05,False,True,0.0,False,True,0.08,False,True,0.4,False,True,0.007999393968855,False,True,29.999936942010105,False,True,0.0059995261884755,False,True,12.69800114591424,False,True,3.981846247732418,False,True,1.0,False,0
scene_496,occlusion,True,Ikea Cardboard Package,True,,ACCEPT,,1.2591170485672034,True,0.4,False,True,0.0294417372174106,False,True,0.1226191458601401,False,True,0.1967275702208889,False,True,0.0194264957147028,False,True,11.884028343932773,False,True,0.4,False,True,0.0024998976810529,False,True,29.999978519489417,False,True,0.1999977545530674,False,True,0.05,False,True,0.0,False,True,0.08,False,True,0.4,False,True,0.0079990187400383,False,True,29.99994123828838,False,True,0.0059994960184565,False,True,28.10741085807352,False,True,4.08896797810389,False,True,1.0,False,0
scene_499,occlusion,True,Gros Carton,True,,ACCEPT,,0.9925154276170298,True,0.4,False,True,0.0165056845318077,False,True,0.1333750856405705,False,True,0.1922901199314677,False,True,0.0087808209060403,False,True,8.931671884221513,False,True,0.37,False,True,0.0024998899234203,False,True,29.999934659815395,False,True,0.1984027042900399,False,True,0.05,False,True,0.0,False,True,0.08,False,True,0.4,False,True,0.0076704800351182,False,True,29.999965572695896,False,True,0.0059994708393425,False,True,14.406193489382282,False,True,3.778503538744824,False,True,-0.0104108847838388,False,3
scene_501,occlusion,True,Ikea Cardboard Package,True,,ACCEPT,,1.245443713806894,True,0.4,False,True,0.0292473871864262,False,True,0.1147844582819379,False,True,0.1418040737148399,False,True,0.0191613624659964,False,True,11.71825819015279,False,True,0.4,False,True,0.002499890244249,False,True,29.999990190887605,False,True,0.1999994465288201,False,True,0.05,False,True,0.0,False,True,0.08,False,True,0.4,False,True,0.0079992852815172,False,True,29.999989898013983,False,True,0.0059995238707254,False,True,12.92824108579164,False,True,3.952319109728104,False,True,1.0,False,0
scene_502,occlusion,True,Ikea Cardboard Package,True,,ACCEPT,,1.2258684318929276,True,0.4,False,True,0.0292114677968085,False,True,0.0798128915798409,False,True,0.1027569318271585,False,True,0.0190229707949629,False,True,11.66628287453305,False,True,0.4,False,True,0.0024999770427527,False,True,29.99998205043699,False,True,0.1999990322503721,False,True,0.05,False,True,0.0,False,True,0.08,False,True,0.4,False,True,0.0079994973301827,False,True,29.999976948111552,False,True,0.0059995108103329,False,True,12.974466105781644,False,True,3.809779203606748,False,True,1.0,False,0
scene_503,occlusion,True,Ikea Cardboard Package,True,,ACCEPT,,1.2472825234149063,True,0.4,False,True,0.0299762823599699,False,True,0.1071001072042188,False,True,0.1482308584686774,False,True,0.0199711754277458,False,True,11.960566319371807,False,True,0.4,False,True,0.0024998857861155,False,True,29.99998428036006,False,True,0.1999986420561506,False,True,0.05,False,True,0.0,False,True,0.08,False,True,0.4,False,True,0.0079992695684657,False,True,29.99993858761593,False,True,0.0059995294890953,False,True,13.431952822186886,False,True,4.043136619239918,False,True,1.0,False,0
scene_504,occlusion,True,Gros Carton,True,,ACCEPT,,1.1663767400428418,True,0.4,False,True,0.0299422812633171,False,True,0.1170224779516376,False,True,0.1809173290446293,False,True,0.0199370522600288,False,True,11.952757890375423,False,True,0.4,False,True,0.0024998926866012,False,True,29.999936745801,False,True,0.1913404042452214,False,True,0.05,False,True,0.0,False,True,0.08,False,True,0.4,False,True,0.0069826483134197,False,True,29.999963636859288,False,True,0.0055459016397003,False,True,3.782897062021439,False,True,2.8282745974752883,False,True,1.0,False,0
scene_506,occlusion,True,Ikea Cardboard Package,True,,ACCEPT,,1.234981044687842,True,0.4,False,True,0.0294660494259095,False,True,0.0912918253753206,False,True,0.1244474901490491,False,True,0.0192713944028816,False,True,11.802892780050003,False,True,0.4,False,True,0.0024999404508797,False,True,29.999992606103337,False,True,0.1999992343608846,False,True,0.05,False,True,0.0,False,True,0.08,False,True,0.4,False,True,0.0079992811447273,False,True,29.99995422148826,False,True,0.0059995193894751,False,True,13.117168071020007,False,True,4.052239479004046,False,True,1.0,False,0
scene_507,occlusion,True,Ikea Cardboard Package,True,,ACCEPT,,1.2473308588278171,True,0.4,False,True,0.0296576068838597,False,True,0.1162239887440432,False,True,0.1398960363872644,False,True,0.0193966045435029,False,True,11.918205958169745,False,True,0.4,False,True,0.0024998888630975,False,True,29.99998472723272,False,True,0.1999990261323538,False,True,0.05,False,True,0.0,False,True,0.08,False,True,0.4,False,True,0.0079992749801585,False,True,29.999944616472852,False,True,0.0059995273871002,False,True,12.424068617516047,False,True,3.740286925932521,False,True,1.0,False,0
scene_508,occlusion,True,Ikea Cardboard Package,True,,ACCEPT,,1.243281789189134,True,0.4,False,True,0.0297094745572407,False,True,0.1124404811870673,False,True,0.1203452038488245,False,True,0.0196687802577712,False,True,11.966327698409362,False,True,0.4,False,True,0.0024998635087394,False,True,29.99998625981351,False,True,0.1999988806882819,False,True,0.05,False,True,0.0,False,True,0.08,False,True,0.4,False,True,0.007999278907611,False,True,29.99998207075343,False,True,0.0059995143414222,False,True,12.572128592585438,False,True,3.6731144768083346,False,True,1.0,False,0
scene_509,occlusion,True,Ikea Cardboard Package,True,,ACCEPT,,1.2508340768088253,True,0.4,False,True,0.0278516827643357,False,True,0.12634475073501,False,True,0.1891103349085678,False,True,0.0175483642479464,False,True,11.141286699667477,False,True,0.4,False,True,0.0024999080317767,False,True,29.99998930224687,False,True,0.1999988425068867,False,True,0.05,False,True,0.0,False,True,0.08,False,True,0.4,False,True,0.0079992865157196,False,True,29.999930204330784,False,True,0.0059995190995437,False,True,34.995591164558135,False,True,4.186685697005582,False,True,1.0,False,0
scene_510,occlusion,True,Ikea Cardboard Package,True,,ACCEPT,,1.251150479033631,True,0.4,False,True,0.0299347464477591,False,True,0.1197914607784357,False,True,0.1466366027809094,False,True,0.0199287920293761,False,True,11.90595715666474,False,True,0.4,False,True,0.0024999510495665,False,True,29.99996895737256,False,True,0.1999977426615796,False,True,0.05,False,True,0.0,False,True,0.08,False,True,0.4,False,True,0.0079992481542481,False,True,29.999971160643387,False,True,0.0059995170938043,False,True,13.696635739184275,False,True,3.8324036114168183,False,True,1.0,False,0
scene_511,occlusion,True,Ikea Cardboard Package,True,,ACCEPT,,1.2436336766156484,True,0.4,False,True,0.0299285676838522,False,True,0.0719402379264369,False,True,0.1989336745574749,False,True,0.0199083184009004,False,True,11.956338548269365,False,True,0.4,False,True,0.0024998696907775,False,True,29.999973671082504,False,True,0.1999982094359422,False,True,0.05,False,True,0.0,False,True,0.08,False,True,0.4,False,True,0.007999246315444,False,True,29.99994691477408,False,True,0.0059995017619029,False,True,37.597085280997064,False,True,4.125812422658385,False,True,1.0,False,0
scene_512,occlusion,True,Ikea Cardboard Package,True,,ACCEPT,,1.2296797155802932,True,0.4,False,True,0.0292336089213743,False,True,0.0697280473606664,False,True,0.1446452779032986,False,True,0.0189839642177721,False,True,11.676174250552467,False,True,0.4,False,True,0.0024999910646449,False,True,29.99999355415033,False,True,0.199998985490084,False,True,0.05,False,True,0.0,False,True,0.08,False,True,0.4,False,True,0.0079995116337266,False,True,29.99997598785336,False,True,0.0059996424250093,False,True,13.880003118272764,False,True,3.983914392381458,False,True,1.0,False,0
scene_513,occlusion,True,Gros Carton,True,,ACCEPT,,1.1797959334463408,True,0.4,False,True,0.0296782593163244,False,True,0.1185289251819315,False,True,0.1757140026607035,False,True,0.0196458681436334,False,True,11.806879711814958,False,True,0.4,False,True,0.0024998924620547,False,True,29.999974117841,False,True,0.1999985642630949,False,True,0.05,False,True,0.0,False,True,0.08,False,True,0.4,False,True,0.0079993939796001,False,True,29.99991545054105,False,True,0.005999549340992,False,True,3.86887061134998,False,True,2.1103842066749694,False,True,1.0,False,0
scene_514,occlusion,True,Ikea Cardboard Package,True,,ACCEPT,,1.2290987789947465,True,0.4,False,True,0.0297963823245544,False,True,0.1243589161202479,False,True,0.1883462092444676,False,True,0.0197809947638722,False,True,11.92923767805034,False,True,0.4,False,True,0.0024999577316302,False,True,29.99996145706035,False,True,0.1999980346943968,False,True,0.05,False,True,0.0,False,True,0.08,False,True,0.4,False,True,0.0079992469285149,False,True,29.99996458125405,False,True,0.0059994974025341,False,True,5.129671164960231,False,True,3.412396219756215,False,True,1.0,False,0
scene_515,occlusion,True,Cardboard Box SQ01.001,True,,REJECT,suction_area,0.6832203102399536,True,0.4,False,True,0.029928814326832,False,True,0.1069439447123058,False,True,0.188053112847283,False,True,0.0189765736929837,False,True,11.959581633691208,False,True,0.4,False,True,0.0024920497021052,False,True,28.74754966502794,False,True,0.1884842496989379,False,False,-0.0249999999999999,False,False,-0.0087397083745307,False,True,0.08,False,True,0.4,False,True,0.0070809915618012,False,True,29.73848324229101,False,True,0.0051960160072183,False,True,0.0803056851663637,False,False,-1.5252047665578408,False,True,1.0,False,0
scene_516,occlusion,True,Ikea Cardboard Package,True,,ACCEPT,,1.2320087600619507,True,0.4,False,True,0.0294111237499808,False,True,0.0881786353008443,False,True,0.1155679110405083,False,True,0.0191337047931627,False,True,11.808222402699585,False,True,0.4,False,True,0.002499881495579,False,True,29.99998986199966,False,True,0.1999988217786198,False,True,0.05,False,True,0.0,False,True,0.08,False,True,0.4,False,True,0.0079992760160262,False,True,29.999961913656204,False,True,0.0059997445919804,False,True,16.644322987411215,False,True,3.708050310824551,False,True,1.0,False,0
scene_517,occlusion,True,Ikea Cardboard Package,True,,ACCEPT,,1.2462779285959678,True,0.4,False,True,0.0299901886030936,False,True,0.0976919780383189,False,True,0.1604810996563573,False,True,0.0199856636234063,False,True,11.993489793322809,False,True,0.4,False,True,0.0024998959298852,False,True,29.999961637146384,False,True,0.1999996089818423,False,True,0.05,False,True,0.0,False,True,0.08,False,True,0.4,False,True,0.0079993885548686,False,True,29.99994089813986,False,True,0.0059995371812514,False,True,13.448410313725844,False,True,3.5699572316796027,False,True,1.0,False,0
scene_518,occlusion,True,Ikea Cardboard Package,True,,ACCEPT,,1.242457509873997,True,0.4,False,True,0.0299777933405694,False,True,0.0917963990094822,False,True,0.1508165225744475,False,True,0.0199681805224177,False,True,11.992724136723908,False,True,0.4,False,True,0.0024998832912876,False,True,29.99996852596137,False,True,0.199998144498255,False,True,0.05,False,True,0.0,False,True,0.08,False,True,0.4,False,True,0.0079992640606827,False,True,29.99995356538704,False,True,0.005999513774664,False,True,13.805235441737269,False,True,3.9046784557851306,False,True,1.0,False,0
scene_519,occlusion,True,Ikea Cardboard Package,True,,ACCEPT,,1.245346120545841,True,0.4,False,True,0.0298671637478999,False,True,0.1084537906714867,False,True,0.1373303934871098,False,True,0.0198134540461261,False,True,11.948812735284775,False,True,0.4,False,True,0.0024999427812982,False,True,29.99998612782022,False,True,0.1999983119318263,False,True,0.05,False,True,0.0,False,True,0.08,False,True,0.4,False,True,0.0079994040428044,False,True,29.99999790869021,False,True,0.0059996383883396,False,True,12.860667649610193,False,True,4.0497260370700054,False,True,1.0,False,0
scene_520,occlusion,True,Gros Carton,True,,ACCEPT,,1.1693694319237635,True,0.4,False,True,0.0297564222667025,False,True,0.1314726934928488,False,True,0.1509605369748871,False,True,0.0197534243789738,False,True,11.919576017044632,False,True,0.4,False,True,0.0024999109837459,False,True,29.99999056976185,False,True,0.1999991678443853,False,True,0.05,False,True,0.0,False,True,0.08,False,True,0.4,False,True,0.0079993947538683,False,True,29.999963357292312,False,True,0.0059996957704175,False,True,3.547309565297984,False,True,1.672338109748507,False,True,1.0,False,0
scene_522,occlusion,True,Ikea Cardboard Package,True,,ACCEPT,,1.249795547048841,True,0.4,False,True,0.0298558716465053,False,True,0.1107720924351429,False,True,0.1581245526127415,False,True,0.0198380817695951,False,True,11.937394186162509,False,True,0.4,False,True,0.002499883669942,False,True,29.99998305307701,False,True,0.1999990247933861,False,True,0.05,False,True,0.0,False,True,0.08,False,True,0.4,False,True,0.0079994891041259,False,True,29.999918936451515,False,True,0.0059995245327454,False,True,12.68817289675967,False,True,3.520553298339022,False,True,1.0,False,0
scene_523,occlusion,True,Ikea Cardboard Package,True,,ACCEPT,,1.243037552739539,True,0.4,False,True,0.0294558548607448,False,True,0.1053664406831194,False,True,0.1436921839388657,False,True,0.0193225382390656,False,True,11.690508728653583,False,True,0.4,False,True,0.0024998877353233,False,True,29.99999372607063,False,True,0.1999990125053898,False,True,0.05,False,True,0.0,False,True,0.08,False,True,0.4,False,True,0.0079992809386408,False,True,29.99997657172931,False,True,0.005999522828271,False,True,12.987493590816618,False,True,4.111823992008905,False,True,1.0,False,0
scene_524,occlusion,True,Ikea Cardboard Package,True,,ACCEPT,,1.2398777314601614,True,0.4,False,True,0.0296987639944987,False,True,0.089977237706795,False,True,0.1540467035543468,False,True,0.0194854000924644,False,True,11.59144897511668,False,True,0.4,False,True,0.0024999522410564,False,True,29.99996313912,False,True,0.1999979994994119,False,True,0.05,False,True,0.0,False,True,0.08,False,True,0.4,False,True,0.0079992387861184,False,True,29.99996438627759,False,True,0.0059995026993562,False,True,13.284065857362105,False,True,3.8524589455327822,False,True,1.0,False,0
scene_525,occlusion,True,Ikea Cardboard Package,True,,ACCEPT,,1.0414979386052712,True,0.4,False,True,0.0299849860681673,False,True,0.1382353484304349,False,True,0.1948777263714474,False,True,0.0199826756380204,False,True,11.895218680222875,False,True,0.4,False,True,0.0024998820738204,False,True,29.99996592384123,False,True,0.1999959920772156,False,True,0.05,False,True,0.0,False,True,0.08,False,True,0.4,False,True,0.00799903073722,False,True,29.999951590206088,False,True,0.0059993064472305,False,True,115.62726321179198,False,True,4.307815756137931,False,True,-0.0303670982613386,False,0
scene_526,occlusion,True,Ikea Cardboard Package,True,,ACCEPT,,1.1903674706121494,True,0.4,False,True,0.0298505880446098,False,True,0.0950451298603725,False,True,0.1959369735407788,False,True,0.0198120353655684,False,True,11.801533865604211,False,True,0.4,False,True,0.00249989228424,False,True,29.999981668702407,False,True,0.1999986426527139,False,True,0.05,False,True,0.0,False,True,0.08,False,True,0.4,False,True,0.0079993880176345,False,True,29.9999564408066,False,True,0.0059995328424801,False,True,20.83059308694728,False,True,3.832870509955849,False,True,0.3215554236720043,False,0
scene_527,occlusion,True,Ikea Cardboard Package,True,,ACCEPT,,1.236367149931773,True,0.4,False,True,0.0286632527499467,False,True,0.1096718260654845,False,True,0.1172505605381165,False,True,0.0184998432099242,False,True,11.44712487960948,False,True,0.4,False,True,0.0024999405326536,False,True,29.999990531192207,False,True,0.1999994830143835,False,True,0.05,False,True,0.0,False,True,0.08,False,True,0.4,False,True,0.0079994037550355,False,True,29.999950356164195,False,True,0.005999636959723,False,True,12.39682880915654,False,True,3.8189617809280456,False,True,1.0,False,0
scene_529,occlusion,True,Cardboard Box SQ01.001,True,,REJECT,suction_force,0.6977074908817218,True,0.4,False,True,0.0295522694877121,False,True,0.0860005961120889,False,True,0.1999999999999999,False,True,0.0189486799548988,False,True,11.959686286544631,False,True,0.4,False,True,0.0023283915644107,False,True,29.31663305860649,False,True,0.186563694213863,False,True,0.05,False,True,0.0,False,True,0.08,False,True,0.4,False,True,0.0074147812968802,False,True,29.91957485531884,False,True,0.0054503702792513,False,False,-0.1375138659165691,False,False,-4.4629410353736745,False,True,1.0,False,0
scene_530,edge,True,Ikea Cardboard Package,True,,ACCEPT,,1.0552878142523012,True,0.4,False,True,0.0294966648981367,False,True,0.0966992358535961,False,True,0.1897533550961189,False,True,0.0193402871831072,False,True,11.488257081066587,False,True,0.4,False,True,0.0024998948234373,False,True,29.999960155197098,False,True,0.1999993365639493,False,True,0.05,False,True,0.0,False,True,0.08,False,True,0.4,False,True,0.0079993739943248,False,True,29.999955892033903,False,True,0.0059995472567756,False,True,110.30302317967248,False,True,4.288115204134892,False,True,0.0389548070031479,False,0
scene_531,edge,True,Куб,True,,ACCEPT,,0.9972198773038524,True,0.4,False,True,0.0170142139737597,False,True,0.0485803239810587,True,True,0.1085803432137285,True,True,0.0115982334231891,True,True,3.264564325900121,True,True,-0.3,True,True,0.0024998726248018,False,True,20.98000180125809,False,True,0.199998384222392,False,True,0.05,False,True,0.0,False,True,0.08,False,True,0.4,False,True,0.0079992125857965,False,True,29.9999522039242,False,True,0.0059994520813721,False,True,188.0803618251015,False,True,4.287378513840322,False,True,0.2412091764145995,False,0
scene_532,edge,True,Colis VistaPrint,False,free_extraction,REJECT,corridor_clear,0.9915290736468144,True,0.4,False,True,0.0245469079976966,False,True,0.1113688300618274,False,True,0.1946778711484593,False,True,0.0142799507092778,False,True,9.12558771910451,False,True,0.4,False,True,0.0024998539152601,False,True,27.296966045736056,False,True,0.1999982818136806,False,True,0.05,False,True,0.0,False,True,0.08,False,True,0.4,False,True,0.0079987403712483,False,True,29.999956785219855,False,True,0.005999113465526,False,True,17.871064620420217,False,True,4.1715651881166425,False,False,-0.044338995420819,False,17
scene_534,edge,True,Colis VistaPrint,True,,ACCEPT,,1.2373671106884636,True,0.4,False,True,0.0276330843224719,False,True,0.1268018077460402,False,True,0.1800635654435134,False,True,0.0161493298199504,False,True,10.134913987052718,False,True,0.4,False,True,0.0024998852538996,False,True,27.32415268699118,False,True,0.199998649632093,False,True,0.05,False,True,0.0,False,True,0.08,False,True,0.4,False,True,0.0079993128028568,False,True,29.99994318715325,False,True,0.0059995330810458,False,True,205.4400573871697,False,True,4.291515169238983,False,True,1.0,False,0
scene_535,edge,True,Colis VistaPrint,True,,ACCEPT,,1.1818967594252856,True,0.4,False,True,0.0186031875707397,False,True,0.0935080805991672,False,True,0.1473684210526314,False,True,0.0150017724783269,False,True,5.935119942241081,False,True,0.4,False,True,0.0024999000272972,False,True,23.93917863713508,False,True,0.1999988321738223,False,True,0.05,False,True,0.0,False,True,0.08,False,True,0.4,False,True,0.0079993438561892,False,True,29.999965678724188,False,True,0.0059995682102855,False,True,120.6987732868052,False,True,4.262142400533698,False,True,1.0,False,0
scene_536,edge,True,Asset_Package_in_paper_with_rope,False,surface_contact,REJECT,surface_warp,0.687511742082276,True,0.4,False,True,0.0281808629591935,False,True,0.0867571910594297,False,True,0.186254295532646,False,True,0.0157117010606167,False,True,10.393708969373291,False,True,0.4,False,True,0.0023441809616605,False,True,29.082885830588573,False,True,0.1766107974455059,False,True,0.05,False,True,0.0,False,True,0.08,False,True,0.4,False,False,-0.0139158639574833,False,True,29.368439386047093,False,False,-0.0040987627819795,False,True,51.39126892851014,False,True,4.190706988797236,False,False,-0.1904220460794098,False,43
scene_537,edge,True,Asset_Package_in_paper_with_rope,False,surface_contact,REJECT,surface_warp,0.6803107111787713,True,0.4,False,True,0.0298374792253758,False,True,0.0632389692760452,False,True,0.097474671102374,False,True,0.0158164476117362,False,True,10.338044840213437,False,True,0.4,False,True,0.0023236801669419,False,True,28.97147972375595,False,True,0.1215937247334902,False,True,0.05,False,True,0.0,False,True,0.0716666666666667,False,True,0.4,False,False,-0.01013170040561,False,True,27.337275415098993,False,False,-0.0034981130858876,False,True,28.15939583993429,False,True,4.111763091970365,False,False,-0.1877695702689982,False,46
scene_538,edge,True,China Package,True,,ACCEPT,,1.110298367931974,True,0.4,False,True,0.024030919077569,False,True,0.1023302441812402,False,True,0.1611780455153948,False,True,0.012665525109612,False,True,7.818856813256358,False,True,0.4,False,True,0.0024998882159811,False,True,26.987317823927352,False,True,0.1999977704397723,False,True,0.05,False,True,0.0,False,True,0.08,False,True,0.4,False,True,0.0079992163379533,False,True,29.99998064361264,False,True,0.0059995085166369,False,True,4.934760076150523,False,True,3.709971581515768,False,True,0.3264530469079392,False,0
scene_539,edge,True,Black Package,True,,ACCEPT,,1.2576391075072986,True,0.4,False,True,0.0296952830539401,False,True,0.1154251194329249,False,True,0.199826479264272,False,True,0.0195779515849072,False,True,11.81169263728794,False,True,0.4,False,True,0.0024998810698854,False,True,29.99997828324732,False,True,0.1999993579329522,False,True,0.05,False,True,0.0,False,True,0.08,False,True,0.4,False,True,0.0079992756958877,False,True,29.999952980397826,False,True,0.0059997312605437,False,True,81.83228945183643,False,True,4.307620869080724,False,True,1.0,False,0
scene_540,edge,True,Ikea Cardboard Package,True,,ACCEPT,,1.2422195706280033,True,0.4,False,True,0.0289823197742704,False,True,0.104764896354324,False,True,0.1594748858447487,False,True,0.0185161372060969,False,True,11.303608066368824,False,True,0.4,False,True,0.002499991360526,False,True,29.99998081382355,False,True,0.1999979066042445,False,True,0.05,False,True,0.0,False,True,0.08,False,True,0.4,False,True,0.0079990428858312,False,True,29.9999491305641,False,True,0.0059995127023871,False,True,11.879314828586182,False,True,3.902562122603795,False,True,1.0,False,0
scene_541,edge,False,,False,single_object,REJECT,bbox_extent,-0.2687058018753011,True,0.4,False,True,0.0284678098191078,False,False,-0.0343711120991808,False,False,-0.1948876156897312,False,True,0.0060400190629652,False,False,-4.588647080835152,False,True,0.03,False,False,-0.0060629275414194,False,True,1.9019556970331628,False,False,-0.1663885837833104,False,False,-0.2166666666666666,False,False,-0.0138754845034028,False,False,-0.195,False,True,0.2571428571428572,False,False,-0.0343808747428077,False,True,2.122480439947097,False,False,-0.0280449487192497,False,True,72.40891011154027,False,True,4.191292771349169,False,False,-0.1458548125738241,False,1065
scene_542,edge,False,,False,single_object,ACCEPT,,0.9899249715288142,True,0.4,False,True,0.0236508842157834,False,True,-0.1752188700294096,True,True,0.0482300884955751,True,True,0.0101804088785701,True,True,-4.468632389278465,True,True,-0.03,True,True,0.0024998766390019,False,True,13.201433629667893,False,True,0.1999983763052024,False,True,0.05,False,True,0.0,False,True,0.08,False,True,0.4,False,True,0.0079992449694232,False,True,29.999950798631453,False,True,0.0059995063374897,False,True,163.4701914658389,False,True,4.297138332507608,False,True,1.0,False,0
scene_543,edge,True,Storage_Box_with_Lid,True,,ACCEPT,,1.1011136189100916,True,0.4,False,True,0.0294054931678393,False,True,0.1240256208350034,False,True,0.1999999999999999,False,True,0.0193801375537307,False,True,11.58589997706964,False,True,0.4,False,True,0.0024999849802888,False,True,29.99997571617995,False,True,0.1999985479649093,False,True,0.05,False,True,0.0,False,True,0.08,False,True,0.4,False,True,0.0079994904107677,False,True,29.999986419898818,False,True,0.0059995099452562,False,True,78.76645151897965,False,True,4.208681913294438,False,True,0.1121461273968252,False,0
scene_544,edge,True,Storage_Box_with_Lid,True,,ACCEPT,,1.1522698080271805,True,0.4,False,True,0.0237103466998855,False,True,0.038927907914572,False,True,0.1171158048069919,False,True,0.0101204951630807,False,True,4.963213712050843,False,True,0.4,False,True,0.002499893479109,False,True,22.775526984616818,False,True,0.1999991874324116,False,True,0.05,False,True,0.0,False,True,0.08,False,True,0.4,False,True,0.0079992848310699,False,True,29.999953236891493,False,True,0.0059995150773897,False,True,85.95092845248314,False,True,4.209392800021858,False,True,1.0,False,0
scene_545,edge,True,Storage_Box_with_Lid,True,,ACCEPT,,1.2470911033151342,True,0.4,False,True,0.0299649079124879,False,True,0.0888967243855999,False,True,0.1889303332932258,False,True,0.0199609493162023,False,True,11.650300065818696,False,True,0.4,False,True,0.0024999404862693,False,True,29.99999590544543,False,True,0.1999981776036347,False,True,0.05,False,True,0.0,False,True,0.08,False,True,0.4,False,True,0.0079992829824851,False,True,29.99998030760397,False,True,0.005999408354321,False,True,37.815530572454534,False,True,4.168676476553533,False,True,1.0,False,0
scene_546,edge,True,Black Package,True,,REJECT,bbox_extent,0.9169125117403272,True,0.4,False,True,0.0187449921254229,False,False,-0.0128086798726814,False,True,0.0961228968544256,False,True,0.0097392513712095,False,True,3.0192178195091373,False,True,0.4,False,True,0.0024998803846115,False,True,20.213977940574143,False,True,0.1999987004706525,False,True,0.05,False,True,0.0,False,True,0.08,False,True,0.4,False,True,0.0079993272714938,False,True,29.999978333653775,False,True,0.0059995500247168,False,True,132.77680937102312,False,True,4.280850638470677,False,True,0.0386056460186653,False,0
scene_547,edge,True,POP_Drinks_Pack,True,,REJECT,bbox_inlier,1.090433207017177,True,0.4,False,True,0.0299904495207931,False,True,0.0744180591068881,False,False,-0.002317799722517,False,True,0.0191543478756164,False,True,10.21453088262074,False,True,0.29,False,True,0.0022601744046358,False,True,29.929299282173034,False,True,0.1941477386439459,False,True,0.05,False,True,0.0,False,True,0.08,False,True,0.4,False,True,0.0070546322637521,False,True,29.83962474798739,False,True,0.0051632279649854,False,True,117.04051704765136,False,True,4.220144621150819,False,True,0.2698705562741344,False,0
scene_548,edge,True,Asset_Package_in_paper_with_rope,False,surface_contact,REJECT,surface_warp,0.760364837692429,True,0.4,False,True,0.0253407819098054,False,True,0.1173600258140373,False,True,0.171357019877915,False,True,0.0159278297355183,False,True,10.433664564855384,False,True,0.4,False,True,0.0023534047849085,False,True,28.744391364022523,False,True,0.1519802003238046,False,True,0.05,False,True,0.0,False,True,0.08,False,True,0.4,False,False,-0.0146597502960177,False,True,29.55063534903778,False,True,0.0040091276295384,False,True,151.88225604509617,False,True,4.238472224040792,False,False,-0.1743438645585317,False,47
scene_550,edge,True,Colis VistaPrint,True,,ACCEPT,,1.0576775528565283,True,0.4,False,True,0.0299690574744659,False,True,0.1141823977313797,False,True,0.1907951429690559,False,True,0.0199617533048825,False,True,11.97213249661859,False,True,0.4,False,True,0.0024999018432845,False,True,29.99994625293155,False,True,0.1999982756966074,False,True,0.05,False,True,0.0,False,True,0.08,False,True,0.4,False,True,0.0079991386599065,False,True,29.999954412964225,False,True,0.0059994325694857,False,True,101.40443270877635,False,True,4.26564562079493,False,True,0.0234391514131124,False,0
scene_551,edge,True,Black Package,True,,ACCEPT,,1.0086238120441526,True,0.4,False,True,0.0299844638471744,False,True,0.0566327368301941,False,True,0.1362990260594893,False,True,0.0199706067378091,False,True,11.365870479721067,False,True,0.4,False,True,0.0024998899031142,False,True,29.999997300130673,False,True,0.1999964851864728,False,True,0.05,False,True,0.0,False,True,0.08,False,True,0.4,False,True,0.0079990435313942,False,True,29.99996585972799,False,True,0.0059992835890123,False,True,21.46517948887452,False,True,4.183882907515695,False,True,-0.0141115459031527,False,0
scene_552,edge,True,Colis VistaPrint,True,,REJECT,bbox_extent,0.7560758435511703,True,0.4,False,True,0.0195721472898736,False,False,-0.4022482783770473,False,True,0.06509900990099,False,True,0.0099922400691184,False,True,2.2011321583281376,False,True,0.27,False,True,0.0024998889812224,False,True,17.7999180434481,False,True,0.199999010548015,False,True,0.05,False,True,0.0,False,True,0.08,False,True,0.4,False,True,0.0079992916719662,False,True,29.99991992713727,False,True,0.0059995331808922,False,True,99.95443053586362,False,True,4.228074444857643,False,True,0.027914123023156,False,0
scene_554,edge,True,Asset_Package_in_paper_with_rope,False,surface_contact,REJECT,surface_warp,0.6009702171413603,True,0.4,False,True,0.0243160427896979,False,True,0.0184495612393794,False,True,0.0979375991538867,False,True,0.0116918213687039,False,True,8.793663511324244,False,True,0.4,False,True,0.0023161899087997,False,True,26.314416214629972,False,True,0.1774710179493395,False,True,0.05,False,True,0.0,False,True,0.0466666666666666,False,True,0.4,False,False,-0.0153118899861083,False,True,28.17976505135738,False,False,-0.0040380971131659,False,True,20.022280668353165,False,True,3.988986110290353,False,False,-0.182086271485587,False,27
scene_555,edge,True,Asset_Package_in_paper_with_rope,True,,REJECT,bbox_extent,0.5573477363106353,True,0.4,False,True,0.0284845225126059,False,False,-0.0002305556530769,False,True,0.080715370339126,False,True,0.0107234092801583,False,True,4.248280433437962,False,True,0.36,False,True,0.0022044333836072,False,True,18.757850123688108,False,True,0.1063803102405802,False,True,0.05,False,True,0.0,False,True,0.08,False,True,0.4,False,False,-0.0118435274497673,False,True,26.06703161225918,False,False,-0.0078426933800001,False,True,86.04013081656994,False,True,4.269950377233084,False,True,-0.1630701905889459,False,3
scene_556,edge,True,Ikea Cardboard Package,True,,ACCEPT,,1.2456437887591607,True,0.4,False,True,0.0299467215008259,False,True,0.1009887443343743,False,True,0.1553202479338842,False,True,0.0199318539305196,False,True,11.747518147863133,False,True,0.4,False,True,0.0024999627114012,False,True,29.99997043673906,False,True,0.199999358493832,False,True,0.05,False,True,0.0,False,True,0.08,False,True,0.4,False,True,0.0079994966295103,False,True,29.999973782058415,False,True,0.0059997388595659,False,True,12.82253540396621,False,True,4.062594506633198,False,True,1.0,False,0
scene_557,edge,True,Storage_Box_with_Lid,True,,ACCEPT,,1.209651511418504,True,0.4,False,True,0.0263942261156836,False,True,0.1426138464554767,False,True,0.1941629408842523,False,True,0.0166182145039355,False,True,9.954601691639624,False,True,0.4,False,True,0.0024998859673487,False,True,27.95997089208397,False,True,0.199998225997362,False,True,0.05,False,True,0.0,False,True,0.08,False,True,0.4,False,True,0.0079992716710391,False,True,29.999960744976956,False,True,0.0059995491166827,False,True,14.509052139528116,False,True,4.008714165837314,False,True,0.3744472012317253,False,0
scene_558,edge,True,Colis VistaPrint,True,,ACCEPT,,1.063529688460867,True,0.4,False,True,0.0173220533032316,False,True,0.1215883038728,False,True,0.1648823729969314,False,True,0.0098718099652684,False,True,6.1493321688065175,False,True,0.4,False,True,0.0024999086316745,False,True,23.95212585944202,False,True,0.1999992409715218,False,True,0.05,False,True,0.0,False,True,0.08,False,True,0.4,False,True,0.0079992875521017,False,True,29.99994521194081,False,True,0.0059995760494188,False,True,70.17997068834086,False,True,4.232672283152548,False,True,0.1920005887599251,False,0
scene_559,edge,False,,False,single_object,REJECT,bbox_extent,1.0811800980043766,True,0.4,False,True,0.0180030121101919,False,False,-0.0084560997016478,False,True,0.0874801901743264,False,True,0.012749078172505,False,True,1.1296681563611006,False,True,0.3399999999999999,False,True,0.0024058760991108,False,True,16.441973454928657,False,True,0.1895314532542309,False,False,-0.125,False,True,0.0123792402008341,False,True,0.08,False,True,0.4,False,True,0.0042662263017004,False,True,29.54308624280776,False,True,0.0051035127097777,False,True,158.34200278346168,False,True,4.271707645784424,False,True,1.0,False,0
scene_560,tilted,True,Amazon_A2_Package,False,single_object,ACCEPT,,1.0099951674452112,True,0.4,False,True,0.02987461556908,False,True,0.1147413160273053,False,True,0.1999999999999999,False,True,0.0185864771347913,False,True,11.098563642377682,False,True,0.4,False,True,0.0024041583796516,False,True,20.9667889935405,False,True,0.194779936388113,False,True,0.05,False,True,0.0,False,True,0.08,False,True,0.4,False,True,0.0074546729130739,False,True,29.92652292215701,False,True,0.0056090887579996,False,True,147.77305663943724,False,True,4.27066087063588,False,True,-0.0032635739137481,False,0
scene_562,tilted,True,Carton Magdeleine,True,,ACCEPT,,1.2478485213772756,True,0.4,False,True,0.0299917222882172,False,True,0.1321476421300008,False,True,0.1841467205470934,False,True,0.0199896641721456,False,True,11.31020008736234,False,True,0.4,False,True,0.0024998558250207,False,True,24.58052766558943,False,True,0.1999979914409455,False,True,0.05,False,True,0.0,False,True,0.08,False,True,0.4,False,True,0.0079990107552007,False,True,29.999895065696236,False,True,0.0059993377604251,False,True,81.34385297173658,False,True,4.249459484138582,False,True,0.5867978489474912,False,0
scene_563,tilted,True,Amazon_A2_Package,False,single_object,ACCEPT,,0.905317153609475,True,0.4,False,True,0.0298128068090839,False,True,0.0455458096252681,True,True,0.0642388929351783,True,True,0.0180686091128594,True,True,11.4003183836443,True,True,-0.01,True,True,0.0023993283109306,False,True,20.745933287158422,False,True,0.1939869298396497,False,True,0.05,False,True,0.0,False,True,0.08,False,True,0.4,False,True,0.0074760422553413,False,True,29.89044987394843,False,True,0.005599949176956,False,True,142.70675495203358,False,True,4.250915619255078,False,True,-0.0709703679269233,False,0
scene_564,tilted,True,Asset_Package_in_paper_with_rope,False,surface_contact,REJECT,surface_warp,0.5573927281651191,True,0.4,False,True,0.0171773043028629,False,True,0.0991805583054602,False,True,0.176319069380972,False,True,0.0154891306609357,False,True,10.766223761580918,False,True,0.4,False,True,0.0023530796900649,False,True,27.329951459919272,False,True,0.0462945541177624,False,True,0.05,False,True,0.0,False,True,0.08,False,True,0.4,False,False,-0.0179395575177282,False,True,26.892775625898032,False,False,-0.0107751685050126,False,True,110.56238739142287,False,True,4.231603627363268,False,False,-0.1862246109508749,False,41
scene_565,tilted,True,Amazon_A2_Package,False,single_object,ACCEPT,,1.0389663155968694,True,0.4,False,True,0.0297610571098236,False,True,0.1085770283575169,False,True,0.1968292518383593,False,True,0.0180510722405402,False,True,9.604338437658054,False,True,0.4,False,True,0.0024035957977819,False,True,19.4533257322064,False,True,0.1948841138149531,False,True,0.05,False,True,0.0,False,True,0.08,False,True,0.4,False,True,0.0074670298200853,False,True,29.919326615055457,False,True,0.0055977463656301,False,True,24.716006238394257,False,True,4.11874026714008,False,True,0.0838749133660265,False,0
scene_566,tilted,True,Small Packet,True,,ACCEPT,,0.970626254272856,True,0.4,False,True,0.0299579960093085,False,True,0.0130089463999031,False,True,0.0096453176830824,False,True,0.0162798756853202,False,True,10.83616807398699,False,True,0.4,False,True,0.0024998764643814,False,True,26.519656649334948,False,True,0.199998210994638,False,True,0.05,False,True,0.0,False,True,0.08,False,True,0.4,False,True,0.0079991816501044,False,True,29.99997579133897,False,True,0.0059994343629794,False,True,188.9262019407313,False,True,4.305552431037615,False,True,0.0195288495493397,False,0
scene_567,tilted,True,Amazon_Book_Package,False,single_object,ACCEPT,,1.0184057264771764,True,0.4,False,True,0.0297859847711507,False,True,0.0754026012282351,True,True,0.0956611570247933,True,True,0.0193050016147475,True,True,10.535388701848817,True,True,-0.2099999999999999,True,True,0.002499884306296,False,True,22.85654254698513,False,True,0.199999271152569,False,True,0.05,False,True,0.0,False,True,0.08,False,True,0.4,False,True,0.007999202963698,False,True,29.999933132570117,False,True,0.0059994855275782,False,True,88.59651861173029,False,True,4.231942288755853,False,True,0.1283505848446817,False,0
scene_568,tilted,True,Amazon_A2_Package,False,single_object,ACCEPT,,0.9647480915668766,True,0.4,False,True,0.0298092267440825,False,True,0.0860232240149502,True,True,0.1486162361623615,True,True,0.018260276454804,True,True,11.404622306879697,True,True,-0.0699999999999999,True,True,0.0024046239042922,False,True,20.32343854859292,False,True,0.1942035322712884,False,True,0.05,False,True,0.0,False,True,0.08,False,True,0.4,False,True,0.0074763058650961,False,True,29.92838576349089,False,True,0.0056219096546533,False,True,105.72613139236464,False,True,4.307109034253633,False,True,0.0019872572702878,False,0
scene_569,tilted,True,Small_Shipping_Bag,True,,ACCEPT,,1.119811338633565,True,0.4,False,True,0.0299980066769105,False,True,-0.0380044866636279,True,True,0.0389409817981246,True,True,0.0162964197101138,True,True,10.920577082935734,True,True,-0.0999999999999999,True,True,0.0024998840302735,False,True,22.00848436990544,False,True,0.199998984027519,False,True,0.05,False,True,0.0,False,True,0.08,False,True,0.4,False,True,0.0079992253292453,False,True,29.99992724365604,False,True,0.0059994992746932,False,True,136.2750701815551,False,True,4.296506200316419,False,True,1.0,False,0
scene_570,tilted,True,Vintage_Envelope,False,single_object,ACCEPT,,0.9250485129542076,True,0.4,False,True,0.0298301430610524,False,True,-0.0557177801627341,True,True,0.016689466484268,True,True,0.0194466341342264,True,True,8.69509485737106,True,True,-0.02,True,True,0.0024999012166751,False,True,26.453633072497095,False,True,0.1999992188848114,False,True,0.05,False,True,0.0,False,True,0.08,False,True,0.4,False,True,0.0079992444695971,False,True,29.999976602863235,False,True,0.0059994934923834,False,True,410.9738139670781,False,True,4.318004273660995,False,True,0.0258219882477662,False,0
scene_571,tilted,True,Куб,True,,REJECT,bbox_extent,1.044411385249381,True,0.4,False,True,0.0299620513694174,False,False,-0.080859451303185,False,True,0.1585961063888127,False,True,0.0199323470437775,False,True,11.525813466167392,False,True,0.4,False,True,0.0024998802651256,False,True,25.764716414451943,False,True,0.1999968966940597,False,True,0.05,False,True,0.0,False,True,0.08,False,True,0.4,False,True,0.0079992134580832,False,True,29.999934353744635,False,True,0.0059994580072047,False,True,290.2386993684462,False,True,4.300847240782541,False,True,0.1775412913831082,False,0
scene_572,tilted,True,Amazon_Book_Package,False,single_object,ACCEPT,,1.231396116261893,True,0.4,False,True,0.0299866033214197,False,True,0.1175435769274046,False,True,0.1636923753988337,False,True,0.0199691695149893,False,True,10.253078911303373,False,True,0.4,False,True,0.00249988837786,False,True,22.610678723235612,False,True,0.199999145330888,False,True,0.05,False,True,0.0,False,True,0.08,False,True,0.4,False,True,0.007999220813297,False,True,29.99985609417884,False,True,0.0059995255936252,False,True,168.56601941856752,False,True,4.286707667753843,False,True,1.0,False,0
scene_573,tilted,True,Cardboard Box SQ01.001,True,,ACCEPT,,1.1991860481526608,True,0.4,False,True,0.0289671053118229,False,True,0.1238872545798765,True,True,0.1827024058756906,True,True,0.0189565612479966,True,True,11.70191061600164,True,True,-0.12,True,True,0.0024998888954536,False,True,22.411993331608315,False,True,0.1953743405252757,False,True,0.05,False,True,0.0,False,True,0.08,False,True,0.4,False,True,0.0075558157058263,False,True,29.999930000973656,False,True,0.0055617903941127,False,True,28.581456825281244,False,True,3.663455589925164,False,True,1.0,False,0
scene_574,tilted,False,,False,single_object,REJECT,top_height_match,0.5378552104003089,True,0.4,False,False,-0.0048186573249721,False,True,0.15,True,True,0.1540996469203609,True,True,0.0042419193153385,True,True,7.991983672012772,True,True,-0.2199999999999999,True,True,0.0001013195127118,False,True,19.831180269190373,False,False,-0.0208390204637554,False,True,0.05,False,True,0.0,False,True,0.0716666666666667,False,True,0.2571428571428572,False,False,-0.0225448334583297,False,True,25.643507549411712,False,False,-0.0038238740881417,False,True,1.9547713675401583,False,True,2.848921775512105,False,True,1.0,False,0
scene_575,tilted,True,Paper_Shopping_Bag,True,,REJECT,surface_warp,0.7806643076174833,True,0.4,False,True,0.0240940043126871,False,True,-0.0891528033123914,True,True,0.0269742679680567,True,True,0.0118808004018229,True,True,3.3636521275019895,True,True,-0.2699999999999999,True,True,0.0018082733572954,False,True,18.806890472591057,False,True,0.1461447508128688,False,True,0.05,False,True,0.0,False,True,0.08,False,True,0.4,False,False,-0.0017579932303614,False,True,27.951013560805855,False,False,-0.0001452330924383,False,True,144.3522339501513,False,True,4.25305211014466,False,True,0.2129093301289923,False,0
scene_576,tilted,True,Amazon_A2_Package,False,single_object,ACCEPT,,1.209425447151185,True,0.4,False,True,0.0298051620398631,False,True,0.0978340947291823,False,True,0.1502700270027002,False,True,0.0185626215597877,False,True,10.987530116248712,False,True,0.39,False,True,0.0024052640186204,False,True,22.107897300500696,False,True,0.1938921549401794,False,True,0.05,False,True,0.0,False,True,0.08,False,True,0.4,False,True,0.0074965721251942,False,True,29.982251623013457,False,True,0.005630663230313,False,True,82.78556197838145,False,True,4.2680589933302375,False,True,1.0,False,0
scene_577,tilted,True,Amazon_A2_Package,False,single_object,ACCEPT,,1.157552916808958,True,0.4,False,True,0.029901642331981,False,True,0.0712185995302788,True,True,0.1059153072993902,True,True,0.0181853149728279,True,True,10.196785564181834,True,True,-0.1099999999999999,True,True,0.0024003610067353,False,True,21.422699580512777,False,True,0.1933367762832624,False,True,0.05,False,True,0.0,False,True,0.08,False,True,0.4,False,True,0.0074265058798544,False,True,29.911365703189546,False,True,0.005598232554116,False,True,122.25330146247887,False,True,4.287491088389212,False,True,1.0,False,0
scene_580,angled_occluded,True,Ikea Cardboard Package,True,,ACCEPT,,1.1824247036397442,True,0.4,False,True,0.0295739188313139,False,True,0.1070702994983733,False,True,0.1350863490410483,False,True,0.019307580431831,False,True,11.839813674615655,False,True,0.25,False,True,0.0024998895286661,False,True,7.964776640597016,False,True,0.1999982023884743,False,True,0.05,False,True,0.0,False,True,0.08,False,True,0.4,False,True,0.0079991376281868,False,True,29.999960522776934,False,True,0.0059994098739846,False,True,8.80841969890318,False,True,3.6791469237079912,False,True,1.0,False,0
scene_583,angled_occluded,False,,False,single_object,REJECT,,-0.1951581788982466,True,0.4,False,True,0.0081738996505957,False,True,0.15,True,True,-0.5282051282051283,True,True,0.0041829722068665,True,True,-68.20820734928868,True,True,-0.58,True,True,0.0024998650231693,False,False,-10.34608678272606,False,False,-0.5920201075520752,False,False,-0.0749999999999999,False,True,0.0138634243989226,False,False,-0.045,False,False,-0.6,False,False,-0.0846892903898421,False,False,-10.346086782726069,False,False,-0.0141293224837889,False,True,5.964120724994798,False,True,4.215766074974144,False,True,-0.0338590755403519,False,3
scene_586,angled_occluded,True,Ikea Cardboard Package,True,,ACCEPT,,1.1852658589195606,True,0.4,False,True,0.0299306325368185,False,True,0.1192707118434993,False,True,0.141909359912786,False,True,0.0198970792764448,False,True,11.566585965431528,False,True,0.03,False,True,0.0024998884427693,False,True,11.968464266278186,False,True,0.1999988262552919,False,True,0.05,False,True,0.0,False,True,0.08,False,True,0.4,False,True,0.0079993818692501,False,True,29.999922635669563,False,True,0.0059994902849909,False,True,9.881580186192048,False,True,3.900092652102847,False,True,1.0,False,0
scene_587,angled_dense,False,,False,single_object,REJECT,,-0.0431128337035631,True,0.4,False,True,0.014291481971756,False,True,0.15,True,True,-0.2058919803600655,True,True,0.006251811788528,True,True,-39.66463829269768,True,True,-0.3,True,True,0.0024951614719259,False,False,-30.375144598614263,False,True,0.0107519342906693,False,False,-0.1833333333333332,False,False,-3.469446951953614e-18,False,False,-0.1283333333333333,False,True,0.3090909090909091,False,False,-0.0259317544629482,False,False,-30.375144598614263,False,False,-0.0145203017188975,False,True,161.51624679449938,False,True,4.308993174789813,False,False,-0.0286793503965816,False,8
scene_588,angled_chaotic,True,Envelope_Stack,False,single_object,ACCEPT,,1.0342148099456387,True,0.4,False,True,0.0270617785400188,False,True,0.0893174670500363,True,True,0.1607962131326616,True,True,0.0155257305507769,True,True,11.7592214281732,True,True,-0.42,True,True,0.0017307794541321,False,True,3.9372282456165095,False,True,0.1641027056024049,False,True,0.05,False,True,0.0,False,True,0.08,False,True,0.4,False,True,0.0034111966451392,False,True,29.154126975920907,False,True,0.0029149243184573,False,True,73.82420164587235,False,True,4.212107926329286,False,True,1.0,False,0
scene_592,angled_occluded,False,,False,single_object,REJECT,normal_angle,0.2965990272838041,True,0.4,False,True,0.0132379817962815,False,True,0.15,True,True,-0.1793302540415704,True,True,0.0068542484375552,True,True,12.0,True,True,0.4,True,True,0.0024998793589043,False,False,-6.617040606449251,False,True,0.1999980079970163,False,True,0.05,False,True,0.0,False,True,0.08,False,True,0.4,False,True,0.0079992840077214,False,True,29.999988933828767,False,True,0.0059994930127062,False,False,-0.888257895284166,False,False,-0.7695873437750542,False,False,-0.1693522981460455,False,628
scene_593,angled_dense,False,,False,single_object,REJECT,planarity,0.5497279089878285,True,0.4,False,True,0.0284907462905089,False,True,0.15,True,True,0.1401609704887436,True,True,0.0184602835262294,True,True,11.091169979044146,True,True,-0.4399999999999999,True,False,-0.0010814962597834,False,True,5.071913631443877,False,False,-0.1889025003462516,False,True,0.0,False,True,0.0177074417675062,False,True,0.08,False,True,0.2571428571428572,False,False,-0.0262775925047566,False,True,26.19003641899817,False,False,-0.0245887546517415,False,True,5.297694497615341,False,True,3.4018246248363524,False,True,1.0,False,0
scene_595,angled_occluded,False,,False,single_object,REJECT,,-0.1558094447597597,True,0.4,False,True,0.0284303712844861,False,True,0.15,True,True,-0.1807069219440353,True,True,0.0056986981412852,True,True,-40.30181388870718,True,True,-0.12,True,False,-0.003100356209368,False,False,-42.91062972035695,False,False,-0.0364233834969318,False,False,-0.0249999999999999,False,True,0.0138634243989226,False,False,-0.0783333333333333,False,True,0.0666666666666667,False,False,-0.016425226162578,False,False,-42.91062972035695,False,False,-0.0140664153372884,False,True,19.40291953518727,False,True,4.200598153006678,False,False,-0.078870183123587,False,233
scene_596,angled_dense,True,Black Package,False,surface_contact;normal_alignment;free_extraction,REJECT,normal_angle,-0.2966907006830437,True,0.4,False,True,0.0214035916328516,False,True,0.15,True,True,-0.3140415140415141,True,True,0.0042541111366952,True,True,12.0,True,True,-0.6,True,True,0.0024998756036577,False,False,-22.672088702641027,False,False,-0.0626887757552502,False,False,-0.0499999999999999,False,True,0.008418745424597,False,True,0.0549999999999999,False,True,0.4,False,False,-0.0172694051235334,False,True,20.96519604189977,False,False,-0.0104537556232377,False,False,-1.4008599989420871,False,False,-8.002832098927518,False,False,-0.2162399928927124,False,203
scene_597,angled_chaotic,False,,False,single_object,REJECT,top_height_match,0.4533564825373117,True,0.4,False,False,-0.0079921674728009,False,True,0.15,True,True,-0.0287390029325513,True,True,0.0049537134143997,True,True,-2.1240106390299616,True,True,-0.2699999999999999,True,True,0.002499885165267,False,False,-20.10121143891319,False,True,0.199998297281776,False,True,0.05,False,True,0.0,False,True,0.0716666666666667,False,True,0.2571428571428572,False,True,0.0079992816337336,False,True,29.999971942134895,False,True,0.0059994521276418,False,True,3.245825683526669,False,True,2.285265070053601,False,False,-0.3372909124525691,False,407
scene_599,angled_dense,False,,False,single_object,REJECT,bbox_inlier,-0.3337024148771596,True,0.4,False,True,0.0291393029689796,False,True,0.0674937653040854,False,False,-0.0279760205538111,False,True,0.0065238189678046,False,True,6.371849390237546,False,True,0.0,False,False,-0.0011925563708887,False,False,-0.1346315174288186,False,True,0.021681626750466,False,False,-0.1833333333333332,False,False,-0.0111320377358867,False,False,-0.1616666666666666,False,True,0.4,False,False,-0.006815471997425,False,True,20.426445821862,False,False,-0.0075020637965862,False,True,1.757723298252874,False,False,-4.099565088490264,False,False,-0.4558807001175177,False,7258
scene_600,angled_chaotic,False,,False,single_object,REJECT,planarity,0.2538986145739079,True,0.4,False,True,0.0285458125880931,False,True,-0.0038730219671316,True,True,-0.0002092779909312,True,True,0.008304159920761,True,True,5.128099973022278,True,True,-0.29,True,False,-0.0020771477428449,False,True,16.752491253672268,False,False,-0.1480198746352468,False,True,0.05,False,True,0.0,False,True,0.0133333333333333,False,True,0.2333333333333333,False,False,-0.0149566493454658,False,True,21.477271338135637,False,False,-0.0114702859786429,False,True,72.66179232714424,False,True,4.126701156557633,False,False,-0.0933166500732052,False,148
scene_601,angled_occluded,True,Ikea Cardboard Package,True,,ACCEPT,,1.1568613182765854,True,0.4,False,True,0.0286385678504525,False,True,0.1274512074339885,True,True,0.1437744950256255,True,True,0.0184490697150675,True,True,11.1330424986962,True,True,-0.1999999999999999,True,True,0.0024999011875969,False,True,6.805809571381694,False,True,0.1999987712673799,False,True,0.05,False,True,0.0,False,True,0.08,False,True,0.4,False,True,0.0079991903839718,False,True,29.99995381723765,False,True,0.005999518410203,False,True,8.502480023317382,False,True,3.1325539911440883,False,True,1.0,False,0
scene_603,angled_chaotic,False,,False,single_object,REJECT,top_height_match,0.0908408711391159,True,0.4,False,False,-0.0173279476165298,False,False,-0.008107423743358,False,False,-0.0863247863247863,False,True,0.0058949860568604,False,True,10.061145383244233,False,True,0.05,False,True,0.0022324154907855,False,False,-5.337876955937418,False,False,-0.7703906301947754,False,True,0.0,False,True,0.0199999999999999,False,True,0.08,False,True,0.2571428571428572,False,False,-0.0404184429785112,False,True,29.969059581945345,False,False,-0.022727888621646,False,True,27.002542617859287,False,True,3.794819137210084,False,False,-0.2355947747285104,False,1638
scene_604,angled_occluded,False,,False,single_object,REJECT,top_height_match,0.6743385899924457,True,0.4,False,False,-0.0169836235045915,False,True,0.15,True,True,0.0948092127878995,True,True,0.0053181142828715,True,True,-21.616465785039622,True,True,-0.3,True,True,0.0024998748460301,False,False,-3.885313164850423,False,True,0.1999973954418167,False,True,0.05,False,True,0.0,False,True,0.08,False,True,0.4,False,True,0.007999261274299,False,True,29.999967861347024,False,True,0.0059994323498788,False,True,16.18687347305641,False,True,3.9833246049690145,False,True,-0.0889749438870087,False,0
scene_605,angled_dense,False,,False,single_object,REJECT,top_height_match,-1.323224351875101,True,0.4,False,False,-0.1035119366644481,False,True,0.15,True,True,-0.0167567567567568,True,True,0.0045615626978176,True,True,12.0,True,True,0.4,True,False,-0.0128587847481226,False,False,-57.92488089130005,False,False,-0.298686738661498,False,False,-0.0833333333333332,False,False,-0.0171937515251342,False,False,-0.2449999999999999,False,False,-0.3142857142857143,False,False,-0.0582998300234735,False,False,-45.78814742359161,False,False,-0.0487327095942953,False,False,-1.3342107992675245,False,False,-26.091777412868737,False,False,-0.2588281247562284,False,3832
scene_606,angled_chaotic,True,Amazon_Book_Package,False,footprint_containment,REJECT,normal_angle,0.6663150554771227,True,0.4,False,True,0.0018105256557747,False,True,0.15,True,True,-0.0677809388335705,True,True,0.0042878580093383,True,True,-16.442535872494545,True,True,-0.0399999999999999,True,True,0.0024998872703895,False,False,-4.213473599872664,False,True,0.1999983395864603,False,True,0.05,False,True,0.0,False,True,0.08,False,True,0.4,False,True,0.0079992880797515,False,True,29.999974329935473,False,True,0.0059994985381157,False,True,9.148441007939004,False,True,3.432681876224401,False,False,-0.1749675419135115,False,1263
scene_607,angled_occluded,True,Gros Carton,True,,ACCEPT,,1.0258269960035284,True,0.4,False,True,0.0290534411475935,False,True,0.0715082628208274,True,True,0.1711919497751457,True,True,0.0187212662984636,True,True,11.84320056504798,True,True,-0.3199999999999999,True,True,0.002499916033202,False,True,10.562042786335798,False,True,0.1999985545804207,False,True,0.05,False,True,0.0,False,True,0.08,False,True,0.4,False,True,0.0079992893437027,False,True,29.999969538102885,False,True,0.0059995093086474,False,True,2.543887248395655,False,True,2.0805586004923615,False,True,1.0,False,0
scene_608,angled_dense,False,,False,single_object,REJECT,normal_angle,0.4765890070975981,True,0.4,False,True,0.0245325970649774,False,True,0.15,True,True,-0.0958333333333333,True,True,0.0052103609873171,True,True,8.325695711875865,True,True,-0.0699999999999999,True,True,0.0024035665134658,False,False,-8.267286933646247,False,True,0.0221964685968064,False,False,-0.0333333333333333,False,True,0.0112310562561766,False,True,0.08,False,True,0.2571428571428572,False,False,-0.0266836276739519,False,True,29.861690756368404,False,True,0.0024496561152026,False,True,11.41972323424766,False,True,3.2710220755583332,False,False,-0.213534932596588,False,1345
scene_609,angled_chaotic,True,Amazon_Book_Package,False,footprint_containment,REJECT,bbox_inlier,1.075537922263938,True,0.4,False,True,0.0237407174349799,False,True,0.039459683360861,False,False,-0.0988498235524768,False,True,0.0093223199262363,False,True,5.942376007806048,False,True,0.18,False,True,0.0024998863684319,False,True,10.942592428315384,False,True,0.1999985895896206,False,True,0.05,False,True,0.0,False,True,0.08,False,True,0.4,False,True,0.007999175602296,False,True,29.999952219177455,False,True,0.0059995278359759,False,True,45.01625474305611,False,True,4.282001596841579,False,True,1.0,False,0
scene_610,angled_occluded,False,,False,single_object,REJECT,suction_area,0.462364529712911,True,0.4,False,True,0.0299997913837432,False,True,0.15,True,True,-0.4012104909213181,True,True,0.005006675409302,True,True,-7.506895516557346,True,True,-0.5,True,True,0.0024998988703204,False,True,3.548303339756778,False,True,0.1999969651164084,False,False,-0.2249999999999999,False,True,0.0020624390837627,False,False,-0.2033333333333333,False,True,0.4,False,True,0.0079992176351107,False,True,29.999989268231676,False,True,0.0059995290415824,False,True,3.540859789975761,False,True,1.093486140221528,False,False,-0.0705750608987366,False,170
scene_611,angled_dense,False,,False,single_object,REJECT,,-0.1503763790663977,True,0.4,False,False,-0.0876552772520795,False,True,0.15,True,True,-0.1536673928830791,True,True,0.0058204244497401,True,True,12.0,True,True,0.4,True,True,0.0024858907849706,False,False,-30.771821018953837,False,True,0.1971190698702227,False,False,-0.0333333333333333,False,True,0.0112310562561766,False,False,-0.0533333333333333,False,True,0.2333333333333333,False,True,0.007566312030336,False,False,-30.771821018953837,False,True,0.005713467678865,False,False,-0.4873696368780169,False,False,-2.2095366110227888,False,False,-0.1377689548786837,False,661
scene_613,angled_occluded,True,Ikea Cardboard Package,True,,ACCEPT,,1.1794572849731026,True,0.4,False,True,0.0296333245815167,False,True,0.0783183617516296,False,True,0.1616130820399113,False,True,0.0194629921353922,False,True,11.654408099769356,False,True,0.19,False,True,0.0024998926572685,False,True,10.589019462668528,False,True,0.1999991848891578,False,True,0.05,False,True,0.0,False,True,0.08,False,True,0.4,False,True,0.0079993380734244,False,True,29.999929907315508,False,True,0.0059995334051464,False,True,7.692061865705345,False,True,3.7581009783707247,False,True,1.0,False,0
scene_614,angled_dense,False,,False,single_object,REJECT,normal_angle,0.7402684177806927,True,0.4,False,True,0.0121203112602412,False,True,0.15,True,True,-0.0715902322811197,True,True,0.0051413420539486,True,True,-19.671023067210506,True,True,-0.12,True,True,0.0024998898708237,False,False,-1.6710529782143697,False,True,0.1999979224408111,False,True,0.05,False,True,0.0,False,True,0.08,False,True,0.4,False,True,0.0079991283514083,False,True,29.999963267883377,False,True,0.0059994029616045,False,True,75.33734001118522,False,True,4.313927914313218,False,True,-0.0398559841464776,False,0
scene_616,angled_occluded,False,,False,single_object,REJECT,planarity,-0.8034922435782437,True,0.4,False,True,0.0003173518181142,False,True,0.15,True,True,-0.3694945848375451,True,True,0.0061868956247351,True,True,-34.162640166155384,True,True,-0.59,True,False,-0.0087417775464496,False,True,7.133167095310508,False,False,-0.6710715739561148,False,True,0.05,False,True,0.0,False,True,0.0633333333333332,False,True,0.3285714285714286,False,False,-0.0416204720009431,False,True,15.109408093831323,False,False,-0.0330906118327242,False,False,-0.7467726282222074,False,False,-1.1704494204143696,False,False,-0.0839063916108663,False,193
scene_618,angled_chaotic,False,,False,single_object,REJECT,bbox_extent,0.7083443464343303,True,0.4,False,True,0.0284040512492673,False,False,-0.9298922441813592,False,False,-0.0508517887563884,False,True,0.0182653675960615,False,True,8.8395162337187,False,True,0.06,False,True,0.0024998866098819,False,True,9.55886438256266,False,True,0.1999978521374747,False,True,0.05,False,True,0.0,False,True,0.08,False,True,0.4,False,True,0.0079992812280803,False,True,29.999965068239653,False,True,0.0059995363645387,False,True,272.93991446639967,False,True,4.314699451878733,False,False,-0.0329946170118616,False,10
scene_619,angled_occluded,False,,False,single_object,REJECT,top_height_match,-0.2777944927862373,True,0.4,False,False,-0.0330359649657572,False,True,0.15,True,True,-0.3778748180494906,True,True,0.005732793805508,True,True,-37.82895918280132,True,True,-0.51,True,True,0.0024998775810888,False,False,-10.178146676911313,False,True,0.1608588882319258,False,False,-0.0249999999999999,False,True,0.0138634243989226,False,False,-0.045,False,True,0.2333333333333333,False,False,-0.0003253317262072,False,True,29.48109453870949,False,False,-0.0001288873053743,False,False,-1.51394191536561,False,False,-20.857596031309765,False,False,-0.1589933930149559,False,94
scene_620,angled_dense,False,,False,single_object,REJECT,,0.4260156130049786,True,0.4,False,True,0.0183767962455864,False,True,0.15,True,True,-0.5172932330827068,True,True,0.0045046850195236,True,True,-39.00841132440326,True,True,-0.5,True,True,0.0024999225873356,False,False,-8.991567441837212,False,True,0.1999988035504898,False,True,0.05,False,True,0.0,False,True,0.08,False,True,0.4,False,True,0.0079991759339896,False,False,-8.991567441837212,False,True,0.0059994574596843,False,True,3.6036882287106007,False,True,4.106920666181622,False,True,-0.0534107670896071,False,0
scene_621,angled_chaotic,False,,False,single_object,REJECT,,-0.0932356637860832,True,0.4,False,False,-0.0744738173483752,False,True,0.15,True,True,-0.0714870395634379,True,True,0.006633241548649,True,True,-22.90491363045177,True,True,-0.47,True,True,0.001921033247419,False,False,-13.840595828864878,False,False,-0.3263382268664894,False,True,0.0,False,True,0.02,False,True,0.0549999999999999,False,False,0.0,False,False,-0.1083659577857301,False,False,-13.840595828864892,False,False,-0.1051074715943085,False,True,38.3154286965018,False,True,4.249943133713285,False,False,-0.0520181683348096,False,43
scene_623,angled_dense,True,Envelope_Stack,False,single_object;footprint_containment;free_extraction,REJECT,normal_angle,0.0254110259934988,True,0.4,False,True,0.013208656311052,False,True,0.15,True,True,-0.1858165256994145,True,True,0.0074296188330227,True,True,-33.38306711784392,True,True,-0.51,True,True,0.0009785213363427,False,False,-11.680580497917576,False,True,0.1331904619635664,False,True,0.05,False,True,0.0,False,True,0.08,False,True,0.4,False,False,-0.0010428974156522,False,True,29.68966317042321,False,False,-0.0016770811880717,False,False,-1.004347808414713,False,True,0.2734368288978652,False,False,-0.1633043186087355,False,553
scene_624,angled_chaotic,False,,False,single_object,REJECT,normal_angle,0.0458583075645421,True,0.4,False,True,0.0103521633148393,False,True,0.15,True,True,-0.1255895811334038,True,True,0.0055888281550034,True,True,12.0,True,True,0.4,True,True,0.0023904949307609,False,False,-34.939706033993346,False,True,0.1969479051985945,False,True,0.0,False,True,0.02,False,False,-0.07,False,False,-0.1833333333333333,False,True,0.0075745447701665,False,True,29.984999533962345,False,True,0.0056308132955479,False,False,-1.3052928482661463,False,False,-42.87026037818752,False,False,-0.15420119254723,False,1467
scene_625,angled_occluded,True,Ikea Cardboard Package,True,,ACCEPT,,1.1563525430906283,True,0.4,False,True,0.0271270482934198,False,True,0.1156929167194376,True,True,0.139415538132573,True,True,0.016480126020389,True,True,10.148143381388428,True,True,-0.0999999999999999,True,True,0.0024998977723753,False,True,10.019613644092283,False,True,0.1999986480003485,False,True,0.05,False,True,0.0,False,True,0.08,False,True,0.4,False,True,0.007999391905077,False,True,29.999984073059153,False,True,0.0059995962775591,False,True,114.63051553181492,False,True,4.253803126535532,False,True,1.0,False,0
scene_626,angled_dense,False,,False,single_object,REJECT,,0.4711522182281901,True,0.4,False,True,0.0283341336250322,False,True,0.15,True,True,-0.0647527910685805,True,True,0.0067339812876224,True,True,-47.19627890159484,True,True,-0.2199999999999999,True,True,0.002499893219583,False,False,-28.024332037931536,False,True,0.1951384821771166,False,True,0.05,False,True,0.0,False,True,0.0216666666666666,False,True,0.1142857142857143,False,True,0.0058667810378578,False,False,-28.024332037931536,False,True,0.0059995143752236,False,True,179.8126046844817,False,True,4.310898505841944,False,False,-0.0536657464916607,False,41
scene_627,angled_chaotic,False,,False,single_object,REJECT,top_height_match,-1.0570872659208022,True,0.4,False,False,-0.0622881364821464,False,True,0.15,True,True,-0.1236009732360098,True,True,0.0051992130306994,True,True,12.0,True,True,0.4,True,False,-0.0146100410929449,False,False,-56.53819752550392,False,False,-0.4849087869047706,False,True,0.05,False,True,0.0,False,True,0.08,False,True,0.2571428571428572,False,False,-0.0581727531460793,False,False,-30.20206321820684,False,False,-0.0484327686833976,False,False,-1.750217356400099,False,False,-16.164948915815817,False,False,-0.2929808100556218,False,1670
scene_628,angled_occluded,False,,False,single_object,REJECT,normal_angle,0.7147308379594491,True,0.4,False,True,0.0010638523102095,False,True,0.15,True,True,0.0635774465327284,True,True,0.0056326580026959,True,True,-19.672466716690767,True,True,-0.1999999999999999,True,True,0.0024999120941381,False,False,-1.7167411078473442,False,True,0.1999978936831823,False,True,0.05,False,True,0.0,False,True,0.08,False,True,0.4,False,True,0.0079992771533228,False,True,29.999984490431505,False,True,0.0059995000161481,False,True,14.012931934905566,False,True,4.18264368852491,False,True,-0.0952790053562769,False,0
scene_629,angled_dense,False,,False,single_object,REJECT,top_height_match,-0.1563027982813755,True,0.4,False,False,-0.0600460600852066,False,True,0.15,True,True,-0.0485854394568088,True,True,0.0047300228512703,True,True,12.0,True,True,0.4,True,True,0.0022227111691199,False,False,-27.566728823819577,False,True,0.1700750461077747,False,False,-0.0499999999999999,False,True,0.0053836120259082,False,True,0.0383333333333333,False,True,0.2333333333333333,False,True,0.0037553344285007,False,True,29.551471671184316,False,True,0.0031949748633519,False,False,-1.797745049647942,False,False,-83.46583463579867,False,False,-0.3576723469991106,False,3374
scene_632,angled_dense,False,,False,single_object,REJECT,bbox_inlier,0.7226351979798005,True,0.4,False,True,0.0280275630950947,False,True,0.0560612414176214,False,False,-0.0801595214356929,False,True,0.0061090183238173,False,True,4.433282871674147,False,True,0.05,False,True,0.0024998792234095,False,True,3.829577095109979,False,True,0.1999974169177104,False,True,0.05,False,True,0.0,False,True,0.08,False,True,0.4,False,True,0.0079991422286828,False,True,29.999948588929733,False,True,0.0059995087038098,False,True,11.767361163552644,False,True,2.7214524931541897,False,False,-0.2665667763319317,False,2667
scene_634,angled_occluded,False,,False,single_object,REJECT,suction_area,0.4034770764885872,True,0.4,False,True,0.0250277566909839,False,True,0.15,True,True,-0.0119008755008162,True,True,0.0051508140585689,True,True,5.880202314317161,True,True,-0.1099999999999999,True,True,0.002499888241036,False,True,2.6345618007218654,False,True,0.1999895909620127,False,False,-0.3583333333333333,False,False,-0.0138754845034029,False,False,-0.32,False,True,0.4,False,True,0.0079991309866011,False,True,29.999967021784112,False,True,0.0059993816246172,False,True,1.646944406721918,False,True,2.3921729142884782,False,False,-0.2625728170095167,False,2420
scene_635,angled_dense,False,,False,single_object,REJECT,top_height_match,-0.4252433671918849,True,0.4,False,False,-0.0718198490141806,False,True,0.15,True,True,-0.2928,True,True,0.0071910708886662,True,True,-19.32234147513087,True,True,-0.51,True,True,0.0004113913711632,False,False,-7.935467116325974,False,True,0.0664670972912557,False,False,-0.0249999999999999,False,True,0.0053836120259082,False,True,0.0299999999999999,False,True,0.3285714285714286,False,False,-0.0089892640674825,False,True,25.856682299591363,False,False,-0.007245603444434,False,False,-1.3416344639635422,False,False,-3.808100357563158,False,False,-0.1142958685803346,False,288
scene_636,angled_chaotic,False,,False,single_object,REJECT,normal_scatter,-0.1344415295552524,True,0.4,False,True,0.0285676253498144,False,True,0.15,True,True,0.120977870813397,True,True,0.0092000546355399,True,True,6.747845133431132,True,True,-0.37,True,True,0.0006343673626229,False,True,4.7839846088721,False,False,-0.3202069544676664,False,False,-0.0999999999999999,False,True,0.008418745424597,False,True,0.08,False,True,0.2571428571428572,False,False,-0.0231731287152895,False,True,24.862942564283586,False,False,-0.0192069524946535,False,True,3.4121753399098633,False,False,-2.6793977855611892,False,False,-0.1313965940200958,False,83
scene_637,angled_occluded,True,Ikea Cardboard Package,True,,ACCEPT,,1.209418380670685,True,0.4,False,True,0.0295097104206543,False,True,0.1358390889175161,False,True,0.1321611425491781,False,True,0.0193464307541673,False,True,11.819459779265232,False,True,0.3399999999999999,False,True,0.0024999000219254,False,True,13.201500112145734,False,True,0.1999980262186336,False,True,0.05,False,True,0.0,False,True,0.08,False,True,0.4,False,True,0.0079993901720254,False,True,29.999973136639365,False,True,0.0059996162799346,False,True,10.31636316191137,False,True,3.834184107395746,False,True,1.0,False,0
scene_638,angled_dense,True,Louis_Vuitton_Package,True,,ACCEPT,,1.0481818095542694,True,0.4,False,True,0.0298967237034115,False,True,0.1132583554157116,True,True,0.1254703328509406,True,True,0.0198142397542365,True,True,10.070632092187212,True,True,-0.0899999999999999,True,True,0.0024999001880347,False,True,13.611838559511842,False,True,0.1999975929646547,False,True,0.05,False,True,0.0,False,True,0.08,False,True,0.4,False,True,0.007999184211233,False,True,29.999941318975218,False,True,0.0059994830171782,False,True,521.5284946116938,False,True,4.316553468308916,False,True,0.1842299970689126,False,0
scene_640,angled_occluded,False,,False,single_object,REJECT,top_height_match,0.7244214372201981,True,0.4,False,False,-0.0035335731506014,False,True,0.15,True,True,-0.0406362237044638,True,True,0.005135674476681,True,True,6.396353638826522,True,True,-0.2199999999999999,True,True,0.0024998680223702,False,False,-4.180702254936861,False,True,0.1999980711376794,False,True,0.05,False,True,0.0,False,False,-0.045,False,True,0.4,False,True,0.0079991946866516,False,True,29.99997112275501,False,True,0.0059994567800498,False,True,48.386141601797384,False,True,4.260919612054302,False,False,-0.0472994126295792,False,91
scene_641,angled_dense,True,Storage_Box_with_Lid,True,,ACCEPT,,0.9309320029796992,True,0.4,False,True,0.0299618566557748,False,True,0.0613511221894248,True,True,0.1448201825013418,True,True,0.0199306355038346,True,True,11.49977673770198,True,True,-0.2199999999999999,True,True,0.0024998814577936,False,True,14.815129863776278,False,True,0.1999989904697403,False,True,0.05,False,True,0.0,False,True,0.08,False,True,0.4,False,True,0.0079992985726306,False,True,29.999955579149137,False,True,0.0059995180344828,False,True,36.80292632129806,False,True,4.104314392052628,False,True,-0.0340982948787695,False,0
scene_642,angled_chaotic,False,,False,single_object,REJECT,top_height_match,0.2526304416892078,True,0.4,False,False,-0.0113186550139967,False,True,0.15,True,True,-0.468693009118541,True,True,0.004673023221509,True,True,-37.735458434569395,True,True,-0.5,True,True,0.0024999000944134,False,False,-10.084224212390687,False,True,0.1999990585042781,False,True,0.05,False,True,0.0,False,False,-0.045,False,True,0.4,False,True,0.0079992673298868,False,True,29.999964243291036,False,True,0.0059994742588984,False,False,-0.1787751209028736,False,True,1.779581455605198,False,False,-0.0714030358155027,False,52
scene_644,angled_dense,False,,False,single_object,REJECT,normal_angle,0.6953409144463513,True,0.4,False,True,0.0209468173980804,False,True,0.15,True,True,-0.0979088104216661,True,True,0.0060445867569345,True,True,-14.958500160542538,True,True,-0.01,True,True,0.0018083475613742,False,False,-2.488399416694022,False,True,0.1564714222379447,False,True,0.0,False,True,0.0199999999999999,False,True,0.0716666666666667,False,True,0.4,False,True,0.0033448129742399,False,True,29.26141937045534,False,True,0.0024323888762901,False,True,11.638770097693644,False,True,4.114850057937526,False,False,-0.1077673174988257,False,380
scene_645,angled_chaotic,True,Amazon_Book_Package,True,,ACCEPT,,1.1183946341137323,True,0.4,False,True,0.0266023414819488,False,True,0.0745058984221196,True,True,0.1792721518987341,True,True,0.0152260240621551,True,True,8.83365426642741,True,True,-0.4599999999999999,True,True,0.0024998882932818,False,True,8.95931916743353,False,True,0.1999987567420316,False,True,0.05,False,True,0.0,False,True,0.08,False,True,0.4,False,True,0.0079992558658764,False,True,29.999962531104902,False,True,0.0059995475928563,False,True,79.57436339786305,False,True,4.301060594750106,False,True,1.0,False,0
scene_648,angled_chaotic,False,,False,single_object,REJECT,top_height_match,-1.1814225666781923,True,0.4,False,False,-0.1709998679159057,False,True,0.15,True,True,-0.0197273456295108,True,True,0.0048189278372655,True,True,12.0,True,True,0.4,True,False,-0.011723254525853,False,False,-55.26892750775957,False,False,-0.6755178106733775,False,True,0.05,False,True,0.0,False,False,-0.1199999999999999,False,True,0.4,False,False,-0.0531320702279712,False,False,-48.73398968482266,False,False,-0.0459315185445715,False,False,-1.5158562314236688,False,False,-4.491217839303632,False,False,-0.2563026448396575,False,4282
scene_649,angled_occluded,False,,False,single_object,REJECT,bbox_extent,0.6058090505190193,True,0.4,False,True,0.03,False,False,-0.0674480525233247,False,False,-0.1091441588024731,False,True,0.0093898963949439,False,True,3.1971091915184093,False,True,0.4,False,True,0.0024998534032924,False,True,1.0054596554505224,False,True,0.1999948602759961,False,True,0.05,False,True,0.0,False,False,-0.2783333333333332,False,True,0.4,False,True,0.0079991224465093,False,True,29.99984706723706,False,True,0.0059993328216501,False,True,106.9576363670296,False,True,4.3101427625476925,False,False,-0.1543782508906191,False,801
scene_650,angled_dense,True,Colis VistaPrint,True,,ACCEPT,,1.1380618275561938,True,0.4,False,True,0.0290472272879047,False,True,0.0904371526610086,True,True,0.1526445264452643,True,True,0.0189104657364877,True,True,11.04839130458061,True,True,-0.38,True,True,0.0024999769503331,False,True,7.607800635665196,False,True,0.1999976717570422,False,True,0.05,False,True,0.0,False,True,0.08,False,True,0.4,False,True,0.0079994170135699,False,True,29.999965403726517,False,True,0.0059994869796813,False,True,179.26199696013308,False,True,4.290588409765512,False,True,1.0,False,0
scene_652,angled_occluded,False,,False,single_object,REJECT,,-0.617490181084298,True,0.4,False,False,-0.0019662332534469,False,True,0.15,True,True,-0.4748826291079813,True,True,0.0040131207231334,True,True,-34.466965109160355,True,True,-0.5,True,False,-0.0098225400732243,False,False,-13.80000180181711,False,False,-0.718386696418835,False,True,0.05,False,True,0.0,False,True,0.0216666666666666,False,False,-0.0285714285714285,False,False,-0.0415754368055079,False,False,-13.800001801817103,False,False,-0.0384996878905307,False,True,1.7671287033119842,False,True,3.028388811080283,False,False,-0.0762479949280509,False,144
scene_654,angled_chaotic,True,Amazon_Book_Package,False,single_object,ACCEPT,,1.159915136770205,True,0.4,False,True,0.0297871489385379,False,True,0.0512828271344776,True,True,0.1319874558996471,True,True,0.0196852652503936,True,True,11.51474950533952,True,True,-0.0699999999999999,True,True,0.0024998711358329,False,True,14.904890024623286,False,True,0.1999977226181818,False,True,0.05,False,True,0.0,False,True,0.08,False,True,0.4,False,True,0.0079993092377734,False,True,29.99998344471477,False,True,0.0059995393379969,False,True,172.598289952025,False,True,4.261917720500267,False,True,1.0,False,0
scene_657,angled_chaotic,True,Vintage_Envelope,False,footprint_containment,ACCEPT,,0.9992216802278124,True,0.4,False,True,0.0241645432503829,False,True,-0.0830273596459972,True,True,0.0342559426896775,True,True,0.0124248764112678,True,True,6.037019495992221,True,True,-0.36,True,True,0.0024999043622734,False,True,0.270973833266229,False,True,0.1985869662673333,False,True,0.05,False,True,0.0,False,True,0.08,False,True,0.4,False,True,0.0070317003745232,False,True,29.99997773630717,False,True,0.0059995595120426,False,True,158.1008018029489,False,True,4.315595492374778,False,True,1.0,False,0
scene_659,angled_dense,False,,False,single_object,REJECT,planarity,-0.1318323378188736,True,0.4,False,True,0.0182608413696405,False,True,0.15,True,True,-0.0965954991344489,True,True,0.0047656249975369,True,True,2.5000464823878925,True,True,-0.0999999999999999,True,False,-0.0012111729228232,False,False,-29.009366201114645,False,False,-0.375462297379763,False,False,-0.2749999999999999,False,False,-0.0138754845034029,False,False,-0.1449999999999999,False,True,0.15,False,False,-0.0455856299223554,False,True,20.88314849165753,False,False,-0.0345793549748216,False,True,43.56238004767496,False,True,4.100294863883242,False,False,-0.1521019879239579,False,491
scene_660,angled_chaotic,False,,False,single_object,REJECT,suction_area,0.6647424979696225,True,0.4,False,True,0.027658314782869,False,True,-0.2406859718236741,True,True,-0.1692191053828659,True,True,0.0137146135416646,True,True,4.721514899057668,True,True,-0.13,True,True,0.0024998734436233,False,True,11.961490154703952,False,True,0.139701029045358,False,False,-0.2416666666666665,False,True,0.0020624390837627,False,False,-0.1866666666666667,False,True,0.4,False,True,0.0033324684930543,False,True,29.68348915416216,False,True,0.0041544839070309,False,True,912.4720690879564,False,True,4.309360268818982,False,True,0.2137768245626783,False,0
scene_661,angled_occluded,False,,False,single_object,REJECT,suction_force,0.2581062720724088,True,0.4,False,True,0.0254383373260544,False,True,0.15,True,True,-0.1180158900579773,True,True,0.00518371209542,True,True,12.0,True,True,0.4,True,True,0.0024998970415798,False,True,0.1530996933083415,False,True,0.199998785595932,False,True,0.05,False,True,0.0,False,True,0.08,False,True,0.4,False,True,0.0079994257974935,False,True,29.99995380145676,False,True,0.0059995657880398,False,False,-0.4563199619875162,False,False,-2.744311438861949,False,False,-0.2160180489732201,False,2231
scene_662,angled_dense,True,Amazon_A2_Package,False,single_object,ACCEPT,,1.1426490551135235,True,0.4,False,True,0.029892436034509,False,True,0.0901144175885174,True,True,0.1233369181133814,True,True,0.0185129044608048,True,True,10.711858812443246,True,True,-0.02,True,True,0.0024002336868054,False,True,7.303748675255768,False,True,0.1942652501344811,False,True,0.05,False,True,0.0,False,True,0.08,False,True,0.4,False,True,0.0075253013397945,False,True,29.982888550284496,False,True,0.0056180500184846,False,True,209.31649149630016,False,True,4.289678659653844,False,True,1.0,False,0
scene_663,angled_chaotic,True,Colis VistaPrint,True,,ACCEPT,,1.123860359761072,True,0.4,False,True,0.0279294379232463,False,True,0.0919826712055673,True,True,0.1038658474142344,True,True,0.0148977151747279,True,True,9.91211447980756,True,True,-0.18,True,True,0.0024998817440551,False,True,5.232885299462165,False,True,0.1999983838604128,False,True,0.05,False,True,0.0,False,True,0.08,False,True,0.4,False,True,0.0079992862564665,False,True,29.99993300188446,False,True,0.0059995118059558,False,True,9.80955936874092,False,True,3.7655928348935728,False,True,1.0,False,0
scene_664,angled_occluded,True,Ikea Cardboard Package,False,footprint_containment;surface_contact,REJECT,normal_angle,0.5786775247781614,True,0.4,False,True,0.0094945716858114,False,True,0.15,True,True,0.0677672955974841,True,True,0.0047639485395532,True,True,1.8319931796780544,True,True,-0.3,True,True,0.0024998739821495,False,False,-4.851904784486948,False,True,0.199997084718315,False,True,0.05,False,True,0.0,False,False,-0.045,False,True,0.4,False,True,0.0079992866070561,False,True,29.99996955006985,False,True,0.0059994355905276,False,True,2.944262871176951,False,True,2.33622219027468,False,False,-0.1758772430149036,False,157
scene_665,angled_dense,True,Colis VistaPrint,True,,REJECT,bbox_extent,0.9762922813943192,True,0.4,False,True,0.0296844166985966,False,False,-0.9219147896530095,False,True,0.100148050666228,False,True,0.0194951611474433,False,True,10.35763533308382,False,True,0.07,False,True,0.0024998769897251,False,True,12.152442407548374,False,True,0.1999988170526045,False,True,0.05,False,True,0.0,False,True,0.08,False,True,0.4,False,True,0.0079992574101849,False,True,29.999986884080375,False,True,0.0059995572674182,False,True,128.83937456364993,False,True,4.292525257058868,False,True,1.0,False,0
scene_666,angled_chaotic,False,,False,single_object,REJECT,top_height_match,-0.1668565318251119,True,0.4,False,False,-0.0827884387968842,False,True,0.15,True,True,0.0337458301947701,True,True,0.004911542598756,True,True,12.0,True,True,0.4,True,True,0.0024998743052348,False,False,-29.103580861747524,False,True,0.1871085637521425,False,True,0.05,False,True,0.0,False,True,0.0716666666666667,False,True,0.2571428571428572,False,True,0.0017140829710763,False,True,29.999983644049887,False,True,0.0059994676811333,False,False,-1.8007826386586006,False,False,-72.01747448528064,False,False,-0.3860819079078742,False,6911
scene_667,angled_occluded,True,Gros Carton,True,,REJECT,bbox_extent,1.011587809116944,True,0.4,False,True,0.0294336564463521,False,False,-0.2097365405536382,False,True,0.1937225986448784,False,True,0.0193336708162761,False,True,11.687435324342426,False,True,0.21,False,True,0.0024998928941913,False,True,7.373564428642236,False,True,0.199998981329518,False,True,0.05,False,True,0.0,False,True,0.08,False,True,0.4,False,True,0.0079992389091161,False,True,29.99995070242653,False,True,0.0059994621938085,False,True,4.130485102375369,False,True,2.5535850004122147,False,True,1.0,False,0
scene_669,angled_chaotic,False,,False,single_object,REJECT,,0.4633533666125146,True,0.4,False,True,0.0264438438415559,False,True,0.15,True,True,-0.4181015452538631,True,True,0.0051772994583917,True,True,12.0,True,True,0.4,True,True,0.0024799014230443,False,False,-32.426892696200035,False,True,0.1958429340771371,False,False,-0.2083333333333332,False,True,6.938893903907228e-18,False,False,-0.32,False,True,0.2,False,True,0.0076842347702304,False,False,-32.426892696200035,False,True,0.0057321614501769,False,True,18.426958784681545,False,True,4.308131216354222,False,False,-0.0332233399873766,False,155
scene_670,angled_occluded,True,Ikea Cardboard Package,True,,ACCEPT,,1.194815235480282,True,0.4,False,True,0.029766438485644,False,True,0.0794134547981593,False,True,0.1322155934992799,False,True,0.0196866699264533,False,True,11.756761549087546,False,True,0.4,False,True,0.0024998709634493,False,True,13.550146745331087,False,True,0.199998855367669,False,True,0.05,False,True,0.0,False,True,0.08,False,True,0.4,False,True,0.0079992945882977,False,True,29.99992040649678,False,True,0.0059994862390557,False,True,13.290276500005124,False,True,4.241700540954875,False,True,1.0,False,0
scene_672,angled_chaotic,False,,False,single_object,REJECT,top_height_match,0.6133884652349275,True,0.4,False,False,-0.0104312610625816,False,True,0.15,True,True,0.0460565162378743,True,True,0.0066862297036211,True,True,-22.013342358810142,True,True,-0.3,True,True,0.0024999093954411,False,False,-4.079217440370954,False,True,0.1999971390757269,False,True,0.05,False,True,0.0,False,False,-0.045,False,True,0.4,False,True,0.0079989247836615,False,True,29.999892825049105,False,True,0.0059993278549566,False,True,26.255231461585417,False,True,4.189188059610657,False,True,-0.1100328706334995,False,0
scene_673,angled_occluded,True,Cardboard Box SQ01.001,True,,REJECT,suction_area,1.1261837766606846,True,0.4,False,True,0.0299151980419748,False,True,0.0790004639771049,False,True,0.1765468873722709,False,True,0.018960442710791,False,True,11.73241880623218,False,True,0.0,False,True,0.0024968711791777,False,True,13.219135334967511,False,True,0.1864101434776367,False,False,-0.0999999999999999,False,False,-0.0111320377358867,False,True,0.08,False,True,0.4,False,True,0.0070636582315422,False,True,29.855982331286643,False,True,0.0054354375954304,False,True,10.569594932145293,False,True,2.9004219667895117,False,True,1.0,False,0
scene_674,angled_dense,False,,False,single_object,REJECT,,-0.3091975334569138,True,0.4,False,False,-0.0258170318602957,False,True,0.15,True,True,-0.0162386081193041,True,True,0.0049014282206688,True,True,-1.2221922422564615,True,True,-0.39,True,False,-0.0001513856581211,False,False,-42.296265421650205,False,False,-0.5907173328411068,False,False,-0.0916666666666666,False,False,-3.469446951953614e-18,False,True,0.0633333333333332,False,False,-0.4333333333333333,False,False,-0.039536686287556,False,False,-42.296265421650205,False,False,-0.0293029604489604,False,True,15.390288194529166,False,True,4.004835493724584,False,False,-0.1464910728145871,False,842
scene_675,angled_chaotic,True,Small_Shipping_Bag,True,,REJECT,suction_area,1.1343762622991294,True,0.4,False,True,0.0260661743017984,False,True,0.1073177308449819,False,True,0.11742195367573,False,True,0.0131249485297242,False,True,6.669961502495714,False,True,0.25,False,True,0.002499872488842,False,True,16.373975565591252,False,True,0.1704682814588796,False,False,-0.0583333333333332,False,True,0.0053836120259082,False,True,0.08,False,True,0.4,False,True,0.0044526186910234,False,True,29.966319376073756,False,True,0.0045763712820992,False,True,155.29904347401848,False,True,4.3013422960738374,False,True,0.5264850395264407,False,0
scene_677,angled_dense,False,,False,single_object,REJECT,top_height_match,0.2883065192171992,True,0.4,False,False,-0.012017769813496,False,True,0.15,True,True,-0.2193121693121693,True,True,0.0058857939302281,True,True,12.0,True,True,0.4,True,True,0.0024988287225305,False,False,-19.37368684341012,False,True,0.1999415120545555,False,True,0.05,False,True,0.0,False,False,-0.0283333333333332,False,True,0.4,False,True,0.0079942757321794,False,True,29.99953311616294,False,True,0.0059954188233366,False,False,-1.3739451480223197,False,True,0.7038312531430821,False,False,-0.2032576987366245,False,534
scene_680,angled_dense,False,,False,single_object,REJECT,corridor_clear,0.7414102894424234,True,0.4,False,True,0.0289203856018114,False,True,-0.0987097179225443,True,True,-0.0219149671621154,True,True,0.0169127485876478,True,True,10.026936740247058,True,True,-0.18,True,True,0.0023711401631288,False,True,6.18589028889992,False,True,0.1912493710685817,False,True,0.05,False,True,0.0,False,True,0.08,False,True,0.4,False,True,0.0049978811926566,False,True,29.95693241485264,False,True,0.0040300718246119,False,True,285.8432684442981,False,True,4.301165238513242,False,False,-0.1037541359479879,False,99
scene_681,angled_chaotic,True,Small Packet,True,,REJECT,bbox_extent,1.0507730526296013,True,0.4,False,True,0.0299781835929195,False,False,-0.0687546238135073,False,False,-0.2296774193548387,False,True,0.0134935586723057,False,True,10.736923179255308,False,True,0.19,False,True,0.0024998670028242,False,True,14.80119860474912,False,True,0.184221691123044,False,False,-0.0333333333333333,False,True,0.0138634243989226,False,True,0.08,False,True,0.4,False,True,0.006023822244889,False,True,29.9999872504406,False,True,0.0050589738475946,False,True,171.58435352661806,False,True,4.304958585046811,False,True,0.420468974990438,False,0
scene_684,angled_chaotic,False,,False,single_object,REJECT,top_height_match,-0.6894106515463091,True,0.4,False,False,-0.0262646389007004,False,True,0.15,True,True,0.0438767584361784,True,True,0.0041241836520491,True,True,10.07733138057833,True,True,-0.12,True,False,-0.0017944803486698,False,False,-27.57631592571431,False,False,-0.350954259445901,False,True,0.0,False,True,0.02,False,False,-0.0116666666666666,False,False,-0.1999999999999999,False,False,-0.115107911728969,False,True,20.623431328943248,False,False,-0.0993078663294505,False,False,-0.1377073847705725,False,False,-1.1230654747766406,False,False,-0.5386455980099626,False,3347
scene_685,angled_occluded,False,,False,single_object,REJECT,normal_angle,0.749946997490372,True,0.4,False,True,0.0299997615814208,False,True,0.15,True,True,-0.0893325938251063,True,True,0.0063481241673022,True,True,9.54596822715975,True,True,-0.0499999999999999,True,True,0.0024998767074072,False,False,-3.2080287845303346,False,True,0.1999978364827493,False,True,0.05,False,True,0.0,False,True,0.08,False,True,0.4,False,True,0.0079992098725852,False,True,29.999991127324,False,True,0.0059994800564028,False,True,14.481408997170291,False,True,2.709099665266764,False,False,-0.2677611969784353,False,3259
scene_687,angled_chaotic,False,,False,single_object,REJECT,top_height_match,-1.1268350309181872,True,0.4,False,False,-0.0943174791334813,False,True,0.15,True,True,-0.0940928270042195,True,True,0.0056759769582801,True,True,-50.17985511070325,True,True,-0.52,True,False,-0.0115673689504923,False,False,-59.17111859728338,False,True,0.0189332894286728,False,False,-0.0499999999999999,False,False,-0.0138754845034028,False,False,-0.0866666666666666,False,False,-0.6,False,False,-0.0574755546497355,False,False,-27.220821069945305,False,False,-0.0442025116828804,False,False,-1.65318620719355,False,True,1.004415462365928,False,False,-0.2071062067528099,False,1303
scene_689,angled_dense,True,SM_Little_Package,True,,REJECT,bbox_extent,0.7056174350985747,True,0.4,False,True,0.0298787677000928,False,False,-1.6515754387321209,False,True,0.1046369203849518,False,True,0.0185626759056425,False,True,10.443847212806151,False,True,0.06,False,True,0.0024999340709927,False,True,14.811540555957563,False,True,0.1812810075717732,False,True,0.05,False,True,0.0,False,True,0.08,False,True,0.4,False,True,0.0026509297096332,False,True,29.77235714832006,False,True,0.0018061771480079,False,True,398.06517130511526,False,True,4.2995678440579415,False,True,0.0216389790254663,False,0
scene_690,angled_chaotic,False,,False,single_object,REJECT,surface_warp,0.8299749060273434,True,0.4,False,True,0.0259292897466203,False,True,0.0273264511811339,False,True,0.0770394892409552,False,True,0.0153185646725042,False,True,9.72524847321051,False,True,0.25,False,True,0.0004286815928883,False,True,15.107244506971558,False,True,0.1241342361706496,False,True,0.05,False,True,0.0,False,True,0.08,False,True,0.4,False,False,-0.000722366952475,False,True,26.471533831418128,False,False,-0.0010246555240463,False,True,130.94850947036215,False,True,4.263393263110895,False,True,0.2046443255580341,False,0
scene_691,angled_occluded,True,Ikea Cardboard Package,True,,ACCEPT,,1.147523622374389,True,0.4,False,True,0.0285802226316354,False,True,0.1278986502678662,True,True,0.1312169312169311,True,True,0.0177685837057543,True,True,10.7440935679111,True,True,-0.2699999999999999,True,True,0.0024999063034697,False,True,6.479112323435221,False,True,0.1999991006937606,False,True,0.05,False,True,0.0,False,True,0.08,False,True,0.4,False,True,0.0079992234426581,False,True,29.999973109518347,False,True,0.0059994248503868,False,True,7.237085229936639,False,True,3.5298999886193205,False,True,1.0,False,0
scene_692,angled_dense,True,Amazon_A2_Package,False,single_object,ACCEPT,,1.1419046635369734,True,0.4,False,True,0.0297731930289179,False,True,0.0947419512627305,True,True,0.1238287832827771,True,True,0.0178473132395644,True,True,11.132122601438668,True,True,-0.1599999999999999,True,True,0.0024036799283174,False,True,9.942623433051477,False,True,0.1947988034911647,False,True,0.05,False,True,0.0,False,True,0.08,False,True,0.4,False,True,0.0074680873858836,False,True,29.948181534125258,False,True,0.0056129158707168,False,True,162.78522707539824,False,True,4.294350276002155,False,True,1.0,False,0
scene_693,angled_chaotic,False,,False,single_object,REJECT,top_height_match,0.0253108326674585,True,0.4,False,False,-0.0196890664100151,False,True,0.15,True,True,0.0421052631578946,True,True,0.0031240584524267,True,True,12.0,True,True,0.4,True,True,0.002499894382637,False,False,-22.280718514356785,False,True,0.1999988385485724,False,True,0.05,False,True,0.0,False,True,0.0549999999999999,False,True,0.2571428571428572,False,True,0.0079994055705351,False,True,29.999983010118957,False,True,0.0059995740312298,False,False,-1.6547872852047818,False,False,-132.42531578087093,False,False,-0.3310418962489413,False,4265
scene_695,angled_dense,False,,False,single_object,REJECT,top_height_match,-0.4523526198521686,True,0.4,False,False,-0.0562391710280507,False,True,0.15,True,True,0.0433211344922231,True,True,0.0054360933534039,True,True,11.486941211951276,True,True,-0.3,True,False,-0.0042454087052665,False,False,-28.077423316426405,False,False,-0.138573413205399,False,True,0.05,False,True,0.0,False,True,0.08,False,True,0.1142857142857143,False,False,-0.0322434553133329,False,True,23.836105711623507,False,False,-0.0255289705949817,False,True,0.2398989816712231,False,True,3.5472476176008616,False,False,-0.5314963574280617,False,1319
scene_698,angled_dense,True,Asset_Package_in_paper_with_rope,False,surface_contact,REJECT,suction_area,0.3603523885619584,True,0.4,False,True,0.0150182018516279,False,True,0.1264403693686218,True,True,0.1081153588195841,True,True,0.0160692950987005,True,True,11.147515529584158,True,True,-0.2799999999999999,True,True,0.0024482765789754,False,True,6.87931769773779,False,True,0.0160931474657421,False,False,-0.25,False,False,-0.0171937515251342,False,True,0.08,False,True,0.4,False,False,-0.0183728970573431,False,True,25.61682604155576,False,False,-0.0130244901062544,False,True,83.11541616563528,False,True,4.222985771745857,False,False,-0.2223436961489205,False,36
scene_699,angled_chaotic,False,,False,single_object,REJECT,,-0.4183849442580304,True,0.4,False,True,0.03,False,True,0.15,True,True,-0.3107851596203624,True,True,0.0053534010906184,True,True,2.6876753174897487,True,True,-0.3,True,False,-0.0072400079595835,False,False,-41.68306610056592,False,False,-0.3927963644617809,False,False,-0.3583333333333333,False,True,0.0025576411921994,False,False,-0.3616666666666666,False,True,0.0666666666666667,False,False,-0.0497069144078091,False,False,-41.68306610056592,False,False,-0.0362945300924235,False,True,357.61345892972247,False,True,4.314487946911281,False,False,-0.0110248973960237,False,6
scene_700,angled_occluded,False,,False,single_object,ACCEPT,,1.0954952329970058,True,0.4,False,True,0.0299206693634858,False,True,-0.0197376096565052,True,True,0.0197166113958395,True,True,0.0198911087147815,True,True,11.648998344244852,True,True,-0.3399999999999999,True,True,0.0024998793927284,False,True,12.76656329570078,False,True,0.1999991462263537,False,True,0.05,False,True,0.0,False,True,0.08,False,True,0.4,False,True,0.0079992447677644,False,True,29.999947203918943,False,True,0.0059995034462148,False,True,44.65130452623356,False,True,4.123649249426888,False,True,1.0,False,0
scene_701,angled_dense,False,,False,single_object,REJECT,normal_angle,-0.0465168171623459,True,0.4,False,True,0.0295855450630193,False,True,0.15,True,True,-0.0522255192878339,True,True,0.0061455359638373,True,True,1.221483338624738,True,True,-0.53,True,True,0.0024998770883587,False,False,-6.210158100470267,False,True,0.1999979492530877,False,False,-0.35,False,False,-0.0138754845034029,False,False,-0.32,False,True,0.4,False,True,0.007999281260777,False,True,29.99761719132381,False,True,0.0059995348590506,False,False,-1.101410409725875,False,False,-10.240683801605954,False,False,-0.2241038721810383,False,1916
scene_702,angled_chaotic,True,Ikea Cardboard Package,True,,ACCEPT,,1.1547417786629688,True,0.4,False,True,0.0293585930610194,False,True,0.0865860919986555,True,True,0.1607210904294298,True,True,0.0191704799732544,True,True,11.777026793544232,True,True,-0.24,True,True,0.0024998962777084,False,True,9.872282537910383,False,True,0.1999985125438407,False,True,0.05,False,True,0.0,False,True,0.08,False,True,0.4,False,True,0.0079992757766231,False,True,29.99995278701212,False,True,0.0059995126681509,False,True,26.720580445768825,False,True,4.179997295456911,False,True,1.0,False,0
scene_703,angled_occluded,False,,False,single_object,REJECT,top_height_match,-0.2895645841409262,True,0.4,False,False,-0.0460376453398898,False,True,0.15,True,True,-0.3970024979184013,True,True,0.00786803670347,True,True,-35.30291651366791,True,True,-0.51,True,True,0.0024998721190638,False,False,-12.747827855511858,False,True,0.1591346963296984,False,False,-0.0999999999999999,False,True,0.0020624390837627,False,True,0.08,False,True,0.2571428571428572,False,True,7.657047586284715e-05,False,True,29.44939891586623,False,True,0.0003395136692587,False,False,-1.6113196704122132,False,False,-28.554070550632915,False,False,-0.1831693729613421,False,188
scene_705,angled_chaotic,True,Куб,True,,REJECT,data_gaps,1.0905773857720162,True,0.4,False,True,0.0299796249698835,False,True,0.100417711082372,True,True,0.1287003610108302,True,True,0.0199656806275077,True,True,9.314590628419996,True,True,-0.19,True,True,0.0024998695155384,False,True,6.972367892462241,False,True,0.1999990294183131,False,True,0.05,False,True,0.0,False,False,-0.045,False,True,0.4,False,True,0.0079992152879404,False,True,29.99994154299691,False,True,0.0059995874015794,False,True,149.1355658083196,False,True,4.2998373953704245,False,True,1.0,False,0
scene_707,angled_dense,False,,False,single_object,REJECT,normal_scatter,-0.0438409955201471,True,0.4,False,True,0.0299934061448759,False,True,0.15,True,True,0.1322019443970663,True,True,-0.0019856617268004,True,True,7.55245156077231,True,True,-0.48,True,True,0.0024998741983227,False,True,8.002411655030848,False,False,-0.5961857930762153,False,True,0.05,False,True,0.0,False,True,0.08,False,True,0.2571428571428572,False,False,-0.0481380669603559,False,True,29.999905231125265,False,False,-0.031980337091601,False,True,2.9908285371648,False,False,-0.4634309896583941,False,False,-0.099938799469132,False,262
scene_708,angled_chaotic,False,,False,single_object,REJECT,bbox_inlier,0.638558081176692,True,0.4,False,True,0.0149372863769678,False,True,0.1048385442421099,False,False,-0.079319606087735,False,True,0.005797762872884,False,False,-7.226313790401644,False,True,0.05,False,True,0.0024318079237978,False,True,2.8912418831526985,False,True,0.1528687171419497,False,True,0.05,False,True,0.0,False,True,0.08,False,True,0.4,False,True,0.0026844365940624,False,True,29.823289440272877,False,True,0.0036302821280551,False,True,26.3705436337077,False,True,3.786399754127755,False,False,-0.2137785995583629,False,2177
scene_709,angled_occluded,True,Ikea Cardboard Package,True,,ACCEPT,,1.166183917379067,True,0.4,False,True,0.0299594370264017,False,True,0.1042488369891317,True,True,0.1414463257986487,True,True,0.0199527868484797,True,True,11.51296890702821,True,True,-0.18,True,True,0.0024998899045919,False,True,11.352595764229214,False,True,0.1999992410308047,False,True,0.05,False,True,0.0,False,True,0.08,False,True,0.4,False,True,0.0079992659236157,False,True,29.99998254455657,False,True,0.0059995481709617,False,True,9.269920253049063,False,True,3.328418172903006,False,True,1.0,False,0
scene_710,angled_dense,False,,False,single_object,REJECT,bbox_extent,0.0478796014766064,True,0.4,False,True,0.0290249395370494,False,False,-0.0157631560008979,False,False,-0.1681565248608867,False,True,0.0050735176397213,False,True,7.350056500748721,False,True,0.04,False,False,-0.0002943137769342,False,False,-3.158163785629988,False,False,-0.0935201438556446,False,False,-0.2333333333333332,False,False,-0.0059168108424154,False,False,-0.2366666666666666,False,True,0.2571428571428572,False,False,-0.0140257296514864,False,True,19.29973735136865,False,False,-0.0137796452595082,False,True,20.123848429219883,False,True,3.487702406664255,False,False,-0.2032468668834114,False,2332
scene_711,angled_chaotic,False,,False,single_object,REJECT,top_height_match,-0.6863900279544952,True,0.4,False,False,-0.0051313352584488,False,True,0.15,True,True,-0.0174928627043862,True,True,0.0062404722713556,True,True,12.0,True,True,0.4,True,True,0.0008550817949387,False,False,-22.23128984788282,False,False,-0.7880216305962382,False,False,-0.1499999999999999,False,False,-0.0059168108424154,False,True,0.005,False,True,0.0666666666666667,False,False,-0.0584275183127283,False,True,1.26089900846236,False,False,-0.0415426023619564,False,False,-1.7511021318972444,False,False,-158.482475490212,False,False,-0.3265827338947522,False,2532
scene_712,angled_occluded,True,Ikea Cardboard Package,False,free_extraction,REJECT,corridor_clear,0.9110130568714854,True,0.4,False,True,0.0291554989384352,False,True,0.1402093224905193,False,True,0.142842021698862,False,True,0.0188709243446483,False,True,11.753860703568654,False,True,0.19,False,True,0.0024998878708632,False,True,7.105156236447254,False,True,0.199997971246298,False,True,0.05,False,True,0.0,False,True,0.08,False,True,0.4,False,True,0.0079991388819042,False,True,29.99994239716321,False,True,0.005999406991291,False,True,7.257671636083327,False,True,3.8750603782126585,False,False,-0.1423629059052711,False,1090
scene_714,angled_chaotic,True,Storage_Box_with_Lid,True,,ACCEPT,,1.147734006656291,True,0.4,False,True,0.0298871039532534,False,True,0.1042908374282477,True,True,0.1159923495659849,True,True,0.0198619921940278,True,True,11.034104874858231,True,True,-0.3,True,True,0.0024998907724508,False,True,9.08876395691609,False,True,0.1999991699016335,False,True,0.05,False,True,0.0,False,True,0.08,False,True,0.4,False,True,0.0079992853245336,False,True,29.99997979602797,False,True,0.005999577871633,False,True,111.3676255769992,False,True,4.281721639159418,False,True,1.0,False,0
scene_716,angled_dense,True,China Package,True,,REJECT,data_gaps,1.0875318732516632,True,0.4,False,True,0.0291787507564396,False,True,0.0917638408440839,True,True,0.1495694956949569,True,True,0.0187671853895951,True,True,10.830401146622451,True,True,-0.1999999999999999,True,True,0.0024998596085516,False,True,5.258831901488406,False,True,0.1999979382026048,False,True,0.05,False,True,0.0,False,False,-0.045,False,True,0.4,False,True,0.0079992521241672,False,True,29.999973272657257,False,True,0.0059994039588082,False,True,10.05982362557912,False,True,3.92175681850984,False,True,1.0,False,0
scene_717,angled_chaotic,True,Colis VistaPrint,True,,ACCEPT,,1.1351533992075165,True,0.4,False,True,0.0286288409409331,False,True,0.0649201359377159,True,True,0.1268429938097917,True,True,0.017843198427598,True,True,10.653846496129477,True,True,-0.1599999999999999,True,True,0.0024998953825248,False,True,8.23587114579762,False,True,0.1999985905789457,False,True,0.05,False,True,0.0,False,True,0.08,False,True,0.4,False,True,0.0079992397907289,False,True,29.999939665319936,False,True,0.0059995117062211,False,True,11.811144776308929,False,True,3.851174352020577,False,True,1.0,False,0
scene_719,angled_dense,False,,False,single_object,REJECT,normal_angle,-0.0645187227372894,True,0.4,False,True,0.0043176221847793,False,True,0.15,True,True,0.0129932097632592,True,True,0.0048806023590129,True,True,12.0,True,True,0.4,True,True,0.0024999228235026,False,False,-26.63143340905783,False,True,0.1741324532009579,False,False,-0.1416666666666666,False,True,0.0100499687890015,False,False,-0.0866666666666666,False,True,0.2333333333333333,False,True,0.0044097712464782,False,True,29.65070639136426,False,True,0.0035946520480309,False,False,-1.6766310563321438,False,False,-72.00841512115386,False,False,-0.37423596610165,False,3913
scene_720,angled_chaotic,False,,False,single_object,REJECT,top_height_match,-0.2672707381141733,True,0.4,False,False,-0.0026909899711282,False,True,0.15,True,True,-0.0623789020452099,True,True,0.005085147618754,True,True,12.0,True,True,0.4,True,True,0.0024998799151976,False,False,-34.90803341149501,False,False,-0.1231854979544204,False,True,0.05,False,True,0.0,False,True,0.0716666666666667,False,False,-0.3142857142857143,False,False,-0.1051836336644656,False,True,29.999980270622903,False,True,0.0059994450956149,False,False,-1.223643011780601,False,False,-11.884848405274411,False,False,-0.24127121028338,False,2274
scene_721,angled_occluded,True,Ikea Cardboard Package,False,footprint_containment;surface_contact,REJECT,top_height_match,0.3076546706138566,True,0.4,False,False,-0.0230109882354201,False,True,0.15,True,True,-0.1337888623163649,True,True,0.0061807823158077,True,True,12.0,True,True,0.4,True,True,0.0024998800208425,False,False,-12.17021565010888,False,True,0.1999983137186644,False,True,0.05,False,True,0.0,False,True,0.08,False,True,0.4,False,True,0.0079992901201517,False,True,29.999957123898906,False,True,0.0059995447982387,False,False,-1.4296874555689747,False,True,0.2887747225412811,False,False,-0.1940992115405519,False,1291
scene_722,angled_dense,True,Colis VistaPrint,True,,REJECT,normal_scatter,0.7813284055482552,True,0.4,False,True,0.0209776453617213,False,True,0.1411923106417963,True,True,0.085032139577594,True,True,0.0109238108514627,True,True,10.8572254516801,True,True,-0.36,True,True,0.002499912120561,False,True,14.341895328960824,False,False,-0.785545797657377,False,True,0.05,False,True,0.0,False,True,0.08,False,True,0.4,False,False,-0.5969037411592786,False,True,29.99993538337809,False,True,0.0059995253385532,False,True,36.81405854245504,False,True,4.164822164364416,False,True,1.0,False,0
scene_723,angled_chaotic,False,,False,single_object,REJECT,corridor_clear,0.7452361822085619,True,0.4,False,True,0.0082985448837497,False,True,0.15,True,True,-0.0814048696401638,True,True,0.0061508607844551,True,True,-2.249268121050269,True,True,-0.01,True,True,0.0024998650895548,False,True,3.384814724102224,False,True,0.199998711947439,False,True,0.05,False,True,0.0,False,True,0.08,False,True,0.4,False,True,0.007999040296154,False,True,29.99999372607063,False,True,0.0059994087877271,False,True,19.71694183771747,False,True,3.611331283403631,False,False,-0.1629240712947512,False,1451
scene_724,angled_occluded,False,,False,single_object,REJECT,normal_angle,-0.3512534299694744,True,0.4,False,True,0.0013665366173072,False,True,0.15,True,True,0.0505535055350553,True,True,0.0061228466008473,True,True,-10.576099503337666,True,True,-0.3399999999999999,True,False,-0.0125361102946273,False,False,-52.21242945184997,False,False,-0.3935113930406895,False,True,0.05,False,True,0.0,False,True,0.08,False,False,-0.0285714285714285,False,False,-0.0532382195884936,False,False,-21.970516705321657,False,False,-0.0471427763047057,False,True,16.70830301965536,False,True,3.3004059578227287,False,False,-0.1208172647274375,False,485
scene_727,angled_occluded,True,Ikea Cardboard Package,True,,ACCEPT,,1.197770024079926,True,0.4,False,True,0.0295632187984333,False,True,0.1202840657444523,False,True,0.1521343689836021,False,True,0.0194700552346139,False,True,11.720190624782342,False,True,0.16,False,True,0.0024999119659671,False,True,13.548177619814773,False,True,0.1999991065165235,False,True,0.05,False,True,0.0,False,True,0.08,False,True,0.4,False,True,0.0079993944933284,False,True,29.999961324901953,False,True,0.0059995951324384,False,True,7.295879593309426,False,True,2.8459257734725285,False,True,1.0,False,0
