scene_id,category_band,gt_instance_id,gt_class,packaging_type,visible_px,visibility_ratio,match_iou,e_lat_mm,e_top_mm_signed,ext_err_long_rel,ext_err_short_rel,ext_err_height_rel,yaw_err_deg,yaw_fold_deg,e_bottom_mm_signed,bottom_cue,bottom_confidence,is_primary_target
scene_000,baseline,5,China Package,rigid,6703,1.1562670186505497,0.8200805609428614,2.88879801603429,0.1673303115565794,-0.024064204178992354,0.0011285741744271386,-0.5037112947283916,2.3989815711975098,180,191.5775184292195,gradient_global,0.92,True
scene_000,baseline,7,Carton Magdeleine,rigid,3215,1.1120678960222878,0.8457231726283049,3.766515670547534,0.10202808746873071,-0.07472241459190652,-0.012820784231623613,-0.0005775032130405953,0.43843039870262146,90,0.17537095572139894,gradient_global,0.92,False
scene_000,baseline,4,Small Packet,rigid,1675,0.8619667479369796,0.7444776119402985,9.224888834428542,0.03331136809379964,-0.16847344025155422,-0.20027826589109415,-0.4994226299374843,0.9827499389648438,180,17.513093929553207,overlap_matched_parcel,0.7,False
scene_002,baseline,5,Ikea Cardboard Package,rigid,5286,1.0215645541662155,0.9073023079833522,3.8705390935991435,0.5717833787277637,-0.003037023022636332,-0.010765523932884907,-0.7877340654893504,3.5825424194335938,180,87.22179877105931,gradient_global,0.92,False
scene_002,baseline,6,Ikea Cardboard Package,rigid,5186,1.0023539469138258,0.9249903586579252,4.938271091068917,0.6878220930189166,-0.02852496493995876,-0.0712526615711392,-0.7872098158338141,0.46347299218177795,180,87.28017051027379,gradient_global,0.92,False
scene_002,baseline,2,Ikea Cardboard Package,rigid,5193,1.0035375154635153,0.9270171384556133,5.251008502203504,0.5803033205885877,-0.02773366541398386,-0.04218173426892092,-0.8062380389516135,1.4281234741210938,180,89.2657386034239,gradient_global,0.92,True
scene_003,baseline,1,Cardboard Box.001,rigid,21364,0.9592838668940714,0.9676558696873244,3.2417243980797035,0.05052363575819285,-0.020343378756440142,-0.03262344122750836,-0.9229588836840859,2.1861953735351562,180,379.98654332156804,lateral_neighbor,0.75,False
scene_003,baseline,4,China Package,rigid,5203,1.1187029487340594,0.8300980203728618,4.084744401864303,0.02322541464128136,-0.02360437356211247,0.003713040487700287,-0.945701049227988,1.4819183349609375,180,359.389619597469,gradient_global,0.92,False
scene_003,baseline,2,China Package,rigid,5275,1.1341934877146045,0.828436018957346,5.249082497168407,0.024209586435508523,-0.012263534650174188,0.022672910838904194,-0.9458656940108617,3.8753480911254883,180,359.45316878596765,gradient_global,0.92,True
scene_004,baseline,7,Ikea Cardboard Package,rigid,6286,1.002336958375101,0.950206808781419,1.3365108212390924,0.5010175294637431,-0.027762971937624836,-0.029158308930936988,-0.2360293865087975,0.45836547017097473,180,26.46413812131393,gradient_global,0.92,True
scene_005,baseline,5,Cardboard Box SQ01.001,rigid,18294,0.7912068056623639,0.9572705471986047,68.41535239408529,-1.2609554760144581,-0.005939277977564088,0.003113063810154334,-0.29625981811804336,1.0039372444152832,180,89.7707312573493,gradient_global,0.92,True
scene_005,baseline,17,Carton Magdeleine,rigid,2319,1.0442437300664988,0.8542475204829668,6.18359667526935,0.09512417730783707,-0.0032341228574186433,0.015761933056974008,-0.21214145466332093,2.7896218299865723,90,27.037068918488284,gradient_global,0.92,False
scene_006,baseline,2,China Package,rigid,4849,1.0426828569154347,0.8888430604248299,3.1358763026243452,0.0270719377927775,-0.03502387528864374,0.022812998164449805,-0.4204555333844611,3.27227783203125,180,159.80017246950848,gradient_global,0.92,False
scene_006,baseline,4,China Package,rigid,4758,1.023159301648742,0.9043715846994536,3.1740474087555124,0.02730911610399067,-0.03500915718888573,-0.01504142130821802,-0.8963905812243537,1.5460968017578125,180,340.65572538832686,lateral_neighbor,0.75,False
scene_006,baseline,7,Asset_Large_cartoon_Box,rigid,11255,0.8333830216158894,0.9573013759431869,33.49162009116401,-0.40378960244158435,-0.015309444099676871,0.0038488160865319454,-0.4234768566517016,1.6656899452209473,180,144.02299041117146,gradient_global,0.92,False
scene_006,baseline,12,Куб,rigid,2526,1.0031308688040794,0.9540775930324624,2.286163076661953,0.011627619544263279,-0.0036180250812099315,-0.03866346097255559,-0.8232153156364176,1.6319503784179688,180,73.98575488516617,gradient_global,0.92,True
scene_007,baseline,10,Gros Carton,rigid,16316,0.9930810175571468,0.9654327040941407,3.551653748011608,-2.2608444587068344,-0.006817759236418323,0.018504820745078407,-0.1686261472553464,2.35101318359375,180,16.83093277572295,gradient_global,0.92,True
scene_008,baseline,5,Ikea Cardboard Package,rigid,8709,1.0302176548227944,0.9276610403031347,1.558768763630535,0.022381233287793734,-0.01845494174580451,-0.004327543502257626,0.0004578256892629097,1.6118216514587402,180,-0.027984170146488907,gradient_global,0.92,True
scene_009,baseline,15,Colis VistaPrint,rigid,9232,1.1242517040064866,0.8355719237435009,6.590245753373893,4.619402784947768,-0.05353183069397165,0.010052366082295613,0.01166825814076366,0.8706893920898438,180,3.0450876060513776,gradient_global,0.92,False
scene_009,baseline,16,Colis VistaPrint,rigid,8127,0.9840448008877742,0.9395841023748001,3.300699945463152,3.427845259735385,0.0029865892006429896,0.012944219159562363,-0.08203835459710594,3.9298477172851562,180,14.496697639912126,gradient_global,0.92,True
scene_009,baseline,14,Colis VistaPrint,rigid,7130,1.0300999341517283,0.8959326788218794,2.085886672426482,3.393320484935569,-0.02471539158889079,-0.05195482911134818,-0.11666212113941747,1.0106903314590454,180,19.133711715259683,gradient_global,0.92,False
scene_010,baseline,0,Big Package cardboard,rigid,17040,1.2140790389302203,0.782218309859155,6.353500490966736,0.14014326690714451,-0.014099055952399454,0.07626112368101548,-0.29845818918972444,2.6717591285705566,180,203.09168403043827,gradient_global,0.92,True
scene_011,baseline,13,China Package,rigid,7854,1.2126651646843845,0.7867328749681691,2.186889693868935,1.209146508415193,-0.04613262525086393,-0.022494625877973923,-0.5979305907193181,0.594234824180603,180,228.4152230061169,lateral_neighbor,0.75,True
scene_011,baseline,10,China Package,rigid,5957,1.0836432587701912,0.8630182978009064,0.7679904798850058,1.1600784058150015,-0.026627220825528333,-0.0267388983829317,-0.5896198041795379,1.1790276765823364,180,225.20816092959802,gradient_global,0.92,False
scene_011,baseline,12,China Package,rigid,6133,1.115447780231118,0.8336866134029023,2.2657697521582594,1.1609392798167528,-0.005354802709545629,-0.02719307441478083,-0.600894127105198,2.2204437255859375,180,229.49312219395725,gradient_global,0.92,False
scene_011,baseline,14,Black Package,rigid,3280,1.0468935956817187,0.8890243902439025,4.775840521887543,0.9603961654369719,-0.04752467472859392,-0.02407559066973671,-0.8034679346139495,1.0234625339508057,180,125.49378892727326,gradient_global,0.92,False
scene_012,baseline,6,Black Package,rigid,4234,1.1050009740980715,0.8308927727916864,4.529208659858938,0.01761694436175354,-0.048172934015475705,-0.04013088903907123,0.1810051133269545,0.8217706680297852,180,-28.038174822705653,gradient_global,0.92,False
scene_012,baseline,13,Куб,rigid,3014,1.0920999007800056,0.8410749834107498,5.609697208458134,0.02837312585712848,-0.03411236475648574,-0.05614780429185941,1.00043928075899,1.3622665405273438,180,-89.87109808414957,gradient_global,0.92,True
scene_012,baseline,0,Cardboard box,rigid,28059,0.8344808212373466,0.9218788980362806,11.450502646542587,-2.525655076436095,-0.05403242741375601,-0.15244092596543385,-0.6510656813358445,1.159805417060852,180,343.6850217757947,gradient_global,0.92,False
scene_013,baseline,1,Asset_Large_cartoon_Box,rigid,13450,0.9876754631139496,0.9571747211895911,1.6809176988873102,-0.01402323196592059,-0.0045718019346016985,-0.0008153299390670087,-0.7179395352781784,1.9550552368164062,180,244.82983760926768,gradient_global,0.92,True
scene_017,baseline,4,Ikea Cardboard Package,rigid,7513,0.9914357025277514,0.9363769466258486,3.0528337410312796,1.9560346228603143,-0.013982798448007797,-0.01339953451183892,0.00014980301144993952,2.438079833984375,180,1.9395573944687716,gradient_global,0.92,False
scene_018,baseline,7,Ikea Cardboard Package,rigid,7146,1.018911808472164,0.9191155891407781,2.9374819415901126,1.0809528763493503,-0.006773396569544377,-0.0008509595429512837,-0.005032328047713203,3.556262731552124,180,1.6344979816441674,gradient_global,0.92,True
scene_018,baseline,4,Carton Magdeleine,rigid,2143,1.0803509049973083,0.8147456836210919,2.550718786945379,0.5791097356397656,-0.06853822598784651,-0.0002772352131227322,-0.884147701644499,3.0754547119140625,90,112.86364060242707,gradient_global,0.92,False
scene_019,baseline,0,Big Package cardboard,rigid,17276,1.2315609042443028,0.7707223894420004,6.475822991272458,0.13517524645267898,-0.014610710114928496,0.09031798805458914,-0.777170913351427,2.8182787895202637,180,528.6113448820772,gradient_global,0.92,True
scene_020,baseline,7,Carton Magdeleine,rigid,2961,1.0999405416258219,0.8264099966227626,5.3617826150990515,0.018047976863500015,-0.004855597055535535,-0.057765085335217674,0.017588701079090715,2.8276290893554688,90,-2.215717036092024,gradient_global,0.92,True
scene_020,baseline,5,Carton Magdeleine,rigid,3002,1.115157842812156,0.8224516988674218,2.9401566219290007,0.018318102483039223,-0.02342888712183433,-0.07897423925771775,0.017716703768156632,0.3966522216796875,90,-2.231703251808548,gradient_global,0.92,False
scene_020,baseline,1,China Package,rigid,5043,1.0843684599511985,0.8477096966091612,4.565000444038288,0.022647629732419627,-0.03499717095514559,-0.03406368346150376,-0.8917570076636554,2.02294921875,180,338.89030688756174,gradient_global,0.92,False
scene_020,baseline,2,China Package,rigid,4652,1.0003211531730927,0.9079965606190885,5.199627056595452,0.022798180344896224,-0.04633176539518285,-0.0529960963226308,-0.8917849379906603,1.47733736038208,180,338.90107096232157,gradient_global,0.92,False
scene_020,baseline,4,China Package,rigid,5141,1.1054327782821738,0.8385528107372107,5.109779177756761,0.023712359954075612,-0.02363643876025442,0.022740840903710816,-0.8918477665232833,2.01678729057312,180,338.9258599840701,gradient_global,0.92,False
scene_020,baseline,3,China Package,rigid,5596,1.2032160282882596,0.7857398141529665,2.499554050961363,0.015916286400907698,-0.02352444344235808,0.04151603129949083,7.686910120091509e-05,3.7039260864257812,180,-0.013293971740422378,gradient_global,0.92,False
scene_021,baseline,6,Black Package,rigid,5891,1.1409998540883612,0.8207435070446444,7.097360178586872,0.05113623752617258,-0.044327446902578616,-0.0030932231327219276,-0.8718178469478169,2.5966475009918213,180,135.18288789956821,lateral_neighbor,0.75,False
scene_021,baseline,7,Colis VistaPrint,rigid,6159,1.0441519365106493,0.9004708556583861,0.9270567776740525,0.054839255623995165,-0.017030852057227635,-0.010733415496279744,-0.916401530789677,2.6993179321289062,180,123.76903253220107,overlap_matched_parcel,0.7,True
scene_021,baseline,4,Colis VistaPrint,rigid,6425,1.0892936643261284,0.8708171206225681,5.644292109441198,0.057295417031255624,0.015204980541502378,-0.026322014747419246,-0.6652758777888207,2.5414979457855225,180,89.86952920508261,gradient_global,0.92,False
scene_021,baseline,10,Carton Magdeleine,rigid,3793,1.0187412214007139,0.8911152122330609,1.2807264376166732,0.04241365900392591,-0.004256119778126311,-0.0028352888028366947,-0.7060829309813241,3.5221099853515625,90,89.71493619530268,gradient_global,0.92,False
scene_021,baseline,15,Carton Magdeleine,rigid,3732,1.1038795931782446,0.8317256162915327,4.86679039578011,0.04444638409073498,-0.06558608293552104,-0.049676134873113856,-0.6118575701870945,0.9432449340820312,90,77.75034939374514,gradient_global,0.92,False
scene_022,baseline,3,Gros Carton,rigid,26103,0.987063241738224,0.9364440868865648,1.399905432550462,1.2645351081649325,-0.023916988234097603,-0.04485959040814969,-0.8458079058015541,0.44017791748046875,180,97.00463079374467,lateral_neighbor,0.75,True
scene_022,baseline,13,Carton Magdeleine,rigid,3930,1.0541665151551578,0.8638676844783715,3.331111430187795,2.1374849233444237,-0.03966092983610466,0.0014256693259270495,-0.29128415174696165,2.980712652206421,90,39.121967185225984,gradient_global,0.92,False
scene_022,baseline,14,Carton Magdeleine,rigid,3488,1.076395583085327,0.841743119266055,4.973321020666488,1.798924713097838,-0.03931909100887673,-0.05260722310531812,0.03912022893918733,1.898162841796875,90,-3.1681886866692377,gradient_global,0.92,False
scene_023,baseline,0,Black Package,rigid,2828,1.0402983687955705,0.871994342291372,8.287682106819664,0.21997545732113655,-0.039390769498526504,-0.0008280157331656951,-0.5790089398126262,2.3018248081207275,180,89.96603676534778,lateral_neighbor,0.75,True
scene_023,baseline,2,Куб,rigid,2018,1.0856592424519595,0.8052527254707631,8.210302508512934,0.15851388777034237,-0.064670984325741,-0.06819901908457605,-0.0020121937222705986,1.5396792888641357,180,0.3393289621462731,gradient_global,0.92,False
scene_024,baseline,12,Carton Magdeleine,rigid,3056,1.0876846852941282,0.8259162303664922,2.5235194352678993,0.5559929146379261,-0.06336715700884664,-0.07707087062572815,0.0030262842363996904,0.1121058240532875,90,0.17166090128023503,gradient_global,0.92,False
scene_024,baseline,11,Carton Magdeleine,rigid,2844,1.0121342479287914,0.8790436005625879,4.156797023597717,0.5689212224070372,-0.0633725660682151,-0.05589745011296319,0.016349851611846346,1.215768575668335,90,-1.5074770591886333,gradient_global,0.92,False
scene_024,baseline,6,Carton Magdeleine,rigid,3060,1.0896812077368148,0.8359477124183007,0.6564384165925976,0.47416518405218877,-0.02688848159812781,-0.07943335601092955,0.011109759159682035,1.5663604736328125,90,-0.9367518918796391,gradient_global,0.92,False
scene_024,baseline,9,Carton Magdeleine,rigid,2815,1.0023429255841927,0.8902309058614565,2.171316039655856,0.4699661473932526,-0.025292727587515933,-0.017080436974790995,-0.00354435719056401,3.7242584228515625,90,0.9200923842892506,gradient_global,0.92,False
scene_024,baseline,0,Cardboard Box.001,rigid,21619,0.9674782142329357,0.9563347055830519,2.55593632430438,1.8289345531609102,0.010542272180909286,0.03047958978523898,-0.9204256314010225,3.6532373428344727,180,380.7161472552803,gradient_global,0.92,False
scene_026,baseline,7,Carton Magdeleine,rigid,2738,1.0507058558887772,0.8418553688823959,1.7102973482919461,0.0783393229942253,-0.045481344929027445,-0.03971331383672718,-0.5749195974719549,1.0637705326080322,90,73.09310551099651,gradient_global,0.92,False
scene_026,baseline,9,Carton Magdeleine,rigid,2627,1.0080535507731023,0.8907499048344119,5.587853099047998,0.07159906365894475,-0.024584200071962665,-0.04280721992709582,-0.5810144289814542,3.3075220584869385,90,73.86040861281673,lateral_neighbor,0.75,True
scene_026,baseline,8,Carton Magdeleine,rigid,2652,1.0176728782097644,0.860105580693816,3.2497010295297484,0.0788252969957659,-0.08017138789604136,-0.04252769296212892,-0.5738686205011416,0.7786402702331543,90,72.96011745118474,gradient_global,0.92,False
scene_026,baseline,10,Carton Magdeleine,rigid,2830,1.0859839029839025,0.8215547703180212,1.6837354359575147,0.07932389499482051,-0.011358522510463051,-0.042562686491565326,-0.5734747374327467,3.0256195068359375,90,72.91059291504342,gradient_global,0.92,False
scene_026,baseline,6,Carton Magdeleine,rigid,2677,1.0808396087947032,0.8442286141202839,5.590551295431102,0.0700934864291125,0.0004776751969026647,-0.06176457413906889,-0.400054788348613,2.8958511352539062,90,50.877035817334104,gradient_global,0.92,False
scene_027,baseline,17,Colis VistaPrint,rigid,4246,1.0681962110639514,0.8775317946302402,5.057651293682956,0.017357157379493948,-0.00015112327147607217,0.013846817990336425,2.6650838020589334e-05,3.1385128498077393,180,0.013759294285431434,gradient_global,0.92,False
scene_027,baseline,14,Colis VistaPrint,rigid,4288,1.0787327579979453,0.851679104477612,5.061868806710986,0.018461383034074075,-0.053089643338390495,0.014559603814258927,-0.0001879137816926646,2.1706008911132812,180,0.04382974328959177,gradient_global,0.92,True
scene_027,baseline,13,Colis VistaPrint,rigid,3530,1.0062318872687916,0.8991501416430595,2.7907947091648775,0.017448182952017888,-0.020038255993541504,-0.043003700161995645,-0.6652474750958054,3.985231637954712,180,89.82585635444681,gradient_global,0.92,False
scene_028,baseline,12,Carton Magdeleine,rigid,4244,1.1328497922789644,0.8289349670122526,2.8640216420521165,0.7285939851242595,-0.04941013049758701,-0.012623365913255205,-0.8516709930033547,2.3423233032226562,90,108.88718266276554,lateral_neighbor,0.75,False
scene_028,baseline,7,Ikea Cardboard Package,rigid,9734,1.0010704000214332,0.9443188822683378,1.5297499153932577,1.163675947753684,-0.0028993882406371826,0.018707017956152507,-0.9118491484476867,2.8761911392211914,180,101.46371840393952,overlap_matched_parcel,0.7,True
scene_028,baseline,11,Ikea Cardboard Package,rigid,9732,1.0013024481878676,0.9420468557336621,3.0733680301318316,1.4043231592179017,-0.02242056990906874,-0.001980390916886003,-0.09112171294148794,2.7663238048553467,180,11.427375428631702,lateral_neighbor,0.75,False
scene_028,baseline,8,Ikea Cardboard Package,rigid,9678,0.9992379833256436,0.9432734035957843,2.867904651663303,1.405725277254244,-0.011579337548062375,-0.0003423141143285254,-0.14020144008964913,2.3774337768554688,180,16.82876844192094,lateral_neighbor,0.75,False
scene_028,baseline,6,Carton Magdeleine,rigid,3368,1.020756420368576,0.911520190023753,2.984976591042181,0.753852241079711,-0.018297188331901398,-0.01575262073748768,-0.8799324723816,1.4250259399414062,90,112.50152842857497,gradient_global,0.92,False
scene_029,baseline,9,Cardboard Box SQ01.001,rigid,20507,0.9892189934776372,0.9605012922416736,2.0343892236057415,-0.9413074783763964,-0.01356809440651564,-0.010150843942159687,-0.8953917196516661,0.8849334716796875,180,274.179037635793,lateral_neighbor,0.75,True
scene_029,baseline,14,Colis VistaPrint,rigid,4996,1.0522824120076024,0.8853082465972778,0.4590580139183751,0.9677220193445857,-0.03854669369331032,-0.0010629353293606036,0.02071154157105385,3.2748565673828125,180,-1.8282683213358686,lateral_neighbor,0.75,False
scene_029,baseline,13,Colis VistaPrint,rigid,4198,1.0127632644822429,0.8813720819437828,4.756052763386048,0.9751295223378587,-0.060953613634758125,-0.08105578502260516,-0.8403420278175616,0.7466812133789062,180,114.41855354681879,gradient_global,0.92,False
scene_030,baseline,6,Black Package,rigid,3099,1.0289079404108252,0.9119070667957405,3.577514052401458,0.5925428411730493,-0.04126694564305815,-0.05238454135638908,-0.9035122355979187,0.02072906494140625,180,140.63377111053734,gradient_global,0.92,True
scene_030,baseline,5,Gros Carton,rigid,14913,1.0040663126413847,0.9517870314490713,4.202939230988806,-1.6266795938531808,-0.01651808169844943,-0.02797971224340405,-0.8448346438469303,0.5040283203125,180,94.03178298222961,overlap_matched_parcel,0.7,False
scene_031,baseline,9,Ikea Cardboard Package,rigid,9581,0.9877698437551525,0.9562676129840308,1.3024035624944799,3.0458519616308743,-0.018275507029018836,-0.0157073245245792,-0.22237285335736168,1.5704269409179688,180,27.501559608250513,gradient_global,0.92,True
scene_032,baseline,14,Colis VistaPrint,rigid,4606,1.042976031834169,0.8851498046026921,3.1341556506758876,0.845404049401699,-0.0031326010278419606,-0.0006074553871361196,-0.3647585088867607,3.7160308361053467,180,50.08692368952416,gradient_global,0.92,True
scene_032,baseline,16,Colis VistaPrint,rigid,4428,1.088699920083276,0.8556910569105691,5.3927545649756174,0.5938269213270897,-0.036197355383344634,0.05782796250851108,0.19875430557986892,3.8523635864257812,180,-26.237525338664692,gradient_global,0.92,False
scene_033,baseline,0,Cardboard Box.001,rigid,21361,0.9559917272253243,0.9686344272271897,3.148151776533969,1.1617813513486452,0.006349170603232922,0.013242089242306894,-0.9771153469751673,2.3723607063293457,180,403.38843916445444,gradient_global,0.92,True
scene_034,baseline,1,Ikea Cardboard Package,rigid,5145,0.995184202143944,0.9306122448979591,3.305571062296526,0.27781398982854033,-0.01513369569906783,-0.041143189285872774,-0.32401732544037226,1.69854736328125,180,35.9196388202046,gradient_global,0.92,False
scene_034,baseline,5,Ikea Cardboard Package,rigid,5183,1.0026839155509197,0.9208952344202199,3.4744535043847327,0.3586626024151829,-0.04018919543939999,-0.008607390322814103,-0.32604390085540147,2.5358428955078125,180,36.223410222027425,gradient_global,0.92,True
scene_036,baseline,0,Куб,rigid,2053,1.1029486931543142,0.8051631758402338,5.4203714754492385,0.46482146099141586,-0.08273015531467376,-0.0066683324975167265,-0.37669648980392506,1.1541671752929688,180,34.314397899974026,gradient_global,0.92,True
scene_036,baseline,4,Small Packet,rigid,1676,0.8618019961378083,0.7189737470167065,7.71457335801115,0.151396247410146,-0.12536393454605232,-0.1780969703198451,-0.6787829136768879,2.5708158016204834,180,23.90853844899472,gradient_global,0.92,False
scene_037,baseline,1,Ikea Cardboard Package,rigid,5187,1.0030817676684562,0.9178716020821284,2.229591251447204,0.352455773309876,-0.002341157276719418,-0.041424259723648924,-0.8177057129113029,2.0159072875976562,180,90.29986151382992,gradient_global,0.92,False
scene_037,baseline,0,Ikea Cardboard Package,rigid,5250,1.015312288949618,0.9093333333333333,7.507548730318403,0.3682007694189443,-0.01389684996643701,-0.05711691844712053,0.0012357805072698497,0.637484610080719,180,0.23226525015017732,gradient_global,0.92,False
scene_037,baseline,2,Ikea Cardboard Package,rigid,5258,1.016832363806341,0.9146063141879042,5.5248645967311,0.36246179035118176,-0.02770795964356212,-0.04143412526125307,-0.003619807827661485,2.1852874755859375,180,0.760639665638568,gradient_global,0.92,False
scene_037,baseline,5,Ikea Cardboard Package,rigid,5300,1.0249719680609906,0.9141509433962264,5.365043002107132,0.3768447801027336,-0.027902315683278597,-0.009870274021290183,-0.8188263318859399,1.644173502922058,180,90.44751830266298,gradient_global,0.92,False
scene_037,baseline,3,Ikea Cardboard Package,rigid,5148,0.9955770663780193,0.9232711732711733,2.974908783710279,0.35273926592506444,-0.027437643504254726,-0.009103841734559586,-0.8238068636950163,2.1249847412109375,180,90.97126993117251,gradient_global,0.92,True
scene_038,baseline,0,Big Package cardboard,rigid,15293,1.061468986319589,0.863336166873733,9.915591754164586,5.81253930351322,-0.02251129729976149,0.0024314374044279714,-0.8983036514044244,1.7736934423446655,180,616.5464588015584,lateral_neighbor,0.75,False
scene_038,baseline,2,Big Package cardboard,rigid,15936,1.0802688825002418,0.8306977911646586,4.234105947164577,2.2140266577137524,-0.021315403449862026,-0.05131169371352046,-0.9208066404116476,1.1602859497070312,180,628.2471589056086,lateral_neighbor,0.75,True
scene_038,baseline,3,Cardboard Box SQ01.001,rigid,20511,0.9859776159501298,0.9629467115206475,5.068712682246803,4.090713747136321,-0.005828638436164822,0.08042192268075443,1.0162807928382098,3.2241744995117188,180,-308.12434157750647,gradient_global,0.92,False
scene_039,baseline,0,Cardboard box,rigid,28031,0.7941755182465537,0.8551246833862509,9.630709662573258,2.2697082995298823,-0.052470900046634336,-0.1853273539724641,-0.9291627846033143,2.8157882690429688,180,495.624903902594,gradient_global,0.92,True
scene_039,baseline,4,Carton Magdeleine,rigid,2279,1.0332016630256224,0.8258007898200965,1.4235623930823236,4.631590286685694,-0.06323454280965227,-0.09131269117725258,-0.8605363219405654,2.9506678581237793,90,113.75681737971969,gradient_global,0.92,False
scene_040,baseline,2,Gros Carton,rigid,17598,0.9929346970719725,0.9667575860893284,3.4096509345793407,-2.950778720921421,0.012864254802685604,0.03447471233687892,-0.006275948204169479,3.125678062438965,180,-2.2401531525045315,gradient_global,0.92,True
scene_040,baseline,1,Black Package,rigid,2952,1.088060369573541,0.8489159891598916,5.463140088523932,0.04298895636065114,-0.023175401940660523,-0.022137576910120714,0.0013236558195692703,1.0909664630889893,180,-0.16217768217780415,gradient_global,0.92,False
scene_041,baseline,0,Big Package cardboard,rigid,14946,1.0539282221982027,0.8904054596547571,1.7708316982209489,0.636589038494173,-0.01844443812572981,-0.02452758430914562,-0.9867814732771613,1.0249420404434204,180,671.6421983839931,overlap_matched_parcel,0.7,True
scene_041,baseline,6,Carton Magdeleine,rigid,2304,1.0426447050191459,0.8511284722222222,0.505059814588365,0.4103280263111353,-0.03951267795111387,-0.09838758685034751,-0.2268611666997315,0.6028582453727722,90,29.22144748402708,gradient_global,0.92,False
scene_041,baseline,8,Carton Magdeleine,rigid,2132,1.076696568625593,0.8302063789868668,7.010895845647555,0.37785799463746494,-0.048353363899198275,-0.09778124836714462,-0.014791422646719914,0.9239429831504822,90,2.2563524545917337,gradient_global,0.92,False
scene_042,baseline,1,Asset_Large_cartoon_Box,rigid,18959,0.9834542956577319,0.9674033440582309,3.962521802597395,0.795572207602957,0.01119005844176989,0.05696073123534573,-0.5422085026203163,3.9868316650390625,180,185.7056099811199,gradient_global,0.92,True
scene_043,baseline,6,China Package,rigid,7072,1.0658594736837919,0.8834841628959276,1.6998075574759355,0.4713639427249561,-0.021373878314458864,-0.032380745879740346,-0.23629409029325343,0.6841773390769958,180,90.26270833930872,gradient_global,0.92,True
scene_044,baseline,2,China Package,rigid,5134,1.094897660703289,0.8490455784962991,0.9325327631202621,0.6740295413391051,-0.026817429901159266,0.03653087395345361,-0.0018199102650828284,3.6213150024414062,180,1.3655883405631846,gradient_global,0.92,False
scene_044,baseline,3,China Package,rigid,5215,1.1118022659091895,0.8364333652924257,2.443262951617395,0.6394374264411251,-0.015104896251663693,0.05461156158159107,-0.004161463961075577,3.8759384155273438,180,2.220777493120108,gradient_global,0.92,True
scene_044,baseline,1,Gros Carton,rigid,13363,0.9920329060541393,0.9583925765172491,4.370542409676896,-1.811095501253468,-0.018582137598997964,0.010853377875280295,-0.03706087100519034,2.0326461791992188,180,2.384893226013043,gradient_global,0.92,False
scene_045,baseline,14,Carton Magdeleine,rigid,3075,1.0989442921850652,0.8042276422764227,2.246728131704199,0.007203566757985058,-0.06001251496336491,-0.09665148484026918,-0.8117774892547414,0.6993408203125,90,103.10294429444833,gradient_global,0.92,False
scene_045,baseline,3,China Package,rigid,5683,1.0950580564999801,0.8560619391166637,2.4364960285044406,0.012080604207431733,-0.011159812866368543,-0.013986819174906595,-0.9733537975144307,3.1178054809570312,180,369.8865221971321,gradient_global,0.92,True
scene_045,baseline,15,Small Packet,rigid,2329,0.8576394476721205,0.8724774581365393,9.851796628347529,0.00284345269019326,-0.11874029840366007,-0.08421070202875808,-0.4530612727838072,0.6527713537216187,180,15.859987937421105,overlap_matched_parcel,0.7,False
scene_046,baseline,6,China Package,rigid,8790,1.1511547557286852,0.8207053469852105,2.613510339266488,1.1548099504173903,-0.0142883878879736,0.03233408981513414,0.006279298132286296,3.425628900527954,180,-1.2312461692461918,gradient_global,0.92,False
scene_046,baseline,4,Big Package cardboard,rigid,17204,1.0575721190628147,0.868518949081609,3.9973220932334,1.871415074762628,-0.03288585960260764,-0.0509529224365928,-0.4879685693806092,0.473236083984375,180,333.6793108143973,gradient_global,0.92,True
scene_047,baseline,10,Cardboard Box SQ01.001,rigid,20509,0.9902830490594213,0.9559217904334683,1.2547837775134496,-0.8593298109972336,-0.013996335233021955,-0.03759856296563114,-0.2421003745450972,0.3545583486557007,180,73.5297363851421,lateral_neighbor,0.75,True
scene_047,baseline,16,Carton Magdeleine,rigid,2728,1.0975357302208861,0.8075513196480938,2.9981727431246457,0.5477961004937137,-0.05865009653731294,-0.04095654335797931,-0.9213282533541567,2.92706036567688,90,117.55472908700548,overlap_matched_parcel,0.7,False
scene_047,baseline,13,Carton Magdeleine,rigid,2453,1.0218680725752052,0.8495719527109662,1.579518827090887,0.5407699631029272,-0.040154674396086824,-0.09055441029205052,-0.7210474204224813,0.6427430510520935,90,92.11241871513512,gradient_global,0.92,False
scene_048,baseline,9,Black Package,rigid,3791,1.054006871465778,0.8844632023212873,4.701773784977113,0.17152450072299708,-0.01487848968269303,-0.0080339116569982,-0.021079778437629103,1.1874237060546875,180,3.438886599634927,gradient_global,0.92,False
scene_048,baseline,10,Black Package,rigid,3726,1.035971099218616,0.8843263553408481,3.227174466227028,0.1644812356598191,-0.017402454153560388,-0.029156706237499285,-0.016899336517089095,3.3209228515625,180,2.7838755426763395,gradient_global,0.92,False
scene_048,baseline,11,Black Package,rigid,3686,1.0247984742636875,0.8711340206185567,2.317929008405128,0.16540579078494488,-0.031006287036828208,-0.07045507611779317,-0.015701930793409615,2.247161865234375,180,2.59920241279038,gradient_global,0.92,False
scene_048,baseline,6,Black Package,rigid,3907,1.0862267738644298,0.8428461735346814,3.1572591015549683,0.1697480247383476,-0.030976175378482775,-0.07046465798283401,-0.022179817235440887,1.0271682739257812,180,3.607615951590426,gradient_global,0.92,True
scene_048,baseline,7,Black Package,rigid,3475,1.11598025141066,0.8353956834532374,6.224717014720898,0.17229681486652382,-0.0309384205522355,-0.02006439456361345,-0.0001152821596092672,1.9228439331054688,180,0.19016553014275517,gradient_global,0.92,False
scene_051,baseline,14,Ikea Cardboard Package,rigid,11757,1.0198246946139315,0.9383346091690057,4.966331103343194,0.07572220199014712,0.014409698141451523,0.01153076045813055,0.00010147213928119624,2.5335769653320312,180,0.06456026773127288,gradient_global,0.92,False
scene_051,baseline,13,Ikea Cardboard Package,rigid,11588,1.0052036783529619,0.9481360027614774,2.3727499091821795,0.07441738566260625,0.00604358569834349,0.03149735641813422,-0.0003858318216666408,3.1352570056915283,180,0.11685888200763106,gradient_global,0.92,False
scene_051,baseline,15,Ikea Cardboard Package,rigid,11598,1.0060398852878896,0.9462838420417313,2.8062200562587387,0.07452656128947854,-0.0028893138304456143,-0.010580101410728866,-0.8196684965562168,1.6750577688217163,180,90.23805260341955,lateral_neighbor,0.75,True
scene_051,baseline,12,Ikea Cardboard Package,rigid,11680,1.0386286046602682,0.9273116438356165,1.7482868035554655,0.07055346031736853,-0.013543186456267927,-0.020072615610026483,-0.1794278449706378,0.5347747802734375,180,19.807614529107397,gradient_global,0.92,False
scene_052,baseline,16,Ikea Cardboard Package,rigid,9986,1.041196138229375,0.9207891047466453,5.907125905098609,1.9750241242065814,-0.024037035008891507,-0.004070930587154443,-0.7734554645861482,0.14251291751861572,180,87.04926520234247,gradient_global,0.92,True
scene_052,baseline,13,Ikea Cardboard Package,rigid,8977,1.0249358474500976,0.9302662359362817,1.9537219080763597,1.9694278743515037,-0.02653708826837075,-0.03380642479725916,-0.18642450529043994,0.17923736572265625,180,22.474711025253114,lateral_neighbor,0.75,False
scene_052,baseline,17,Black Package,rigid,4389,1.0800709137046463,0.8498519024834814,4.452759656550914,1.4948203035717311,-0.050932370722851714,-0.04728155281824589,-0.8654664743758839,1.1271857023239136,180,135.6328842244292,gradient_global,0.92,False
scene_053,baseline,13,Small Packet,rigid,2000,0.8612101398237582,0.5820721769499418,42.00286299833193,0.08120019839283343,0.32350781780474513,0.5407361132820323,6.023953283145218,1.7864837646484375,180,-210.75675469923831,fallback_pallet,0.7,False
scene_053,baseline,9,Куб,rigid,1875,0.9233412481205255,1.0,9.693268061542383,0.240293610365927,-0.006484432914693875,-0.048325121375392854,0.816815367759796,0.8541946411132812,180,-73.158592599149,overlap_candidate,0.7,False
scene_054,baseline,15,Colis VistaPrint,rigid,6436,1.0530610570559185,0.8986948415164698,6.202319120678158,0.10558349642486586,0.016043630875737385,0.002609796733116748,-0.8693520854771452,3.1779634952545166,180,117.46806649855613,lateral_neighbor,0.75,True
scene_054,baseline,12,Colis VistaPrint,rigid,6676,1.0923233043133886,0.8747753145596165,5.145739330678278,0.10863610267852764,-0.0030501479399399037,0.03317082985471518,-0.8667157563511176,3.4164810180664062,180,117.11521481998643,overlap_matched_parcel,0.7,False
scene_054,baseline,5,Gros Carton,rigid,26158,0.9916182365461915,0.9454851288324796,2.1511744458108346,-2.7848737050135686,0.0162356074624145,0.04734130169621247,0.019272397431612975,3.9700851440429688,180,-4.966893639808734,gradient_global,0.92,False
scene_055,baseline,7,Gros Carton,rigid,22937,0.9801762333446408,0.5554780485678162,130.54109354087907,23.26219547135222,-0.313520180854885,-0.16822800801389898,-0.6521550811264081,87.92574310302734,180,96.81632442786636,gradient_global,0.92,False
scene_055,baseline,3,Big Package cardboard,rigid,16044,0.9310787120699705,0.7770655689503088,21.64910065884592,13.850326183652783,-0.0022693310818065575,0.0417255946364182,-0.5019024431572591,2.9645702838897705,180,353.8364924930203,gradient_global,0.92,False
scene_056,mixed,11,Colis VistaPrint,rigid,3511,1.0924600176558754,0.8550270578182854,7.160233538804245,0.03221384609999878,-0.034350476843416654,-0.042259357183364134,-0.8881506095769098,1.3859634399414062,180,119.93254224340497,gradient_global,0.92,True
scene_057,mixed,15,Colis VistaPrint,rigid,4430,1.0770725589442707,0.8787810383747179,4.291365107530225,0.3953989865613794,-0.03006936218517924,-0.003596736333417193,-0.6203410799515434,1.5794047117233276,180,84.14105080440137,gradient_global,0.92,True
scene_060,mixed,20,Amazon_Book_Package,rigid,4508,0.9915298145589339,0.9177018633540373,4.462170158027865,0.01812533304129671,-0.03978009576130314,-0.03571373001065501,1.4799702117669147,2.1927032470703125,180,-22.122228813709345,gradient_global,0.92,True
scene_060,mixed,19,Amazon_Book_Package,rigid,4512,0.9924347869446074,0.7753840389659048,33.118180007376004,5.298169580302159,0.04793068826365525,0.47614121562503325,1.829783554800183,86.24166107177734,180,-22.075392125922633,gradient_global,0.92,False
scene_061,mixed,12,Amazon_Book_Package,rigid,5373,0.9609249616852965,0.9082520891364902,3.239360347960943,0.20858712492932696,-0.023785495004631937,0.040874794119010203,0.015589758732846732,0.2714799642562866,180,-0.024635405575734737,lateral_neighbor,0.75,False
scene_061,mixed,2,Big Package cardboard,rigid,5091,0.3616733763136477,0.8723237085052052,234.43181068553505,-0.008738910393102373,-0.6425711783047632,-0.07446308624267314,-0.9846523790670871,88.18716430664062,180,669.5541320192917,overlap_matched_parcel,0.7,True
scene_061,mixed,14,Carton Magdeleine,rigid,2246,1.1033707882412782,0.804986642920748,4.381063893297321,0.1495654612188868,-0.04093541881656821,-0.08515917285430866,-0.8468746976340685,0.9366960525512695,90,107.70253209528157,gradient_global,0.92,False
scene_062,mixed,14,Ikea Cardboard Package,rigid,9743,1.020739524690935,0.9417017345786719,3.1144917894914195,0.037921990337252964,-0.012763700565742971,-0.039879847195292924,0.2621399258182202,0.305572509765625,180,-28.797468868050125,gradient_global,0.92,True
scene_063,mixed,9,China Package,rigid,6518,1.1136842618491827,0.837066584841976,1.5234843925222272,0.2534970503426104,-0.0373923836757232,-0.03883293096970128,-0.2563586382356905,1.2207310199737549,180,97.66955563741567,gradient_global,0.92,False
scene_063,mixed,11,China Package,rigid,5841,0.998722837835864,0.8959082348912858,2.7170378421732897,0.328578358755105,-0.04852969236761894,-0.05402543829987088,-0.4018058846610344,0.996030867099762,180,153.01446353178932,gradient_global,0.92,True
scene_064,mixed,10,POP_Drinks_Pack,rigid,11256,0.9742918983960885,0.8585643212508884,8.051658994627326,-0.056086693332790816,-0.021804152762195286,-0.00010414760700970517,-0.9243993420271278,3.6435165405273438,180,119.17293854866595,overlap_matched_parcel,0.7,True
scene_065,mixed,0,Asset_Large_cartoon_Box,rigid,13477,0.9964840557561241,0.9572605179194182,3.2087972855178197,-0.46686896038128367,-0.009435583328409089,-0.037678620245991265,-0.3927481187399279,0.40637969970703125,180,133.47951464667648,gradient_global,0.92,True
scene_065,mixed,3,Small Packet,rigid,1679,0.8638917131679165,0.7552114353782013,6.385201411846146,0.14357118414184272,-0.1457165096880348,-0.19297008293260548,-0.5198275811047153,3.126826763153076,180,18.337487313122736,overlap_matched_parcel,0.7,False
scene_065,mixed,2,Small Packet,rigid,1694,0.871509802547057,0.7402597402597403,3.949023198588999,0.09019393552491678,-0.08426576926177833,-0.1476172776336483,-0.5130723178669178,2.3870303630828857,180,18.047676490672572,overlap_matched_parcel,0.7,False
scene_067,mixed,13,POP_Drinks_Pack,rigid,7840,0.9599613190163961,0.8575255102040816,2.870168469742885,0.09475921581914015,-0.04250124989428611,-0.0452594515244382,-0.9262873845358042,3.2505874633789062,180,119.56666269304628,overlap_matched_parcel,0.7,True
scene_068,mixed,10,Carton Magdeleine,rigid,2990,1.095972375920741,0.8280936454849498,7.224147774067764,0.1663253230715367,-0.04777305966955033,-0.02380995665102275,-0.9262481665868938,3.175267457962036,90,117.79965080213567,gradient_global,0.92,True
scene_070,mixed,7,China Package,rigid,5094,1.0952268908260203,0.8529642716921869,3.4194154059161073,0.02603410037088638,-0.012263489972118059,-0.03418553475671053,-0.5768845205645237,1.9969418048858643,180,219.24214839113276,gradient_global,0.92,True
scene_070,mixed,3,China Package,rigid,5324,1.1446644963926853,0.8200601051840721,5.406835986473692,0.02607336269938587,-0.012273647192080062,0.022625845098932184,-0.30227168728901527,2.206355571746826,180,114.88931268617297,gradient_global,0.92,False
scene_070,mixed,1,China Package,rigid,4934,1.060863374503665,0.8802188893392785,3.0540710449497515,0.026813750362286726,-0.012262357616078141,-0.015215060185069717,-0.30235098008994155,3.2142333984375,180,114.92018433770355,gradient_global,0.92,False
scene_071,mixed,3,Gros Carton,rigid,16414,0.9995286365439386,0.9591811867917631,3.5500317194605544,-2.9467192103651008,-0.00013879648818336524,0.018948929470251966,0.0016665669682024967,1.9949798583984375,180,-3.1354079027952064,gradient_global,0.92,True
scene_073,mixed,1,Asset_Deformed_Package,soft,14375,0.88234315069618,0.6424347826086957,24.725905195759008,-4.576516978850531,-0.04602013677555852,-0.07692552235332693,-0.8951369042798446,2.401914358139038,180,301.3786649523772,gradient_global,0.92,True
scene_073,mixed,2,Asset_Deformed_Package,soft,10056,0.9425374779598703,0.6130668257756563,27.120102561446735,-5.975456220192632,-0.0275824320175902,-0.03972371844966865,-0.8976929844217747,2.64654541015625,180,300.8533864450701,gradient_global,0.92,False
scene_074,mixed,5,Asset_Deformed_Package,soft,16450,0.8638407829424827,0.5699696048632219,35.23983974188549,-1.9076337711896318,-0.036684777289610566,-0.031877749362356454,-0.8940110003656134,2.4422454833984375,180,303.60675990010253,gradient_global,0.92,True
scene_075,mixed,1,Asset_Deformed_Package,soft,9390,0.8840220972409927,0.6510117145899893,27.523730660922705,-5.617659588042445,-0.01997909114665001,-0.01903936808779878,-0.8957706367799598,3.4351348876953125,180,300.55674309636674,gradient_global,0.92,True
scene_075,mixed,0,Black Package,rigid,2961,1.091625275063229,0.8362039851401554,3.1693889260846904,0.008973781956966853,-0.02299759709883483,-0.07163285817465086,-0.0003332539454091194,2.2660539150238037,180,0.06062814333223686,gradient_global,0.92,False
scene_076,mixed,7,Colis VistaPrint,rigid,7660,1.0506590215037204,0.8925587467362924,1.157861679834291,3.51078641813396,-0.008986868327060504,0.006046197644114401,-0.7381003723697738,3.627178192138672,180,103.09174821479516,gradient_global,0.92,False
scene_076,mixed,13,Vintage_Envelope,soft,2744,0.9863011143809954,0.8842945230322815,1.015286257769301,2.967615549573255,-0.04040826436370409,-0.027873910360748155,0.06932898643918362,1.6262527704238892,180,1.93872677654372,gradient_global,0.92,True
scene_076,mixed,3,Asset_Deformed_Package,soft,16387,0.8496551216897252,0.657045218770977,23.050108395868538,-3.7116240578646265,-0.056110771784570884,-0.10011541176729254,-0.8945748281267676,2.915864944458008,180,301.8619935347702,gradient_global,0.92,False
scene_077,mixed,9,Gros Carton,rigid,22051,0.870980655657052,0.9418625277161863,31.716577909269233,1.0224676563677093,0.02334940038667972,0.017451725006326888,-0.8751491471724,2.428926467895508,180,100.0976002329228,gradient_global,0.92,True
scene_078,mixed,0,Big Package cardboard,rigid,14530,1.0350569293084497,0.9072952512044047,5.082456805265775,0.14853829308481004,-0.020239813893083193,0.05378841854096019,-0.4486713923815823,2.5952911376953125,180,305.2450334972428,gradient_global,0.92,True
scene_079,mixed,9,Storage_Box_with_Lid,rigid,6258,1.0467241164645154,0.8910194950463407,5.294818305910082,0.028647688956717765,-0.04047123665663247,-0.04457089972164017,0.00030781527380196387,0.37516021728515625,180,-0.03083145524102049,gradient_global,0.92,True
scene_079,mixed,2,Storage_Box_with_Lid,rigid,4438,1.0711493724722876,0.8717890941865706,5.130877236262789,0.02945816062355222,-0.032837841587774814,0.03838878111600686,-0.6569947376811207,3.5177764892578125,180,126.9805488489675,gradient_global,0.92,False
scene_081,mixed,8,Storage_Box_with_Lid,rigid,4509,1.0767628251679333,0.8460856065646485,7.100254610280467,0.5941828827268902,-0.04942936693507442,-0.05944178707838409,-0.035289557281262554,0.7109891772270203,180,7.413095503520676,gradient_global,0.92,True
scene_081,mixed,6,Colis VistaPrint,rigid,3182,1.0177786264590778,0.9035197988686361,5.715424785138529,0.7098699113324558,-0.03700927927769082,-0.07167059155078923,-0.020148415607965525,0.39942169189453125,180,3.4298707035517295,gradient_global,0.92,False
scene_083,mixed,0,Cardboard Box SQ01.001,rigid,15135,0.990940476065673,0.9594317806408986,5.427429060907857,-0.7071560369934504,-0.030147694892313538,-0.03416785550650835,-0.8177460529743418,0.02117156982421875,180,250.55084223546854,gradient_global,0.92,True
scene_084,mixed,15,Carton Magdeleine,rigid,2185,1.092627699615784,0.8068649885583524,5.74685630791189,0.011656373937324327,-0.0938867774617904,-0.05296864071086317,-0.877627055641059,1.5472183227539062,90,111.4702921197013,gradient_global,0.92,True
scene_084,mixed,2,Carton Magdeleine,rigid,2140,1.0843027145448136,0.8168224299065421,6.058218939575063,0.006868607251270253,-0.08791481164497382,-0.02061050384214376,-0.7608501796093982,3.3549118041992188,90,96.63484113966,gradient_global,0.92,False
scene_084,mixed,12,Carton Magdeleine,rigid,2227,1.1283447929592072,0.8172429277054333,2.1058369196388083,0.007050242980533028,-0.025211247926218337,-0.09454916532116774,-0.8340462701648114,0.22418975830078125,90,105.93092624918376,overlap_matched_parcel,0.7,False
scene_086,mixed,16,Black Package,rigid,3597,0.9960021700072105,0.8946344175701973,2.5012155635084588,0.6085615068017747,-0.018243880710037543,-0.011017852353528557,-0.8635531152434048,2.9641189575195312,180,134.4569520911477,lateral_neighbor,0.75,False
scene_086,mixed,6,Black Package,rigid,3957,1.0956340912058442,0.8203184230477635,5.264299321878839,0.6279997753136923,-0.05871559817851261,-0.010949792002867364,-0.8799059536161911,0.8424867987632751,180,137.0110359524399,lateral_neighbor,0.75,True
scene_086,mixed,9,Colis VistaPrint,rigid,4280,1.034404963434442,0.8787383177570094,6.543034950827761,0.6792814619185905,-0.04515913547848351,-0.06348930189962046,-0.009488243912020014,0.7520233988761902,180,1.9601719751123903,gradient_global,0.92,False
scene_086,mixed,15,Carton Magdeleine,rigid,2906,1.1103660712340697,0.8296627666896077,2.728478362738721,0.5362642496922199,-0.042496811232673036,-0.027590215472402056,1.4865863364784264e-05,0.49076029658317566,90,0.5343763180827299,gradient_global,0.92,False
scene_088,mixed,2,POP_Drinks_Pack,rigid,7055,0.9643350393940843,0.8793763288447909,7.663885601057439,0.010804089019211816,-0.01966120241567291,-0.020892006342245556,0.004985998225438286,1.1091889142990112,180,-0.6322884489196046,gradient_global,0.92,True
scene_089,mixed,4,Asset_Large_cartoon_Box,rigid,18841,1.0157892505556623,0.9414574597951276,1.9983655922018204,-0.14686770122207538,0.003940737797899725,0.020809299296987476,-0.23857497197578262,2.0788276195526123,180,81.21609492129583,lateral_neighbor,0.75,True
scene_089,mixed,3,China Package,rigid,5085,1.0757368685269924,0.8487708947885939,2.0551099136129554,1.8716888016184763,-0.03434607194385183,-0.0014755823623780618,-0.7876573065601058,2.9223175048828125,180,301.16153793812373,gradient_global,0.92,False
scene_090,mixed,4,Asset_Deformed_Package,soft,15197,0.8910079711555341,0.6666447325129959,26.884712378946958,-5.336548338768843,-0.032152996455314775,-0.06444210394141982,-0.8932355868166395,0.03331756591796875,180,299.97137420546204,gradient_global,0.92,True
scene_093,mixed,10,Ikea Cardboard Package,rigid,9762,1.0408240413555798,0.9206105306289695,4.780272006612216,0.7216837588217562,0.01525000294933681,0.03836048559332565,0.018110814188041512,3.8298497200012207,180,-1.2704774760941007,gradient_global,0.92,True
scene_093,mixed,12,Ikea Cardboard Package,rigid,9644,1.028614483378199,0.9260680215678142,5.590470288089393,0.9245996300711878,0.005222483729142527,0.016146415537076117,0.020886949804365892,3.330688953399658,180,-1.3729321806944528,gradient_global,0.92,False
scene_094,mixed,7,China Package,rigid,8065,1.1680396808653628,0.8219466831990081,2.0539854561517537,0.061261924526268,-0.012491589298218276,0.041581611732160025,-0.8415200262636874,3.4269256591796875,180,319.83884912046994,lateral_neighbor,0.75,True
scene_094,mixed,11,Amazon_A2_Package,rigid,5973,0.9918051519359417,0.916030534351145,7.186413786264229,-0.4451350509476759,-0.024763559698178502,0.0541652507439007,0.22709446497058228,2.402183771133423,180,-2.334560864880708,gradient_global,0.92,False
scene_094,mixed,10,Carton Magdeleine,rigid,2401,1.089539114290332,0.8171595168679717,1.8816383015390181,0.030622455543638516,-0.07802434949315143,-0.0746858153506925,-0.00012183615625452531,0.2541046142578125,90,0.04609564628549334,gradient_global,0.92,False
scene_095,mixed,2,Cardboard Box.001,rigid,33775,0.9733471801973989,0.9329977794226499,5.140751540746924,1.2757126085697346,-0.036086950722069654,-0.06828537067696476,0.3261569133737253,0.92816162109375,180,-132.98778146950346,gradient_global,0.92,True
scene_096,mixed,3,Gros Carton,rigid,17594,0.9911587656806096,0.9671478913265886,3.550128040106576,-1.7036246656763065,-0.0095841124224422,-0.01204845771561315,-0.002595743089587245,1.0336997509002686,180,-1.4097150360763422,gradient_global,0.92,True
scene_097,mixed,4,China Package,rigid,5307,1.1390871897766988,0.8241944601469757,2.0454105244313583,0.22039032466458774,-0.013469892424510514,-0.034645307353621146,-0.8946054058155029,1.9701080322265625,180,340.17011940209113,gradient_global,0.92,True
scene_098,mixed,9,China Package,rigid,5692,1.2154577477896735,0.7703794799718904,4.452253988427615,0.459835467098324,-0.03646890055305763,-0.02044532018021628,-0.4069894290503239,1.4528976678848267,180,155.11477117620672,gradient_global,0.92,False
scene_098,mixed,2,China Package,rigid,4979,1.0642839104127237,0.87507531632858,3.422961087801627,0.593893862543271,-0.015404277817082031,0.0010307029643445624,-0.4110075279784632,1.4449084997177124,180,156.77569682433253,gradient_global,0.92,True
scene_098,mixed,5,Black Package,rigid,2800,1.0287896712703584,0.8964285714285715,4.039630875162904,0.3761797204692163,-0.038947462248886226,-0.05106103390520121,-0.481476496238696,0.412750244140625,180,75.00453125099409,gradient_global,0.92,False
scene_101,mixed,12,Black Package,rigid,5284,1.0497122144270032,0.8798258894776685,5.636923603835007,1.1269963326420163,0.016700990014059183,-0.024797892008680298,-0.7633233535736105,3.789321184158325,180,119.43347990169961,lateral_neighbor,0.75,False
scene_101,mixed,10,Asset_Package_in_paper_with_rope,rigid,5661,0.8443971086210731,0.8724606959901078,11.271345887063683,-22.019276700207868,-0.026227643409242638,-0.11661977014002459,-0.8265797660232279,1.5523619651794434,180,91.99907881617419,gradient_global,0.92,True
scene_102,mixed,2,Cardboard Box.001,rigid,21357,0.9559586568959404,0.9621669710165286,3.3885996980779627,1.3832001203368804,-0.033875636200078864,-0.0413862437813176,-0.3057977539740827,2.1807937622070312,180,127.26362073129899,gradient_global,0.92,True
scene_103,mixed,7,Asset_Deformed_Package,soft,15363,0.8706893455993988,0.6208422834081885,31.904619441520005,-3.096073019530743,-0.024606906278475896,-0.04536939676543215,-0.8922641854813913,2.2586135864257812,180,301.85840414707644,gradient_global,0.92,True
scene_103,mixed,9,Ikea Cardboard Package,rigid,5696,0.998115348551601,0.9285463483146067,3.537652901813315,1.8689526389989441,-0.01476962076726648,0.0015510998637630375,-0.31320220820140005,3.4141387939453125,180,36.318775624218034,gradient_global,0.92,False
scene_104,mixed,0,Big Package cardboard,rigid,15090,1.075236099601528,0.878131212723658,4.043441577960977,0.09440708611574422,-0.006005989385815834,0.04096962647071463,-0.7864441202553489,2.5196762084960938,180,534.876363073735,lateral_neighbor,0.75,True
scene_104,mixed,7,Storage_Box_with_Lid,rigid,5936,1.0393809317796459,0.9129043126684636,2.0964493642726265,0.06251310966387535,0.004347507985174861,0.008553624958807446,0.017084428325001445,3.565399169921875,180,-3.2387106929377962,gradient_global,0.92,False
scene_105,mixed,4,Amazon_Book_Package,rigid,5607,0.9902647700186589,0.9291956482967719,3.5555272771351163,0.7743125995455236,-0.0060017109743019225,0.026650581765880654,-0.06402876292998425,3.4482734203338623,180,1.7321535964267554,overlap_matched_parcel,0.7,True
scene_105,mixed,5,Amazon_A2_Package,rigid,5969,0.9920043776514986,0.9024814287972183,14.53221012869805,-0.25607569557595244,0.02905536990458452,0.05734196353581028,0.914323817318942,2.4876861572265625,180,-7.863017189545629,gradient_global,0.92,False
scene_106,mixed,2,Big Package cardboard,rigid,15195,1.0691800368634363,0.8611385324119776,4.055270442340041,1.08816911592291,-0.03200344575341185,0.01026044254081462,-0.01865921639906303,0.8677469491958618,180,13.776267812455101,gradient_global,0.92,True
scene_107,mixed,4,Big Package cardboard,rigid,15171,1.0727781916909465,0.8715971260958407,1.7709059284578184,1.0402860814447967,-0.017134918587264503,0.07635267436576584,-0.9667131308312142,3.2682952880859375,180,658.4001840332671,gradient_global,0.92,True
scene_108,mixed,19,POP_Drinks_Pack,rigid,6702,0.9583636202409643,0.8440763951059386,8.634825299742257,-0.050672310897115214,-0.0714412314950063,-0.10939287321213342,-0.0004571020931372775,0.0938262939453125,180,0.0082847166323341,gradient_global,0.92,True
scene_109,mixed,2,Amazon_A2_Package,rigid,3110,0.9897930674676156,0.8086816720257235,5.966981754980988,-0.4240997481087059,-0.08728219465687585,-0.12543696285222117,2.505701081241265,0.6328341364860535,180,-21.271532514815217,gradient_global,0.92,False
scene_109,mixed,3,Amazon_A2_Package,rigid,3118,0.9923539948018163,0.812700449005773,3.134342702849428,-0.42684397905458704,-0.08737066296668095,-0.10446774787322585,2.4965142706509824,1.7071609497070312,180,-21.19784248249036,gradient_global,0.92,True
scene_110,mixed,10,Ikea Cardboard Package,rigid,8735,1.0208942945680737,0.9253577561534059,4.816180525162783,0.4894841296437802,0.005047218476418419,-0.010308409366945567,0.04089363605656191,2.5764431953430176,180,-4.008796582494645,gradient_global,0.92,True
scene_111,mixed,1,China Package,rigid,5117,1.098901351894261,0.851670900918507,4.407440531617468,0.12298566887275486,-0.0014938635879474583,0.0031159376351860162,-0.30365297779880546,3.6012802124023438,180,115.511076370652,gradient_global,0.92,False
scene_111,mixed,6,China Package,rigid,5238,1.1248443030284805,0.8304696449026346,3.778933304732177,0.1285920675606067,-0.03549317607043335,0.003035431760309981,-0.3054616582794232,0.9410247802734375,180,116.20398110858524,gradient_global,0.92,True
scene_112,mixed,6,Asset_Deformed_Package,soft,19662,0.8640031955101514,0.6824839792493134,23.90822448463642,-5.273722984681539,-0.05898317777996971,-0.07411354831354379,-0.8947052880041491,3.289372682571411,180,300.5365362077158,gradient_global,0.92,True
scene_112,mixed,11,Colis VistaPrint,rigid,4088,1.0284473943292052,0.8965264187866928,2.4062402503129765,0.0309600539897259,-0.02686552607231746,-0.0052283384101660165,-0.4387653367899271,1.993194580078125,180,59.264278923161775,gradient_global,0.92,False
scene_112,mixed,3,Colis VistaPrint,rigid,3144,1.0079259106927327,0.888676844783715,3.121908111120554,0.022432617850814962,-0.020164525505682967,-0.07125461443354168,-0.6657761521255835,0.8970718383789062,180,89.9022107308294,gradient_global,0.92,False
scene_114,mixed,13,Ikea Cardboard Package,rigid,7328,0.9955673767351042,0.9332696506550219,3.210993231656069,0.46623213373814254,-0.030383861947315866,0.002038447866729519,0.7515761095692851,2.3926620483398438,180,-82.2067906687337,gradient_global,0.92,True
scene_114,mixed,14,Colis VistaPrint,rigid,3763,1.0704465426290017,0.8663300558065373,5.337581131548533,0.38159619671368494,-0.020441313153626996,-0.00350093519089814,-0.9356708866622128,3.813033103942871,180,126.69663228135205,lateral_neighbor,0.75,False
scene_114,mixed,10,Colis VistaPrint,rigid,3763,1.078230635307946,0.8517140579325007,5.873119177377927,0.38369028328294474,-0.031221576870623862,0.04173768274700582,-0.8213454669181127,3.3357620239257812,180,111.26485990245713,gradient_global,0.92,False
scene_117,mixed,5,Cardboard Box SQ01.001,rigid,17831,0.9336867394691776,0.9246191756272402,21.646947502550706,-0.4848868416666985,-0.01952630378485294,-0.028787324504645075,-0.9020432019388979,0.55366051197052,180,276.6662673969855,gradient_global,0.92,True
scene_118,mixed,6,Colis VistaPrint,rigid,3599,1.0425585169436498,0.8674631842178383,2.627346115997445,0.5156302717070904,-0.025308920375722292,-0.05673480812179642,-0.502581559543034,1.103424072265625,180,68.36337495319479,gradient_global,0.92,True
scene_119,mixed,1,Colis VistaPrint,rigid,3229,1.0351028437801404,0.8807680396407557,1.313617005727641,0.047784397548877866,-0.034772914512176484,-0.04990857451610078,-0.44603074944328897,3.1188507080078125,180,60.261931326126245,gradient_global,0.92,True
scene_119,mixed,0,Amazon_A2_Package,rigid,3124,0.9942618642702438,0.8040973111395646,5.478459896398647,-0.43171592076282284,-0.08739234437290842,-0.1254303926784867,2.489633847188916,1.0827010869979858,180,-21.1454680686522,gradient_global,0.92,False
scene_120,mixed,8,Amazon_A2_Package,rigid,4751,0.9919965726166075,0.9155994121352089,2.6278177570005607,-0.40540571532854397,-0.014226550414275615,-0.03169661399616997,25.549931567852557,3.374535083770752,180,-212.9800944765425,gradient_global,0.92,True
scene_121,mixed,1,Ikea Cardboard Package,rigid,5212,1.0068252965646076,0.9102072141212586,4.439795361525156,0.8031787745778618,-0.028445773398421272,-0.04183531633736538,-0.6410401231234882,2.7077178955078125,180,71.31680053685594,gradient_global,0.92,True
scene_121,mixed,3,Amazon_Book_Package,rigid,2932,0.9936488938342346,0.8608458390177354,2.4375399627701335,0.5709416583158031,-0.051249029014136305,-0.03052712382523338,-0.04733775371070777,3.518728494644165,180,1.2791065020071861,gradient_global,0.92,False
scene_121,mixed,4,Amazon_Book_Package,rigid,2936,0.9949676396077953,0.840258855585831,4.98032853810473,0.5123769103198197,-0.04969741341939349,-0.12207896220037802,-0.26124126928959623,0.48197388648986816,180,4.420502415446135,gradient_global,0.92,False
scene_122,mixed,1,Asset_Deformed_Package,soft,9268,0.869389919931027,0.649546827794562,25.170264836570233,-4.913689783412667,-0.012584896839253215,-0.04006353866942708,-0.8951760033005726,2.9548568725585938,180,301.055589645846,gradient_global,0.92,True
scene_122,mixed,5,Ikea Cardboard Package,rigid,5823,1.0242438177726454,0.9021123132405976,2.921453915195241,0.5592765203235317,-0.037510118974739944,-0.0259391094244076,0.616183591173088,2.392425537109375,180,-67.220502374656,gradient_global,0.92,False
scene_123,mixed,2,Colis VistaPrint,rigid,3359,1.0768707836969111,0.8508484668055969,6.6972284218874165,0.019352777407666277,-0.03499609740833913,0.05861446134393833,-0.03488461457077209,3.753695011138916,180,4.72877568266732,gradient_global,0.92,True
scene_124,mixed,3,Big Package cardboard,rigid,19912,0.968648774367848,0.9552531137002812,7.020214753368424,1.4502648120700012,-0.010827453211249278,0.004559346224769208,-0.5432807217293892,0.7245101928710938,180,370.8753015382665,lateral_neighbor,0.75,True
scene_124,mixed,2,Big Package cardboard,rigid,16828,1.1829998783833453,0.7913596386974091,1.0639141881885097,1.2439028843989064,-0.016857494545393224,0.08471337380904187,-0.4496813008175633,3.570218563079834,180,307.0223419587732,gradient_global,0.92,False
scene_126,mixed,7,Asset_Deformed_Package,soft,13156,0.8766842492128152,0.6742930982061417,24.131686790659124,-5.535895317036577,-0.03000333559318052,-0.0846418726320852,-0.8967183775813049,0.6686151027679443,180,300.9623653704222,gradient_global,0.92,True
scene_127,mixed,7,Big Package cardboard,rigid,17955,0.9808996315961128,0.959621275410749,1.8772843276932734,0.10226239126587267,-0.016244198842145327,0.09934199579424718,-0.49067037694386395,3.2849655151367188,180,333.75808932582447,gradient_global,0.92,True
scene_129,mixed,3,Gros Carton,rigid,18178,0.9912994694348378,0.9627571790075916,4.50638916260295,-1.2356733251132068,-0.016718256411948497,0.02632477114967823,1.9045168553857075,2.1470108032226562,180,-216.8796683937218,gradient_global,0.92,True
scene_130,mixed,7,Colis VistaPrint,rigid,3126,1.0007653812706172,0.8886756238003839,4.264232928490941,0.28167377468252264,-0.05045894806829575,-0.007209331142032341,-0.6031579932255445,3.2496566772460938,180,81.70781645455149,gradient_global,0.92,True
scene_130,mixed,5,Amazon_A2_Package,rigid,3126,0.9948259933241399,0.808381317978247,6.318606277959697,-0.4021668746298137,-0.08746751344870632,-0.0616738643401638,0.10348779918992983,2.6176271438598633,180,-1.2631833927996963,gradient_global,0.92,False
scene_131,mixed,0,Asset_Deformed_Package,soft,9421,0.8868127838294338,0.6366627746523723,24.346259419942445,-5.422410135934086,-0.04151183825481335,-0.10594352726829381,-0.8957654949497511,0.216583251953125,180,300.7502295642082,gradient_global,0.92,True
scene_131,mixed,1,Asset_Deformed_Package,soft,9321,0.8773923765769945,0.6657011050316489,21.698527587473123,-5.6655454906138765,-0.014411695931591612,-0.062047063373562125,-0.895539789654363,1.42291259765625,180,300.429948141196,gradient_global,0.92,False
scene_133,mixed,11,Gros Carton,rigid,18350,1.0014830916992157,0.9560217983651226,3.472938367323325,-1.3113666063553908,-0.003518001182890563,0.035106802491493255,-0.15414148164902744,3.1843485832214355,180,16.140146837295866,gradient_global,0.92,True
scene_134,mixed,0,Cardboard box,rigid,28042,0.8298618649828429,0.927822551886456,11.862997833906118,-1.3682094564184677,-0.06561007825450432,-0.08982431995075263,-0.6965712023987958,2.29931640625,180,369.0348329665332,gradient_global,0.92,False
scene_134,mixed,6,Colis VistaPrint,rigid,4792,1.0863860706808353,0.8687395659432388,2.263744243302263,0.6407353783491887,-0.025265397598037382,-0.03885775979930642,0.006410955051494864,0.671234130859375,180,-0.22473032833764117,gradient_global,0.92,True
scene_135,mixed,15,Ikea Cardboard Package,rigid,7995,1.0122447076480916,0.9220762976860538,5.487843534235689,0.6050335186387201,-0.02402716571965844,-0.00856117705720509,-0.4115785301498073,1.7485144138336182,180,45.87832425651672,gradient_global,0.92,False
scene_135,mixed,14,Ikea Cardboard Package,rigid,7902,1.0005361885010169,0.9363532835632038,2.8287552882816205,0.6542208185580378,0.01552525991223454,0.05554858345860706,-0.42110042323312596,3.7236921787261963,180,46.974911754350146,gradient_global,0.92,True
scene_136,mixed,0,Cardboard Box.001,rigid,21663,0.9726361755486032,0.9493606610349443,3.6873324198976767,0.08278556298280115,-0.03173313050996645,-0.02470283122516596,-0.8157859846217218,0.032485514879226685,180,335.9010750357526,lateral_neighbor,0.75,True
scene_136,mixed,1,Asset_Deformed_Package,soft,9739,0.9167343962019563,0.6794332066947325,24.910961969604045,-5.8270369812140625,-0.020997615603895185,-0.04568816164940041,-0.8877472686968984,2.5008926391601562,180,297.60496943279463,gradient_global,0.92,False
scene_138,mixed,10,Paper_Shopping_Bag,soft,6309,0.9300559984957937,0.771596132509114,18.07905271879418,-2.28791888407176,-0.1905001551172476,0.010099579701772199,-0.4446294394638497,2.462418794631958,180,35.242726903051526,gradient_global,0.92,True
scene_139,mixed,11,Black Package,rigid,7475,1.1354086576753448,0.8329096989966556,5.847486117686839,0.37840944316092084,-0.018903581742652293,0.014786442552681474,-0.006059289081020183,1.2458871603012085,180,1.317590764055132,gradient_global,0.92,True
scene_139,mixed,13,Black Package,rigid,6789,1.031223667330761,0.8986595964059508,5.331640857913783,0.38291698624470794,-0.03369163479336141,-0.005429517624213968,0.0002979570057413829,1.3948220014572144,180,0.33673406767453784,gradient_global,0.92,False
scene_141,mixed,3,Amazon_Book_Package,rigid,4737,0.9915110187128083,0.9085805934242182,12.294732980444099,0.793952697095146,0.03014149524337213,-0.006965674145602386,0.48119575074657744,1.5462132692337036,180,-6.404460329521022,gradient_global,0.92,True
scene_141,mixed,5,Amazon_Book_Package,rigid,4751,0.9945591772411405,0.8920835729346368,14.37521885618418,1.0242446859325405,0.02389564938907126,0.07831411133367179,0.7090208750198741,0.5718307495117188,180,-9.582301807811945,gradient_global,0.92,False
scene_143,mixed,2,Big Package cardboard,rigid,13801,0.9792587846932685,0.9527570465908267,2.9394876222248287,0.3960566572681623,-0.01981936950022538,0.08205511444629607,-0.32210516556496455,3.3893442153930664,180,219.42714596989123,overlap_matched_parcel,0.7,True
scene_145,mixed,5,Big Package cardboard,rigid,16432,1.1445272419198322,0.8156645569620253,3.4252448513332077,4.8116429295680385,-0.02699936044568892,0.07750427261079043,-0.592395626471668,3.128450632095337,180,407.59268590675936,gradient_global,0.92,True
scene_147,mixed,15,Куб,rigid,3048,1.1290493134955826,0.8625328083989501,3.7242012889815728,0.04281485242796368,-0.06433918590318856,-0.00028226980630210785,0.001240918297824718,0.0901947021484375,180,-0.06869405618109559,gradient_global,0.92,True
scene_148,mixed,7,Ikea Cardboard Package,rigid,7844,1.032353527933642,0.918281489036206,5.791328785371813,0.6912114353782028,-0.004605083901113587,0.024507669069800668,0.01519755115217393,3.218996047973633,180,-0.9804989560676103,gradient_global,0.92,True
scene_148,mixed,5,Ikea Cardboard Package,rigid,6777,0.9942578227420038,0.9213516305149771,5.370742314733021,0.6585611289332549,-0.03477372134248048,-0.0561190612655547,0.013279285820125844,1.1357040405273438,180,-0.8021426301265122,gradient_global,0.92,False
scene_148,mixed,6,Ikea Cardboard Package,rigid,7006,1.0277878807314176,0.9127890379674565,1.357410575419725,0.6845080007795712,-0.03483771919898887,-0.02875426213970933,0.017936624606568554,1.3487365245819092,180,-1.288496823617702,gradient_global,0.92,False
scene_149,mixed,6,Amazon_Book_Package,rigid,4461,0.9907329232444388,0.9188522752746021,4.983672072536315,0.3093689514448439,-0.01073509827504037,-0.014108510099269642,21.360068338761533,3.7616653442382812,180,-319.23548853559487,gradient_global,0.92,True
scene_150,mixed,12,Asset_Deformed_Package,soft,19748,0.8536089220318104,0.6916143406927284,23.104775965294174,-5.719185489601708,-0.02968514636104022,-0.06967589977779391,-0.8949900492488474,0.33538055419921875,180,300.1811484292759,gradient_global,0.92,True
scene_150,mixed,16,Asset_Deformed_Package,soft,14331,0.9413124306203376,0.6531295792338287,24.27367781409579,-6.837956861490468,-0.06226137760867358,-0.08771662438722787,-0.894384868501356,2.1240861415863037,180,298.855531190336,gradient_global,0.92,False
scene_151,mixed,8,Black Package,rigid,2972,0.985886531982913,0.9098250336473755,3.996315440345231,0.7353291763617653,-0.04169718980675922,-0.07620567191124447,-0.9282623279280098,0.7143123745918274,180,144.61224749953473,lateral_neighbor,0.75,True
scene_151,mixed,9,Colis VistaPrint,rigid,3556,1.0210892849798698,0.8852643419572553,3.1797419083276277,0.9559390460671668,-0.044348136646933316,-0.059671977539568495,-0.262746279443666,1.2905349731445312,180,36.42576413498277,gradient_global,0.92,False
scene_151,mixed,5,Colis VistaPrint,rigid,3313,1.056672922271681,0.8490793842438877,2.5033123701223885,0.8282233775778469,-0.035883654403321114,-0.07490554258293933,-0.8042299592146454,1.0170364379882812,180,109.39644381064814,gradient_global,0.92,False
scene_151,mixed,3,Colis VistaPrint,rigid,3357,1.0712799760665916,0.860291927316056,6.215257745046354,1.0057322639452637,-0.02272105832426578,-0.07329575443129886,-0.8456646590201734,0.5627569556236267,180,115.16749167243198,gradient_global,0.92,False
scene_152,mixed,15,Asset_Large_cartoon_Box,rigid,15211,0.9959937049201211,0.9609493129971731,3.3248849675430536,-0.49034047837037686,0.007142845962648611,0.022060411391826223,0.009550581778109012,2.5928361415863037,180,-3.747566382432815,gradient_global,0.92,True
scene_154,mixed,6,Gros Carton,rigid,18169,0.9921673170200893,0.9609774891298365,3.0299540088279335,-3.049029631306821,-0.022090653594080877,3.7508773782757336e-06,2.6760146235812834,1.3022609949111938,180,-306.0541648989859,gradient_global,0.92,True
scene_155,mixed,1,POP_Drinks_Pack,rigid,4822,0.965422666914757,0.8094151804230609,9.655643615341525,0.054649276167495486,-0.08791983125990102,-0.123477739073803,-0.9269845554409507,0.808030366897583,180,119.61694725377326,overlap_matched_parcel,0.7,True
scene_156,mixed,2,Big Package cardboard,rigid,15608,1.1118392984560181,0.8186474145378255,12.091968938415894,0.1360460207977532,-0.014424277669555249,0.2243847582765461,-0.16826602662545323,3.9225311279296875,180,114.55692628470695,gradient_global,0.92,True
scene_157,mixed,8,POP_Drinks_Pack,rigid,10833,0.9181746534477437,0.8835041078187021,6.644370689768788,3.1932868174424645,-0.03992527825449321,-0.03965970915054874,0.07963997099557428,3.3257598876953125,180,-7.072719605165978,gradient_global,0.92,True
scene_158,mixed,11,Amazon_A2_Package,rigid,6453,0.991460599038787,0.8479724888952572,12.464870975317035,-0.44584770405431406,0.051461394520443945,0.11558504916177263,0.41122971336771313,2.8745365142822266,180,-3.8672788464557684,gradient_global,0.92,True
scene_158,mixed,14,Amazon_A2_Package,rigid,4581,0.9923223230569007,0.8195167286245353,16.833200537338556,-0.4749002145728043,0.12422316571261288,0.07766857392016435,2.8687298041879705,3.2102813720703125,180,-24.34273167744061,gradient_global,0.92,False
scene_161,mixed,7,China Package,rigid,8531,1.2294495804579317,0.7836127065994608,1.9243389639503554,0.3966993601820512,0.004532351894848454,0.053607533558016035,-0.7924427762021026,3.6595230102539062,180,301.5237904501758,gradient_global,0.92,True
scene_162,mixed,2,Storage_Box_with_Lid,rigid,7496,1.0711063959728162,0.8914087513340448,5.373916158773682,0.059981679345288974,0.009113911930588496,-0.004691019018296442,-0.18024524282269455,2.33677339553833,180,34.89056924256173,gradient_global,0.92,False
scene_162,mixed,5,Storage_Box_with_Lid,rigid,7376,1.0539462826738566,0.8905911062906724,5.878107204590593,0.059886394703778656,-0.02147721486922749,-0.03272814983794076,-0.18032767466539135,1.0993118286132812,180,34.90640308575787,gradient_global,0.92,True
scene_163,mixed,2,Asset_Deformed_Package,soft,13361,0.8871737787209728,0.656537684305067,22.54634141728802,-5.513868607068484,0.0018526845970931168,-0.04257654825332808,-0.894036164115242,3.4507827758789062,180,300.0623196462572,gradient_global,0.92,True
scene_164,mixed,9,Colis VistaPrint,rigid,6883,1.0999129612078289,0.8465785268051722,4.97896777636085,3.4112010415265903,-0.04765525901752944,0.023467622979111584,0.012363701217919153,1.832349181175232,180,1.7426217869805916,gradient_global,0.92,True
scene_164,mixed,6,Amazon_A2_Package,rigid,3953,0.9936792676991372,0.8530741410488246,18.185676922936587,0.9336719546643724,-0.00034931327268130806,0.09862686675080207,30.613632842491864,2.7651023864746094,180,-263.52449319668625,gradient_global,0.92,False
scene_165,mixed,4,Colis VistaPrint,rigid,3214,1.0304663096697868,0.8833229620410703,4.375383694601515,0.014854402181962989,-0.020154974551110098,-0.02817682014551351,-0.11011239347827396,2.880286455154419,180,14.880027430926535,gradient_global,0.92,True
scene_165,mixed,5,Amazon_A2_Package,rigid,3149,1.0022110331426324,0.8059701492537313,4.918929635013522,-0.4265840292618072,-0.10235331562494845,-0.12573366211750298,2.50135949712089,0.18129248917102814,180,-21.237894918154613,gradient_global,0.92,False
scene_165,mixed,0,Amazon_A2_Package,rigid,3123,0.9939483235659262,0.8126801152737753,3.902747801304025,-0.42912202342721384,-0.07207741965563462,-0.08309655861596453,2.5022442318288465,3.818511962890625,180,-21.24779390504524,gradient_global,0.92,False
scene_166,mixed,6,Куб,rigid,3292,1.120132931643285,0.8405224787363305,3.25034520170729,0.0637535173574344,-0.022775526500296874,0.013577052213395299,-0.489662782790549,3.8402554988861084,180,44.05994917920309,gradient_global,0.92,True
scene_166,mixed,0,Cardboard box,rigid,28037,0.833624536911322,0.931982737097407,10.708871775190502,-2.594004095820557,-0.0594136771939067,-0.1337881238656001,-0.9356423673474696,0.06256802380084991,180,494.943120416158,gradient_global,0.92,False
scene_167,mixed,13,Amazon_Book_Package,rigid,7024,0.9896518592295414,0.907427341227126,12.280461739473454,0.8726490961312727,-0.006432020310834077,0.05757487209748151,-0.02370663142878615,2.694061279296875,180,1.2272806760003085,gradient_global,0.92,True
scene_167,mixed,8,POP_Drinks_Pack,rigid,9871,0.9154333006308967,0.8897781379799412,1.7082735644833373,0.8160485371672133,-0.06320258274793436,-0.07247909407009735,-0.8849888164949057,1.0447081327438354,180,114.9555892865819,gradient_global,0.92,False
scene_167,mixed,11,Amazon_Book_Package,rigid,5119,0.99281474475078,0.7825122762553461,22.961715723549624,1.2598768987107656,0.0703032797520216,0.13628866368459694,12.861293887619558,1.2094879150390625,180,-191.13443201977637,gradient_global,0.92,False
scene_167,mixed,12,Куб,rigid,2770,1.0164435150734963,0.9620938628158845,2.3326177070127723,1.2861287203196348,-0.009106076453541168,0.022454652337400776,-0.8278236011176152,1.75057053565979,180,75.66196311359957,overlap_matched_parcel,0.7,False
scene_167,mixed,9,Amazon_Book_Package,rigid,2320,0.5525049695302616,0.9548654244306418,70.03608814689065,1.0216622379815021,-0.30102646996736176,-0.16420746158243185,0.1892635036426394,87.77453255653381,180,-1.8095630885673342,gradient_global,0.92,False
scene_169,mixed,4,Asset_Deformed_Package,soft,13288,0.8806053946189362,0.6798615291992776,22.13810727566094,-6.87027885643976,-0.07263042541639135,-0.07122499292849155,-0.8946503824986971,3.5315589904785156,180,298.9140860806955,gradient_global,0.92,True
scene_169,mixed,6,Amazon_Book_Package,rigid,2891,0.9796819145352682,0.8287789692148045,4.378135082151723,0.8413232211203405,-0.08209765260371264,-0.11949572899452862,-0.3857578021128957,0.6157568097114563,180,6.612125272972107,gradient_global,0.92,False
scene_170,mixed,5,Asset_Deformed_Package,soft,20826,0.906943780563202,0.6438106213387113,28.44592961310624,-4.674173392577696,-0.06049015090401478,-0.08070987168744775,-0.886765076773343,2.6076624393463135,180,298.4196454776671,gradient_global,0.92,True
scene_171,mixed,14,Amazon_Book_Package,rigid,5335,0.9914663607200642,0.869777628032345,15.082723562729843,0.17402432350899222,0.05790248980108399,0.0746217936446334,1.0611071940353571,2.3068313598632812,180,-15.700100657906724,gradient_global,0.92,True
scene_171,mixed,13,SM_Little_Package,rigid,2479,1.0798578716419431,0.8261395724082291,5.240498249052539,-4.228870422818942,-0.08033422851103794,-0.014046713029445329,-0.030197844527818478,1.2315484285354614,180,-1.139940425250452,gradient_global,0.92,False
scene_171,mixed,7,SM_Little_Package,rigid,2551,1.1112284014616656,0.8024304194433556,3.024642157156423,-4.234799816431267,-0.08000877702748893,-0.020636667410641043,-0.030345889866195325,0.53814697265625,180,-1.1307262980631005,gradient_global,0.92,False
scene_172,mixed,0,China Package,rigid,5345,1.1448292779589004,0.8132834424695977,4.710725702606312,0.48319579103389687,-0.003771530482169354,-0.016171635982190832,-0.8876272341869325,3.3704185485839844,180,337.77996320202925,gradient_global,0.92,True
scene_172,mixed,4,Asset_Deformed_Package,soft,9311,0.8739630834454246,0.5136934808291268,95.02917508169976,-6.724862249418983,-0.05136466946077012,-0.48837746873225046,-0.8722483844936436,3.176982879638672,180,291.4082376283835,gradient_global,0.92,False
scene_173,mixed,7,Amazon_A2_Package,rigid,4708,0.982936733281862,0.9001699235344095,3.487217551378777,-0.43435976653766195,-0.0537026502762178,-0.08193140358311385,41.99708428787288,0.196685791015625,180,-349.84700463080407,gradient_global,0.92,True
scene_175,mixed,2,Gros Carton,rigid,18181,0.9926685007277486,0.9634783565260436,3.0967208987034813,-2.9348010453063567,0.009175102722141506,-0.00011727968185975422,0.796112361798715,2.209660053253174,180,-93.07858633695312,lateral_neighbor,0.75,True
scene_175,mixed,11,Amazon_A2_Package,rigid,3826,0.9942137331667203,0.892990770765777,8.031457619692269,-0.44512647353359136,-0.025539335843914074,0.12044514218875073,12.245940456003021,0.4686279296875,180,-102.3313313615411,gradient_global,0.92,False
scene_175,mixed,9,Carton Magdeleine,rigid,2144,0.9847424168809757,0.7762419006479482,7.981430386152796,5.554900941925734,-0.013459952155680768,0.0064266444791459855,-0.15189245208702545,1.6543655395507812,90,24.845238626009763,gradient_global,0.92,False
scene_176,mixed,14,Carton Magdeleine,rigid,4013,1.0349323555930519,0.8771492648891104,5.62842447361331,0.008514054064878707,-0.02138521690648166,-0.058173225747421176,-0.8908985215355365,1.4375120401382446,90,113.15262587476349,gradient_global,0.92,True
scene_176,mixed,15,Куб,rigid,3980,1.0755846939680276,0.8529559118236473,5.027109355092687,0.005641658218480394,-0.053079996866477464,0.10145052325770777,0.054454034678136656,1.5573076009750366,180,-4.887597880040673,gradient_global,0.92,False
scene_176,mixed,20,Envelope_Stack,soft,6116,0.62162258333082,0.69965298552112,24.072709748000143,-2.0406471804247373,0.0227348354376491,-0.06862270972958996,8.898622015367422,1.7917239665985107,90,-71.09395376681415,gradient_global,0.92,False
scene_177,mixed,0,Cardboard Box SQ01.001,rigid,15901,1.0433658542237503,0.9193132507389472,4.292358738141553,-1.3118077124592564,-0.0049626272251861924,0.08999501276319294,-0.8939711471410713,3.556976318359375,180,273.369765181308,lateral_neighbor,0.75,False
scene_177,mixed,1,Colis VistaPrint,rigid,3236,1.0375187101736283,0.5039948865452221,165.55532244654114,0.009977960770346517,1.2193066689708232,0.6856747607252967,-0.046910737320439586,3.9619979858398438,180,6.342927458064513,gradient_global,0.92,False
scene_177,mixed,6,POP_Drinks_Pack,rigid,2296,0.4082881926203492,0.7297470381043868,80.6040088560907,7.087762645179407,-0.25461901711305146,0.045004381655676856,0.059465563744705845,88.47480881214142,180,-0.5821057169996535,gradient_global,0.92,False
scene_177,mixed,8,Colis VistaPrint,rigid,3983,0.9977239421724665,0.8837559628420788,8.949020922370636,0.015371034154776364,-0.05515363528983763,-0.06352168954108814,0.009229623591188469,0.7215962409973145,180,-1.2306281425958354,lateral_neighbor,0.75,True
scene_179,mixed,8,Storage_Box_with_Lid,rigid,4303,1.0365702240642254,0.8977457587729492,2.6060645770323387,0.3914678309169528,-0.020827029285149356,-0.01691356024890182,-0.7019026141209793,3.2717387676239014,180,136.01965159688368,gradient_global,0.92,True
scene_180,mixed,12,Colis VistaPrint,rigid,4817,1.087807333218969,0.8717043803197011,2.010753693568342,0.04459026696723711,-0.01566726258982348,-0.003164636414437027,-0.18468326472280136,2.7189865112304688,180,24.97682962503661,lateral_neighbor,0.75,True
scene_180,mixed,9,Colis VistaPrint,rigid,4562,1.0301810884471176,0.8833844804910127,1.7770830494021743,0.040185237011103325,-0.04054514486628194,-0.0032851883991377702,-0.18423381582548778,1.9931939840316772,180,24.911748997300364,lateral_neighbor,0.75,False
scene_180,mixed,10,Colis VistaPrint,rigid,4035,1.0149707796003224,0.8852540272614622,5.611155337774678,0.0450789198899737,-0.05317494837572551,-0.08184880763477395,-0.8150653521564676,0.2041168212890625,180,110.07889537280651,gradient_global,0.92,False
scene_184,mixed,1,Big Package cardboard,rigid,14462,1.0295149308940805,0.9116304798783017,4.906008035809897,0.08223522999317723,-0.001860549450048943,0.1290938522242356,-0.4500595563851079,3.7688064575195312,180,306.12264817333454,lateral_neighbor,0.75,True
scene_184,mixed,2,Cardboard Box SQ01.001,rigid,15612,1.0240631746514113,0.9366512938765053,3.0090062491524754,-1.2597048723575477,0.0006266434495240701,0.0784545392231827,-0.2569189609477284,3.8442764282226562,180,77.68119304051139,gradient_global,0.92,False
scene_186,mixed,7,Envelope_Stack,soft,6474,0.6223084687716045,0.567300232738557,52.63654233290085,-2.069451355973473,0.31729836027811387,0.1301772546372846,3.6908512079243607,3.2992146015167236,90,-30.710454793601905,gradient_global,0.92,True
scene_187,mixed,2,Asset_Deformed_Package,soft,12704,0.8600006429592199,0.525110201511335,50.34234691892762,0.9025814351483197,-0.0398716088699463,-0.017788045046096285,-0.8857602572684716,3.2593994140625,180,303.53625958004085,gradient_global,0.92,True
scene_188,mixed,3,Asset_Package_in_paper_with_rope,rigid,3553,0.8633248943320991,0.8530819026175064,8.872743413570188,-22.14010019626628,-0.0947429061509368,-0.15652848410408043,-0.07610480808071661,2.7062149047851562,180,-11.640721421096206,gradient_global,0.92,True
scene_189,mixed,7,Ikea Cardboard Package,rigid,6091,0.9954853243202244,0.931209981940568,4.840685784563396,0.23801367417181085,-0.027059103132216922,-0.017310638213383765,0.004367886347862798,2.718902349472046,180,-0.24245324473023966,gradient_global,0.92,True
scene_189,mixed,9,Ikea Cardboard Package,rigid,5303,1.0192963147389662,0.9115594946256835,4.134013827074594,0.24948481766735864,-0.0059182033259079,0.018477564679901384,-0.24428045429365283,3.4547271728515625,180,27.120302388251105,gradient_global,0.92,False
scene_190,mixed,10,China Package,rigid,5457,1.15363135004722,0.8140003665017409,4.910255587323792,0.13769850402278738,-0.008299444236192513,0.03175226449056805,-0.9576612500902946,2.4164962768554688,180,364.0486266279286,gradient_global,0.92,True
scene_191,mixed,11,Gros Carton,rigid,24847,0.9911558981031108,0.9686078802269892,2.88068977619958,-2.7704355222465393,0.02152036676000281,0.04417975524127032,0.002009105841221044,3.122086763381958,180,-2.997906366393077,gradient_global,0.92,True
scene_192,mixed,16,Colis VistaPrint,rigid,4105,0.9949721001800069,0.9093788063337394,3.4983009296287957,0.2204230080174452,-0.044383033089199574,-0.023425914233338122,0.01850397634001652,1.5863037109375,180,-2.2776087685212887,gradient_global,0.92,True
scene_193,mixed,4,Black Package,rigid,4157,1.0371974565975033,0.8833293240317537,4.993238941989374,0.4698593148608765,-0.042279253971173644,-0.020689947630139535,-0.7232248926617141,2.6017608642578125,180,112.56825620851995,lateral_neighbor,0.75,True
scene_193,mixed,3,Ikea Cardboard Package,rigid,7510,0.9941800695491525,0.9356857523302263,3.807310960987081,0.6871496841130975,-0.021852026832368223,0.0006159129015575721,-0.4502252469880338,2.980628490447998,180,50.211281188092094,gradient_global,0.92,False
scene_194,mixed,4,Cardboard Box SQ01.001,rigid,20592,0.9959037201011085,0.9535256410256411,2.7963051495508515,-1.255235057067483,-0.01846751050562306,-0.007666302081639215,0.006622761152231922,0.7430469393730164,180,-3.2901966177195097,gradient_global,0.92,True
scene_196,mixed,6,Colis VistaPrint,rigid,4457,1.0420308536311045,0.8853488893874804,3.637395802960343,0.018447588227277212,-0.023328115357285153,-0.022627517819048062,-0.3333481130445283,1.676154375076294,180,45.02044241169239,gradient_global,0.92,True
scene_197,mixed,9,Cardboard Box SQ01.001,rigid,20503,0.9941300842578809,0.9622494269131346,1.251713934677476,-1.3302129826997522,-0.01315476022575531,-0.024721780522337932,-0.68058423409638,0.48293644189834595,180,207.79283892137667,lateral_neighbor,0.75,True
scene_197,mixed,10,Colis VistaPrint,rigid,4767,1.0761857898337104,0.869519614013006,2.0700700013021196,0.07338818911772904,-0.015589041718653615,-0.0035497647195275924,-0.00040978510935108393,3.2298812866210938,180,0.12870916149820832,gradient_global,0.92,False
scene_198,mixed,5,China Package,rigid,5421,1.0364618023735455,0.8902416528315809,4.973479598062918,1.077023560432655,-0.03920710392844796,-0.03290529278090675,-0.7934618681835921,1.1913223266601562,180,302.58560819514474,lateral_neighbor,0.75,True
scene_198,mixed,7,Gros Carton,rigid,17683,0.9961241432136204,0.9582650002827574,3.284369194447105,-1.68928390142431,0.006648090412682274,0.023836959854915418,-0.08027495027087919,2.9884490966796875,180,7.40003994734778,gradient_global,0.92,False
scene_200,dense,34,Paper_Shopping_Bag,soft,8306,0.9328380892241132,0.7584878401155791,34.2819468781836,-2.171047574368812,-0.21443348482769473,-0.025350477505321465,-0.5561456082411615,1.6379036903381348,180,44.784185888065544,gradient_global,0.92,False
scene_200,dense,45,Amazon_A2_Package,rigid,9714,0.9887022218803271,0.9120007736195725,9.736778910298183,-0.46642210501879333,0.03998318460655449,0.049489776428324465,1.265439851021923,0.9357070922851562,180,-10.994850220226615,gradient_global,0.92,True
scene_200,dense,46,Vintage_Envelope,soft,3542,0.9881235386738468,0.8565830721003135,13.550603669307378,0.17851708977367764,-0.01116453453145929,-0.00284631309136841,0.03465462494183258,2.11767578125,180,-0.3361025535961737,gradient_global,0.92,False
scene_201,dense,24,Amazon_Book_Package,rigid,7894,0.987311294726001,0.8850264239577217,12.387045455086534,1.870976165710081,0.00792611058174995,0.0745166782210152,-0.06540923347663646,0.8148520588874817,180,2.8493813354203423,gradient_global,0.92,True
scene_201,dense,25,Vintage_Envelope,soft,3125,0.9869482947289826,0.662936142198815,22.74614236206915,1.0819729072272244,0.04299267675678529,0.4193502575129389,0.7474088667547296,0.38038715720176697,180,-10.015722094053658,gradient_global,0.92,False
scene_202,dense,31,Carton Magdeleine,rigid,5219,1.0607089995050443,0.8725809542057865,2.652064602313587,0.8402075111381135,-0.027756202212179743,-0.008041829717531326,-0.9045486136287542,3.402249336242676,90,115.71333999196598,gradient_global,0.92,True
scene_202,dense,34,Small Packet,rigid,4538,0.8530449030205521,0.8375936535918908,9.963417149052063,0.26744119808741473,-0.15605902721488019,-0.05578022469975484,-0.025607652654866035,2.547666311264038,180,1.163673608921778,gradient_global,0.92,False
scene_203,dense,31,Amazon_Book_Package,rigid,9867,0.9980146056945561,0.9334119033588686,9.000163487193376,5.425534774541774,0.00800878929103902,-0.013857764251170121,0.5682975561940499,1.0880526304244995,180,-4.002870512568313,gradient_global,0.92,False
scene_203,dense,30,Small Packet,rigid,5542,0.8435670629941998,0.6934319740166005,30.393266160008597,2.8326532955877948,-0.23406498302637496,-0.1819026941891916,-0.4451208035672187,0.5286184549331665,90,18.363715597436546,gradient_global,0.92,True
scene_203,dense,19,Small_Shipping_Bag,soft,5428,0.8466375176307813,0.866617538688283,13.852094242622961,5.5299282835472585,-0.15453317236455463,-0.09012386012268041,-0.22191418158655585,0.297332763671875,180,13.275124567271313,gradient_global,0.92,False
scene_203,dense,33,SM_Little_Package,rigid,3933,1.0442856764612622,0.8286295448766845,2.2353728831728,2.0391738756211364,-0.0930253731228236,-0.06723114568653094,0.16663361175911448,0.1861094981431961,180,-14.957937231553696,gradient_global,0.92,False
scene_204,dense,31,Amazon_Book_Package,rigid,8500,0.9891570223672963,0.9322053540387066,4.171393921164172,0.22643834903890436,0.060004154117984536,0.04928180176817186,0.07927922861414372,2.4255218505859375,180,-0.9595768757011403,gradient_global,0.92,True
scene_204,dense,36,Space_Food_Bag,soft,3027,0.8650569436753316,0.7752477899812483,11.025661098537189,-0.3562189039754138,0.07881667803010746,-0.014834309243212775,1.5922481412644605,2.5851974487304688,180,-44.71617599322553,gradient_global,0.92,False
scene_205,dense,31,Small_Shipping_Bag,soft,5222,0.8562169537013146,0.7131367292225201,26.048707238910055,0.93000240413188,-0.09346768039975924,-0.30754138845398266,-0.07163794821742142,0.5045623779296875,180,3.437088893676332,overlap_matched_parcel,0.7,False
scene_205,dense,18,Paper_Shopping_Bag,soft,8130,0.9429388281660451,0.6548585485854859,48.74877786537511,-0.5584496801198657,-0.24519164186058445,-0.061121706641573716,-0.5871861684630609,87.26860809326172,180,49.012899549992994,gradient_global,0.92,False
scene_205,dense,46,Vintage_Envelope,soft,3655,0.9871640567770503,0.7956791542174213,21.851935357277032,1.102751501492083,0.1829179024157589,0.11602104412237281,-0.05012636403725446,3.0638504028320312,180,1.8470562520356282,gradient_global,0.92,True
scene_206,dense,35,Amazon_A2_Package,rigid,8914,0.9918721391507564,0.8570581843327076,21.175666480362427,0.5648900365868847,0.11525019913408917,0.08235028132010212,2.6568913678203043,1.5594482421875,180,-28.866421036676915,gradient_global,0.92,False
scene_206,dense,33,Small Packet,rigid,4682,0.8506705195533402,0.9098675779581376,4.975275580508463,2.1791899045515706,-0.06700038723259938,-0.08392162142956941,-0.2986894295212643,3.1714096069335938,180,12.626005010767383,gradient_global,0.92,True
scene_207,dense,21,Storage_Box_with_Lid,rigid,12578,1.0941922010175111,0.8921927174431548,4.91638278203996,0.03233672291669265,-0.01431867087545927,-0.015773988138086815,-0.9424844167940651,0.3899082839488983,180,182.14859237494096,gradient_global,0.92,True
scene_208,dense,38,Colis VistaPrint,rigid,7708,1.0590190289511574,0.893227815256876,1.9300644333472579,0.04668907727134464,-0.028195109318499945,-0.010347946795457216,-0.534773694773286,1.9842509031295776,180,72.2411331977626,lateral_neighbor,0.75,True
scene_208,dense,45,Black Package,rigid,6191,0.9944604014991498,0.9113228880633177,3.463113701251589,0.04848780469501879,-0.016755726613691225,-0.024695189135778704,-0.5925683597642027,1.1535258293151855,180,91.89657762185787,lateral_neighbor,0.75,False
scene_208,dense,44,Amazon_A2_Package,rigid,7450,0.9907664078816296,0.9176262178919398,11.533130097154576,-0.4587984422559366,0.03623986426152967,0.04296749415240422,7.743509200587503,2.7135391235351562,180,-64.8847908201765,gradient_global,0.92,False
scene_208,dense,37,Small_Shipping_Bag,soft,3375,0.8574182398449962,0.9054814814814814,1.0911481181888654,0.01632043906574232,-0.07742475540791388,-0.0996087170628832,0.06050345154131567,1.7672805786132812,180,-2.1013002277845416,gradient_global,0.92,False
scene_209,dense,26,Asset_Package_in_paper_with_rope,rigid,8833,0.8312657413400265,0.8939205253028416,12.984139965264392,-22.246572230460558,-0.0676819112327398,-0.0926283562890517,-0.7057035575517654,0.5544357299804688,180,75.11228654924551,gradient_global,0.92,True
scene_209,dense,20,Amazon_A2_Package,rigid,6486,0.7093503801253019,0.6372931379782861,11.042697466372223,14.881169228142976,-0.014245424182165546,0.03633017771676204,8.031648909038896,1.4505157470703125,180,-51.94214693579502,gradient_global,0.92,False
scene_210,dense,38,Amazon_A2_Package,rigid,8181,0.991241732237409,0.8811026237130521,8.501986775419251,-0.4650401636002721,0.015615390579662772,0.11011494745162398,0.9384822722668589,0.6858663558959961,180,-8.27321106604506,gradient_global,0.92,True
scene_210,dense,23,Amazon_Book_Package,rigid,7582,0.9900919744472186,0.8967147834743654,14.478021325341171,0.07061893187065849,0.04809812305847893,0.03245293555077081,0.6807440977521757,2.1685409545898438,180,-10.113310680004762,gradient_global,0.92,False
scene_211,dense,23,Amazon_Book_Package,rigid,8158,0.9898969349059776,0.9519490071095856,2.448828787121156,0.035461307226869465,-0.021414706536087343,-0.03922626341796218,0.93711170271981,0.7341597676277161,180,-13.983728570613252,gradient_global,0.92,False
scene_211,dense,42,Vintage_Envelope,soft,3230,0.9901482688519354,0.8987616099071207,3.62155825938117,0.03592753152115158,-0.0435479580185014,-0.01920974116871004,-0.04923011200210186,3.4637451171875,180,0.7669946324438959,gradient_global,0.92,False
scene_211,dense,43,Amazon_Book_Package,rigid,8228,0.9893508431684301,0.9316770186335404,0.3928993262424091,0.03556746470301242,-0.009670700327296644,0.09362921805422995,-0.448511576629428,3.8804473876953125,180,6.7453000792121465,gradient_global,0.92,True
scene_212,dense,11,Storage_Box_with_Lid,rigid,11946,1.0005783180081105,0.959149506110832,1.890451711299968,0.034102397179935906,0.00684039382565383,0.030214127246292168,-0.2519059692455937,3.1009554862976074,180,48.7098914086942,gradient_global,0.92,True
scene_213,dense,35,Amazon_Book_Package,rigid,8858,0.988539612728187,0.946827726349063,2.884318751538346,0.8093395455464059,-0.01045359778802458,0.011652351119768901,0.15700695714182336,2.6277923583984375,180,-1.5394306172207273,gradient_global,0.92,False
scene_213,dense,34,Small Packet,rigid,4930,0.8541775159064741,0.9172413793103448,4.45225470255765,0.2023649993865284,-0.07179856406562506,-0.06366065324701799,-0.2596708381978883,3.9475033283233643,180,9.290635714843676,overlap_matched_parcel,0.7,False
scene_213,dense,31,Vintage_Envelope,soft,3392,0.9899668779663758,0.8723986856516976,10.775660782790341,0.49622168006968614,0.004264947001060192,0.006291546237829823,-0.0013671703046271005,2.9585037231445312,180,0.5165236930602113,gradient_global,0.92,True
scene_213,dense,42,Vintage_Envelope,soft,2937,0.9901675416410622,0.8985215053763441,2.826916487095167,0.505131657201563,0.014380836740904578,-0.06304203078519074,0.4213338036717741,2.918853759765625,180,-5.7515317054690485,gradient_global,0.92,False
scene_214,dense,45,Small_Shipping_Bag,soft,5770,0.8552561434904826,0.9263431542461005,2.436468523062085,0.12786075900894645,-0.0910957987722317,-0.07911430367479466,-0.2360024864675454,0.5767449736595154,180,8.387875856720406,gradient_global,0.92,False
scene_214,dense,10,Куб,rigid,6964,1.180408867179866,0.8363009764503159,5.905550112939065,0.41505879525249867,-0.03098245257691768,0.017536009060148402,-0.87253516085027,1.2587778568267822,180,78.82038559148397,gradient_global,0.92,True
scene_215,dense,16,China Package,rigid,11050,1.0932244967555262,0.8809049773755656,2.7658286608513096,0.18884050973566602,-0.013430258050061044,-0.011629948152379827,-0.6498732449994682,1.2664260864257812,180,247.14038606902832,gradient_global,0.92,False
scene_215,dense,20,POP_Drinks_Pack,rigid,12361,0.918200766035752,0.9098778415985762,1.4073248397704494,-0.020182373493771166,-0.05320059908517557,-0.076757433231685,-0.9047578088758345,0.5700040459632874,180,116.67534393970713,overlap_matched_parcel,0.7,True
scene_215,dense,29,Colis VistaPrint,rigid,8986,1.1031134325193146,0.8574449143111507,6.590052385820014,0.20163460678657152,-0.035476346274203284,-0.001102236619586491,-0.18591324311169283,1.330474853515625,180,25.29989320345638,gradient_global,0.92,False
scene_216,dense,18,SM_Little_Package,rigid,2594,1.026927307994162,0.8404009252120278,3.1880650197271416,-3.9200038036472096,-0.011427627081738534,-0.06328523600899473,-0.024599067394752632,3.494051694869995,180,-1.4043234922527237,gradient_global,0.92,False
scene_217,dense,27,Carton Magdeleine,rigid,6762,0.9481862799791415,0.7531795326826383,4.049951750585307,17.768950642530257,-0.10511682160669397,-0.046632751833269606,-0.7063184845593536,2.646880626678467,90,106.17638664250772,gradient_global,0.92,True
scene_217,dense,25,Amazon_Book_Package,rigid,10049,0.9854044631532759,0.693921568627451,40.123816170876204,9.23024239713377,-0.017038223660679967,-0.058779290898811704,-0.07632349246100804,0.252982497215271,180,12.236999838244,gradient_global,0.92,False
scene_217,dense,24,Carton Magdeleine,rigid,5852,0.974207043460086,0.7397470950102529,5.013702808663397,17.641533145075215,-0.10106716014993943,-0.09663945129019919,-0.6877267857889496,1.2971725463867188,90,103.72191066490987,gradient_global,0.92,False
scene_218,dense,26,Black Package,rigid,8779,1.163932910163291,0.8210502335117895,6.835058635438272,3.2790861817881822,-0.02088456635987912,-9.623389969665756e-05,0.02252222717212944,2.1176939010620117,180,-0.21079646807753427,gradient_global,0.92,False
scene_218,dense,22,Amazon_Book_Package,rigid,8837,0.9880739086760166,0.5183703164787196,92.69867730518904,1.7688662618804418,0.4318110300610384,0.4383261550432395,8.579092547806129,2.2099227905273438,180,-126.53529358707627,gradient_global,0.92,True
scene_218,dense,30,SM_Little_Package,rigid,2886,1.0263825578993517,0.843035343035343,3.6318119541188603,-4.042827882392852,-0.012236622088091634,-0.09061878537145261,-0.4624375558819757,2.6921844482421875,180,43.245511865316445,gradient_global,0.92,False
scene_219,dense,29,Куб,rigid,6979,1.1713915635269314,0.8425275827482447,6.995217718403513,0.06637001751497174,-0.013952680852573325,-0.021267232173362394,-0.697941492206705,1.0701342821121216,180,62.77640489229075,gradient_global,0.92,True
scene_220,dense,24,Carton Magdeleine,rigid,5834,1.156430612248462,0.8164209804593761,7.414141130465833,0.044937054439753155,-0.04026137632537683,0.02009596986138416,-0.926148394060302,1.5927734375,90,117.66576618808023,gradient_global,0.92,True
scene_220,dense,40,Vintage_Envelope,soft,3108,0.9914005110708614,0.8900828983727357,7.116771615491937,0.02381146181085203,-0.0019661426268534478,0.04015858110414513,0.0014292957525752848,3.292377233505249,180,0.0025864229369343406,gradient_global,0.92,False
scene_220,dense,14,Paper_Coffee_Bag,soft,2221,1.030483578355537,0.9774876181900045,9.827537770118584,-0.5330275550567976,0.0009535683784016404,0.06328318449592836,-0.7766143446942009,2.9340133666992188,180,57.54995093320747,gradient_global,0.92,False
scene_221,dense,26,SM_Little_Package,rigid,3505,1.046986400960427,0.8456490727532097,5.743407904915244,-4.247234298413338,-0.061548703717658255,-0.06922767232212768,-0.7541863420305711,0.7859715819358826,180,72.89846379684806,gradient_global,0.92,False
scene_221,dense,32,Amazon_Book_Package,rigid,7534,0.9900154808015438,0.9458455003981948,2.5477579317595254,0.07682156568455945,-0.0217133469410512,8.197801856612549e-05,0.7661717557020562,1.91267991065979,180,-11.385104507494525,gradient_global,0.92,False
scene_221,dense,40,Amazon_A2_Package,rigid,8030,0.9904655060417727,0.8565479452054795,15.54695245909558,-0.47318855598244003,0.09775349859410053,0.04418451522583258,1.8488550485763842,2.318174123764038,180,-15.855658007740692,gradient_global,0.92,True
scene_222,dense,40,Louis_Vuitton_Package,rigid,4083,1.046371278064238,0.8927259368111683,5.872981821778309,0.13822347142111724,-0.02384626185589319,-0.03588861106306558,0.06136133041112966,1.584503173828125,180,-2.6230290255306876,gradient_global,0.92,False
scene_222,dense,10,China Package,rigid,10607,1.0938128360879813,0.8735740548694259,4.678289738578053,0.22626632426359095,0.024037896312138346,0.0603772056726944,-0.8761332906708268,3.546935558319092,180,333.1560279766991,gradient_global,0.92,True
scene_222,dense,22,Paper_Shopping_Bag,soft,7273,0.9404139768002578,0.7355974150969339,31.876855534703292,-2.2367564084493363,-0.239621569812775,-0.035965713617340626,-0.029930651777739823,0.6156234741210938,180,0.29028177486400963,gradient_global,0.92,False
scene_222,dense,38,Black Package,rigid,5210,1.1330457861818377,0.8312859884836852,4.265674690198464,0.29193389841419837,-0.036486227931647186,0.003064196969636802,0.004446230626283692,2.907494068145752,180,-0.3972300088405101,gradient_global,0.92,False
scene_223,dense,38,Amazon_Book_Package,rigid,10443,0.9883298120368119,0.8987839771101573,11.119285896509085,0.5178168525401539,0.025843044247237063,0.13082613211608662,0.16957440963642872,2.0163803100585938,180,-2.0189884416006443,gradient_global,0.92,False
scene_223,dense,32,Amazon_A2_Package,rigid,11062,0.9885154019521156,0.9464365157042441,4.008280651083381,-0.3659456397735461,0.0029261910265155227,0.021510832574175534,0.7220903951998935,3.6825332641601562,180,-6.373671715881324,gradient_global,0.92,True
scene_223,dense,47,Vintage_Envelope,soft,2198,0.9914658244788211,0.7257081391179634,21.900116568356328,0.31791819633752993,0.0360932569346127,0.19730017204659603,1.4148691559733282,3.129784107208252,180,-20.692657908939594,gradient_global,0.92,False
scene_224,dense,23,Colis VistaPrint,rigid,8365,1.1143849827339671,0.8626419605499104,6.225855483560735,0.08464252033069108,-0.032944318441394754,0.007714096433355213,-0.8671091939519746,0.6213150024414062,180,117.14435135669143,gradient_global,0.92,True
scene_225,dense,15,Colis VistaPrint,rigid,8836,1.1170282353851892,0.8716613852421911,5.177907413356459,0.06255629248030914,0.0030486885973962765,-0.023667465756202193,-0.8247943001096324,0.8630523681640625,180,111.4097740608857,overlap_matched_parcel,0.7,True
scene_225,dense,31,Amazon_Book_Package,rigid,8155,0.9898491810868714,0.8281996543661686,2.6606240256599283,0.04367891040901739,0.078703295267691,0.1546620322451727,5.982807756945413,3.1387176513671875,180,-89.45911488772317,gradient_global,0.92,False
scene_226,dense,12,China Package,rigid,12068,1.1760078585457083,0.8107391448458734,5.246609549689951,1.0485411898772945,-0.01532481607347376,-0.024606021530398942,-0.9721482870006801,0.9668433666229248,180,370.44770953726294,lateral_neighbor,0.75,True
scene_226,dense,23,Black Package,rigid,7251,1.009246345701695,0.922217625155151,4.4238903830238305,0.9154362135481708,-0.004895486450798884,-0.021508711201878136,-0.654444670146558,1.82891845703125,180,102.34964239299093,gradient_global,0.92,False
scene_227,dense,27,Carton Magdeleine,rigid,3826,0.9882858817731041,0.8852587558808155,3.939615414092681,0.22808831279153008,-0.06690460327473052,-0.09310572094077041,0.005504928407353425,0.2242504060268402,90,-0.47103487418187484,gradient_global,0.92,True
scene_227,dense,11,Carton Magdeleine,rigid,2362,1.0704808797959575,0.8374259102455546,6.424049428304531,0.28141663271608053,-0.05978892927434101,-0.03478015141628325,-0.0007708263214319203,2.4196624755859375,90,0.37931119456408036,gradient_global,0.92,False
scene_228,dense,32,Amazon_Book_Package,rigid,7803,0.9909237721279446,0.9142209496540206,13.488107237510619,0.0021860122680905647,0.012933025097422932,0.09081356525562445,1.2480433637445625,0.3825836181640625,180,-18.668542709331824,gradient_global,0.92,True
scene_229,dense,40,Amazon_Book_Package,rigid,7791,0.9890436884048884,0.9245837414299706,8.766326454500323,0.44794011619675445,-0.0015047345541914971,0.06670555430854241,-0.019826813809008567,2.5817618370056152,180,0.7445459965430556,gradient_global,0.92,True
scene_229,dense,43,Louis_Vuitton_Package,rigid,2879,1.037078276961609,0.868357068426537,5.473074854051305,0.4852854341899082,-0.0360458375668418,-0.03439008516975341,0.3888629394111333,3.6414794921875,180,-17.01335485150124,gradient_global,0.92,False
scene_229,dense,35,Small_Pouch,soft,1142,0.9513085143164725,0.7387328543435663,29.103606652355733,-1.942768356082314,0.46745383561309745,0.0015229707205976597,2.586878463453588,2.2309112548828125,90,-72.04640556769853,gradient_global,0.92,False
scene_231,dense,32,Amazon_A2_Package,rigid,8808,0.990608284673854,0.7825251601097896,31.545761497415093,0.7417971952339286,0.016775915247827122,0.2241873877531546,1.1163550588338176,0.6223518252372742,180,-8.543308465299159,gradient_global,0.92,True
scene_232,dense,35,Amazon_A2_Package,rigid,6308,0.658794034651373,0.5858273798030508,13.376028867727412,14.846546249374759,0.0346816295883511,0.07691731467448007,2.070011734962387,2.6330833435058594,180,-2.3759513854955117,gradient_global,0.92,True
scene_234,dense,41,Amazon_A2_Package,rigid,10896,0.9891985718675439,0.8950336700336701,14.09517735075912,-0.2427704122163199,0.044101944365898586,0.07527675802213239,0.8643105729787656,3.5545902252197266,180,-7.433611954090091,gradient_global,0.92,True
scene_234,dense,37,SM_Little_Package,rigid,3015,1.092628434163472,0.8165837479270315,6.682440131647215,-4.365620877391785,-0.05618597200123796,-0.001545101062858197,-0.04750865905292977,2.2030959129333496,180,0.4938895439730029,gradient_global,0.92,False
scene_235,dense,31,Amazon_Book_Package,rigid,9974,0.9887287760977872,0.9080110234723938,8.323244570664178,0.026100781430615783,0.08662085760954773,0.02768070308073516,0.27030826379593115,3.085059404373169,180,-4.017710779101513,overlap_matched_parcel,0.7,True
scene_235,dense,33,Small_Shipping_Bag,soft,5370,0.85773128037694,0.9227188081936686,10.068356175779469,0.00153275645731199,-0.06386386531211627,-0.05098691532467994,0.06250854848274909,3.1410980224609375,180,-2.186266404809789,gradient_global,0.92,False
scene_236,dense,39,Amazon_Book_Package,rigid,8877,0.9889668307110718,0.9164377773082611,11.101975009377275,0.0013333129882386885,0.006580113244226903,0.06888349424618467,-0.04786361092551575,1.67791748046875,180,0.7173729324332356,gradient_global,0.92,True
scene_237,dense,39,Amazon_A2_Package,rigid,8433,0.9931033702987766,0.8805637982195845,12.729365755021798,0.5448970563990407,0.027010555838178265,0.10122471335781583,3.8069390572751116,0.2415800541639328,180,-31.12153839222176,gradient_global,0.92,False
scene_237,dense,38,Paper_Shopping_Bag,soft,6812,0.9370085768861859,0.6322665883734586,51.05845433147811,0.30392066417150865,-0.2971424053317436,-0.11390918387334917,-0.5926476403897771,88.52358412742615,180,50.32963255195511,gradient_global,0.92,True
scene_237,dense,32,Amazon_A2_Package,rigid,5481,0.7281449877096695,0.6265428470671212,17.787900072106517,18.40022429963417,0.11208779305651005,0.05245185835128655,3.485363451128372,3.4491806030273438,180,-10.591318532979233,gradient_global,0.92,False
scene_239,dense,32,Paper_Shopping_Bag,soft,6353,0.9889458990721347,0.690539902408311,35.98820314965344,-14.014935913071902,-0.18005540340812692,0.024259723315304377,-0.580076629483244,2.7503204345703125,180,34.96093391414945,gradient_global,0.92,True
scene_240,dense,21,Amazon_Book_Package,rigid,9186,0.986367413352877,0.8612506154603643,20.960576662320584,0.5278116421627566,0.09659285538907092,-0.028121363112528167,0.47696449749872155,0.621904730796814,180,-6.607489579399273,gradient_global,0.92,True
scene_241,dense,21,Louis_Vuitton_Package,rigid,4574,1.0669077836289445,0.875163970266725,6.5116636914866115,0.0637094147784012,-0.021791449420918513,-0.05960730099143356,-0.5011453222886582,1.3640899658203125,180,22.615236372951042,overlap_matched_parcel,0.7,False
scene_241,dense,27,Black Package,rigid,8091,1.0745961264428807,0.8939562476826103,2.2928283814074657,0.08381228767961879,-0.032139413370580384,-0.03145707591325183,-0.9278753987416687,0.2940129041671753,180,143.9044190890455,gradient_global,0.92,True
scene_241,dense,30,Amazon_Book_Package,rigid,9154,0.9890853269851808,0.7926451041205139,27.847304102581035,0.07799380003015166,0.08783772006077432,0.2218207768863471,0.8179821496097858,0.9726324081420898,180,-12.159012351010023,gradient_global,0.92,False
scene_242,dense,8,Ikea Cardboard Package,rigid,9913,0.8209365752334549,0.6979387099302453,2.5189281643526953,15.422765412330008,0.035625825072244384,-0.047903277666105054,-0.7585824498733164,0.38458251953125,180,98.83580736185348,gradient_global,0.92,False
scene_242,dense,37,Small_Shipping_Bag,soft,4177,0.8527356980188776,0.9075891788364855,3.028596109818028,0.7542703165370757,-0.09110122468580037,-0.11349815223392382,-0.3057636838113098,0.8312454223632812,180,11.452019958323788,gradient_global,0.92,True
scene_243,dense,26,Carton Magdeleine,rigid,6123,1.0429957688463354,0.8915564265882737,3.7966148646792757,0.02232399350265979,0.0007798381695039692,-0.01837149118304261,-0.7254654585175351,1.2954996824264526,90,92.15643477376845,overlap_matched_parcel,0.7,True
scene_243,dense,30,Paper_Shopping_Bag,soft,8080,0.9295814393746092,0.7319306930693069,34.49058365180028,-2.3097076951774653,-0.035320555832432675,-0.01167798246914731,-0.3959504545108043,2.8709030151367188,180,31.120388289677557,lateral_neighbor,0.75,False
scene_243,dense,37,Amazon_A2_Package,rigid,9423,0.9901142649585325,0.9164582291145573,9.337337809970848,-0.45359218997553796,-0.0008269029256941234,0.03324454456085373,3.1875037614621404,0.9287343621253967,180,-26.973622779707497,gradient_global,0.92,False
scene_244,dense,32,Colis VistaPrint,rigid,8105,1.0496083597366075,0.8885872917951881,6.618359098099574,1.9911118787839799,-0.03705960943199761,-0.053700041046829315,-0.8222662730859565,0.15210480988025665,180,112.98333733319265,gradient_global,0.92,False
scene_244,dense,41,Amazon_Book_Package,rigid,7852,0.9893196152260832,0.9408689157226441,5.916286331515174,1.696187421857398,-0.014677618540100709,0.010602792973880518,0.15867373785977618,1.20758056640625,180,-0.677278276863702,gradient_global,0.92,True
scene_244,dense,44,Louis_Vuitton_Package,rigid,3391,1.057477034394338,0.8841049837805957,5.948568848961531,1.3429131449015363,-0.010124965734607787,0.01588928406569254,-0.39375520391105967,3.858172655105591,180,19.059707082516255,gradient_global,0.92,False
scene_244,dense,40,Small_Pouch,soft,1276,0.9709963850773032,0.6227795193312434,35.508432977102714,-2.7099059110252677,0.4656067497577397,0.08686617897983406,2.9601070730000436,0.48331451416015625,90,-82.9188917546636,gradient_global,0.92,False
scene_245,dense,19,SM_Little_Package,rigid,2968,1.0339862870651115,0.9236947791164659,9.764501346141442,-4.239346372465702,0.34165980986204114,0.8434337241635945,-0.8717851375200869,3.2154998779296875,180,84.93553187705338,overlap_matched_parcel,0.7,False
scene_246,dense,26,Amazon_Book_Package,rigid,5366,0.7029445348086443,0.5801526717557252,6.4754053166173335,22.851269321757293,-0.08222659256641743,0.06347665558053933,1.5042620986192639,0.17275238037109375,180,0.348153851637667,gradient_global,0.92,False
scene_246,dense,40,Amazon_Book_Package,rigid,7706,0.9892562489967854,0.8349676844216626,10.909396786239805,0.8651094716483065,0.037599147469596195,0.19927707931027255,1.137591854382685,1.8850681781768799,180,-16.152776494194,overlap_matched_parcel,0.7,True
scene_246,dense,25,Small_Shipping_Bag,soft,4229,0.8507746029980621,0.9129817923859068,0.6299623660573972,0.23406340271903137,-0.08984477317996574,-0.06732021255622139,-0.020214787008179153,3.5643529891967773,180,0.9415606527123366,gradient_global,0.92,False
scene_247,dense,24,Amazon_Book_Package,rigid,9382,0.9887790665135118,0.7863910422049957,25.601390750920125,0.042544249529319345,0.029664067920302406,0.24564952054683906,1.4167320445022542,3.1398239135742188,180,-21.15176401618557,gradient_global,0.92,True
scene_247,dense,27,Small Packet,rigid,4858,0.8554183934863494,0.9199258954302182,4.349499447932978,0.0198439191643196,-0.0724270891971424,-0.06998127028702078,-0.0017790786469559406,1.7936434745788574,180,0.08211166264127101,gradient_global,0.92,False
scene_248,dense,43,Amazon_A2_Package,rigid,9258,0.9893711900174565,0.9338860544217688,6.664416916949119,-0.4505676291162164,-0.02682576960347352,0.01977406364537872,0.9258633618488687,1.821807861328125,180,-8.153750661343828,gradient_global,0.92,True
scene_248,dense,42,Carton Magdeleine,rigid,4419,1.0632138114036183,0.8911518443086671,4.730646151910847,0.014414679371577144,-0.057337781651236645,-0.0027584615578152656,0.33521834041394777,0.4110471308231354,90,-42.55831378856123,gradient_global,0.92,False
scene_249,dense,13,Amazon_A2_Package,rigid,4642,0.5158992798501556,0.8168145005784805,29.531747583349656,-1.0497070312491807,0.02131764624832943,0.05430785066900425,2.123469650745314,3.311323404312134,180,-18.716974525432974,gradient_global,0.92,False
scene_249,dense,33,Vintage_Envelope,soft,3466,0.9894014443568112,0.7878156126940005,12.492717588988441,0.0026752853392597586,0.15522227670826838,0.11240387419836419,0.15440349386196228,2.4011459350585938,180,-2.2902165985085876,gradient_global,0.92,True
scene_249,dense,15,Amazon_A2_Package,rigid,7653,0.8079296893624218,0.7749741468459153,8.747440902947789,8.652570762625711,-0.015491846098287076,0.019314527751879976,14.648569052036416,0.8551731705665588,180,-113.22352375019196,gradient_global,0.92,False
scene_249,dense,28,Amazon_A2_Package,rigid,9479,0.9898948601549146,0.9208760852407262,8.996766546984919,-0.4611563491814241,0.013974380656322036,0.05104712742394568,4.495018110825645,0.8791399598121643,180,-37.85970703121233,lateral_neighbor,0.75,False
scene_250,dense,35,Amazon_Book_Package,rigid,7778,0.989962572231835,0.8877348582098261,15.613954359723284,0.049994793257179815,0.024212503823153285,0.09573078452392728,0.7456072744458928,2.7045364379882812,180,-11.10428747880543,gradient_global,0.92,False
scene_250,dense,47,Vintage_Envelope,soft,3097,0.9890039267470273,0.8328225132348843,10.371590347410603,0.05785448935768933,0.08271331254316504,0.04472943799123868,0.6320843343832359,1.8330436944961548,180,-9.328595727310818,gradient_global,0.92,True
scene_250,dense,22,Куб,rigid,3462,0.8152511759815771,0.6027998328458003,2.5152299890720085,9.258588170006355,-0.0035538759331608634,-0.022678229974671345,0.06260898578114478,0.09839630126953125,180,3.6325459957319284,gradient_global,0.92,False
scene_251,dense,19,Ikea Cardboard Package,rigid,14217,1.0030936415418954,0.952943658999789,2.841547287459172,0.1437375648811745,-0.01898737677868112,-0.00316308413768994,-0.6031393021004182,1.6059341430664062,180,66.4890352927846,lateral_neighbor,0.75,False
scene_251,dense,27,Amazon_Book_Package,rigid,8152,0.9892915679260063,0.9441849323272248,3.989852043528722,0.10816963615756237,0.023151306441326416,0.04496000644603723,1.0035385801465913,1.6257553100585938,180,-14.904761751862505,overlap_matched_parcel,0.7,True
scene_251,dense,24,Black Package,rigid,6013,1.0093283384846368,0.9200066522534509,4.441651707707937,0.08655607659413533,-0.016972745966172015,0.012835782579221048,-0.7659916277360171,3.009418249130249,180,118.8152127363633,gradient_global,0.92,False
scene_252,dense,36,Small_Shipping_Bag,soft,5466,0.8529846679600208,0.9129162092938163,3.3929724504837235,0.172630277460728,-0.09229475938838455,-0.09694198053080816,-0.23721812822595004,1.3081097602844238,180,8.475152317183543,lateral_neighbor,0.75,False
scene_252,dense,32,Amazon_Book_Package,rigid,9371,0.9881264289130552,0.9497385551168499,2.1559488145060195,0.4017076408591169,-0.022020119577604788,-0.002872519968974787,0.5473909180777723,1.8279610872268677,180,-7.787149584858932,gradient_global,0.92,True
scene_252,dense,31,Small_Shipping_Bag,soft,5320,0.8557298031129491,0.9199248120300751,5.486650211620241,0.16546184311527767,-0.08920064491977582,-0.09456956391141633,-0.008487860897466372,0.792572021484375,180,0.4625329510374865,gradient_global,0.92,False
scene_253,dense,32,Colis VistaPrint,rigid,9523,1.0223542881879328,0.9378347159508558,1.7855136921369552,0.46213856189258884,-0.010257095587763082,-0.026604105212532324,-0.9227447857539733,0.3063812255859375,180,125.03140196806805,gradient_global,0.92,True
scene_253,dense,33,Small_Shipping_Bag,soft,5305,0.8541106554368301,0.914985862393968,0.48823150958178096,0.1036694624403367,-0.053352716650021906,-0.0697285314136698,-0.04350927894601651,3.8503494262695312,180,1.6264785454191966,gradient_global,0.92,False
scene_254,dense,24,Amazon_A2_Package,rigid,9148,0.9897615083959019,0.8813828730379495,16.294592780192406,-0.4581117426691872,0.01566690693939616,0.08650935938214592,2.3747358853781604,3.1023101806640625,180,-20.21591158682923,lateral_neighbor,0.75,True
scene_254,dense,35,Small_Shipping_Bag,soft,4611,0.8572504109876393,0.9017566688353936,7.607806659994312,0.031799774139251724,-0.10999284328746291,-0.10355877742804585,0.04096595237223824,0.27665838599205017,180,-1.4020083613420775,gradient_global,0.92,False
scene_255,dense,31,Carton Magdeleine,rigid,5606,1.0705267607496838,0.8894042097752408,1.7233221670384578,0.04453525834957617,-0.032264060896277584,-0.040061172973202365,-0.11662001405619087,0.45838165283203125,90,14.855275884613327,gradient_global,0.92,False
scene_255,dense,30,Amazon_A2_Package,rigid,8683,0.9899016395210316,0.9187263415720329,6.025712946692631,-0.44518133130311277,0.02873892529069077,0.00031586466972619796,8.28915631965249,1.0485076904296875,180,-69.41095651455787,gradient_global,0.92,True
scene_256,dense,28,Amazon_Book_Package,rigid,8454,0.9886783527827322,0.9073517962406852,9.341165129402377,0.04914899845220866,-3.9563063162521905e-05,0.05579430162700983,-0.05407754871578311,1.7917404174804688,180,0.8581489713361812,gradient_global,0.92,False
scene_256,dense,30,Vintage_Envelope,soft,3341,0.9934168086534729,0.9201945080091534,7.281514737154276,0.04440963746255022,-0.03489468509963861,0.020019336583804566,-0.0014542682538039248,0.5610537528991699,180,0.06600551686974931,gradient_global,0.92,False
scene_256,dense,29,SM_Little_Package,rigid,3684,1.0303115528807845,0.8710640608034745,2.558038740593178,-4.22201620566609,-0.052304442926669775,-0.07908390644985189,-0.9011630277581807,0.05506393685936928,180,87.95793213952075,gradient_global,0.92,True
scene_257,dense,22,Amazon_A2_Package,rigid,9525,0.9892219252556492,0.9011911735989064,12.719011048963814,-0.47021714064010567,0.013103928834819546,0.03809593711913,3.9837662846577158,2.5286340713500977,180,-33.61514536297783,lateral_neighbor,0.75,True
scene_257,dense,16,Amazon_A2_Package,rigid,9466,0.9896234658151857,0.878039440934329,15.438422275284825,-0.4605444053440433,0.005915428541262935,0.07988977356145308,19.65377277085393,1.5035629272460938,180,-163.97989801221402,gradient_global,0.92,False
scene_257,dense,10,China Package,rigid,10816,1.066950150000384,0.8998705621301775,1.8559690160602378,0.10608736602857327,-0.015878165349451676,-0.01206156408963541,-0.5681076993223685,1.21307373046875,180,215.9869657832286,gradient_global,0.92,False
scene_257,dense,29,Colis VistaPrint,rigid,8966,1.1035039143829182,0.8711800133838947,6.3288067314833105,0.06318548882200403,0.0011689882737467843,0.0033344496089901033,0.000715221856922979,2.8211822509765625,180,-0.033369440695874,gradient_global,0.92,False
scene_258,dense,21,Paper_Shopping_Bag,soft,6987,0.9694800622997882,0.733791326749678,29.19806786167877,-2.9220286116620198,-0.20416495684804645,-0.02494435342890467,-0.2810179685391403,2.356933355331421,180,20.801882927187876,gradient_global,0.92,True
scene_259,dense,41,Amazon_A2_Package,rigid,9065,0.9909846432391844,0.8687016925936797,14.602142624572293,-0.46686602779955066,0.03506117282800198,0.11517862385946064,0.6229333936315263,0.7508316040039062,180,-5.649671807860468,overlap_matched_parcel,0.7,True
scene_260,dense,33,Small Packet,rigid,4234,0.8566921973804581,0.91828058573453,6.059632837315516,0.03791078089721012,-0.04060052483120841,-0.06859657032143363,0.0048623891284697495,2.8570868968963623,180,-0.13227273916116555,gradient_global,0.92,True
scene_261,dense,8,POP_Drinks_Pack,rigid,11094,0.9578266368508511,0.5114584063354124,128.47644093746072,-0.07583976358016553,0.06436426302009535,0.12174489129851761,-0.4061715403686614,3.5018157958984375,180,52.31216273851413,gradient_global,0.92,True
scene_262,dense,25,Amazon_Book_Package,rigid,7142,0.9848962005691869,0.9204485488126649,8.90280219372239,0.19349742328278463,0.03762324618010796,-0.010529529397749034,1.5484275407713775,0.15538787841796875,180,-22.97094233446362,gradient_global,0.92,True
scene_262,dense,33,Space_Food_Bag,soft,2319,0.8746934128952967,0.6855166802278275,17.55183571251055,12.21818875889591,-0.027276564428392824,0.49766915028871955,0.6145708890975501,89.03890991210938,180,-4.903729415674407,gradient_global,0.92,False
scene_263,dense,27,Storage_Box_with_Lid,rigid,10932,1.0219705723344936,0.9305708013172338,0.9958949596966638,2.346973538954744,-0.010484597050411304,0.008753818155037948,-0.9335182792926144,2.359351873397827,180,182.70844926215557,overlap_matched_parcel,0.7,True
scene_264,dense,36,Small_Shipping_Bag,soft,4350,0.8546174177989362,0.877572448551029,17.02193301334295,2.7322419154949262,0.0056261429130990285,0.042898692778104576,1.1144878967991456,3.1004562377929688,180,-36.242589406828785,gradient_global,0.92,False
scene_264,dense,25,Black Package,rigid,6858,1.0326560706455254,0.8759113444152814,0.9061380402798467,3.5813235652517594,-0.03605005383726782,-0.0859250160565237,-0.9004869972324921,0.04229736328125,180,143.0414285416265,gradient_global,0.92,True
scene_264,dense,38,SM_Little_Package,rigid,2311,0.9888100177772355,0.8321073128515794,6.057663648965514,-3.0906705092731412,-0.042875932150765565,-0.11275838718859034,-0.8009646021089252,3.1305177211761475,180,78.77227093435535,gradient_global,0.92,False
scene_265,dense,24,Small_Shipping_Bag,soft,4221,0.8574220493909736,0.8881781568348732,3.3881757733483395,0.02766182087743374,-0.06379827815849781,-0.06896173704559305,-0.32916874267952884,2.7733230590820312,180,11.54856365591983,gradient_global,0.92,False
scene_265,dense,45,Amazon_A2_Package,rigid,8023,0.9907186666445805,0.8802024746906637,13.301452442844138,-0.46794515503023604,0.03866839931984833,0.08972625811229618,0.6493441717759612,3.7499232292175293,180,-5.870486714031564,gradient_global,0.92,True
scene_266,dense,32,Space_Food_Bag,soft,3694,0.8679089309069932,0.9117487818083378,13.745863702237642,-0.22259820772441152,-0.14101123904738946,-0.029771287571421712,-0.06369474532455426,2.197141647338867,180,1.5525715184687705,gradient_global,0.92,True
scene_267,dense,29,Carton Magdeleine,rigid,5175,1.1440932976666083,0.8295652173913044,4.4776569415087195,0.1411355459646213,0.0019634122161020485,-0.003528088038781787,-0.8942834601665095,2.4423294067382812,90,113.71500267455903,gradient_global,0.92,True
scene_267,dense,28,Asset_Package_in_paper_with_rope,rigid,7524,0.8740930274650088,0.843833067517278,1.486691124166955,-21.957689977035066,-0.08498432564975439,-0.14642482021055328,-0.8646653773283456,2.516937255859375,180,97.32275986473948,overlap_matched_parcel,0.7,False
scene_267,dense,34,Paper_Shopping_Bag,soft,6817,0.9870955286542888,0.7324336218277835,31.468976621012843,-2.610272761174981,-0.20240321038919895,-0.020731909950473672,-0.006830462154410161,3.8878395557403564,180,-2.033577513323004,gradient_global,0.92,False
scene_267,dense,16,Amazon_Book_Package,rigid,3107,0.6136688120878181,0.645320197044335,60.79727797456584,0.20262573904539227,0.11157916949052941,0.14566148927833966,1.7855407138044508,2.080368757247925,180,-26.50903222062384,gradient_global,0.92,False
scene_269,dense,31,Ikea Cardboard Package,rigid,15685,1.0145953597401418,0.9463181383487408,0.6549427891254257,0.3805216427525959,-0.01076439557133315,0.03432072083975037,0.21322020098568797,2.6392822265625,180,-23.073637176421634,gradient_global,0.92,True
scene_269,dense,32,Amazon_A2_Package,rigid,5993,0.6631181561262852,0.5626403233048944,4.526186033058376,26.46998654401478,-0.061843950841919675,-0.0498554100018757,7.642541115426733,1.0503311157226562,180,-37.115783955002144,gradient_global,0.92,False
scene_270,dense,18,Small Packet,rigid,4989,0.8547983157163165,0.8370035391270153,7.664100132377017,0.004923057556061039,-0.03461728788469608,-0.009674054743423446,-0.42529031208583373,3.2119598388671875,180,14.890083980545477,gradient_global,0.92,True
scene_271,dense,30,Vintage_Envelope,soft,3295,0.9906315496830982,0.7349368318756074,30.102054715045377,0.2564230858566052,0.010535512297394255,0.5826678370681224,1.2987051334656352,86.18870544433594,180,-19.02924420047669,gradient_global,0.92,True
scene_272,dense,22,POP_Drinks_Pack,rigid,12038,0.9351781537186284,0.8677521182920751,6.238568798576878,5.573531683507493,-0.03843827224954295,-0.0704828506238209,-0.7509988254079037,2.7816388607025146,180,102.30251857937411,gradient_global,0.92,True
scene_272,dense,26,Amazon_A2_Package,rigid,8647,0.9950478772951636,0.9107181367263317,11.803955043315657,0.24039937697417635,0.030023073232355712,0.06295797909753811,0.8972457915647435,0.9764862060546875,180,-15.291108922407926,overlap_matched_parcel,0.7,False
scene_272,dense,23,Colis VistaPrint,rigid,8327,1.0482365289413953,0.8532056522246876,7.562871764071433,6.314654926451002,-0.004153752303157813,0.14244475320431316,0.9728548799870651,0.8601641058921814,180,-124.83792528014081,gradient_global,0.92,False
scene_273,dense,36,Small Packet,rigid,5540,0.8531221213665819,0.9227436823104693,1.8054898275422502,0.23508069415201227,-0.0671306917862247,-0.06260842781195225,-0.026755458753216003,3.4054718017578125,180,1.1714972843288596,gradient_global,0.92,True
scene_274,dense,30,Paper_Shopping_Bag,soft,6028,0.9752656970136344,0.7033842070338421,36.12562186569976,-2.394564185190573,-0.26628167893426863,-0.046331112404996086,-0.02699933829544538,0.02294468879699707,180,-0.1152804786260786,gradient_global,0.92,True
scene_274,dense,31,Carton Magdeleine,rigid,3236,1.0118977327902872,0.9026576019777504,2.4105618042628154,0.05735450505506279,-0.023151030015391903,-0.05877605749993358,-0.9335833116911323,1.9957962036132812,90,118.62241260027994,gradient_global,0.92,False
scene_274,dense,23,Куб,rigid,3085,1.094519497607,0.8690437601296597,0.19749479793255917,0.07843587335365498,-0.016139332687755383,-0.06602956390444849,-0.7042278035278866,0.20293426513671875,180,63.35329201829093,overlap_matched_parcel,0.7,False
scene_275,dense,25,Amazon_Book_Package,rigid,9261,0.9892570747203808,0.9186130260314848,7.783044830879182,0.20401476490272685,0.023886861525138414,0.04429042371791521,0.22858911108761487,3.8223495483398438,180,-3.2156705159576138,gradient_global,0.92,False
scene_275,dense,33,Carton Magdeleine,rigid,6682,1.184667033147983,0.8246034121520502,4.711268580657693,0.2107130554915848,-0.04333059906068701,-0.013479568014164996,-0.9336681911863605,0.15693089365959167,90,118.78630214719654,gradient_global,0.92,True
scene_276,dense,25,Black Package,rigid,7245,1.1368877128278472,0.8343685300207039,5.351414228903286,0.14254924847201256,-0.03909814387596006,0.008153424635734145,-0.8504181534969479,1.1836707592010498,180,131.95720019901492,lateral_neighbor,0.75,False
scene_276,dense,30,Small_Shipping_Bag,soft,4387,0.8601080569648157,0.9056302712559836,6.089426378407159,0.05292066865114631,-0.06666437503398846,-0.07906212504175256,0.016812779348661194,3.0069761276245117,180,-0.5355258815955555,gradient_global,0.92,False
scene_276,dense,27,Asset_Package_in_paper_with_rope,rigid,7152,0.8252658741774173,0.891079418344519,10.062504436381076,-22.31944164293731,-0.08748323866791378,-0.1212555460422734,-0.8641002345769777,2.4992904663085938,180,96.88303845632518,overlap_matched_parcel,0.7,True
scene_277,dense,27,Small_Shipping_Bag,soft,4499,0.858217453952364,0.9128695265614581,3.076925155802136,0.0056949610997003575,-0.05774210545317475,-0.0657027397137166,-0.18907458745719277,3.8551025390625,180,6.623305252199452,gradient_global,0.92,True
scene_277,dense,47,SM_Little_Package,rigid,2523,1.0992509309065428,0.7986523979389616,2.331449129905657,-4.225452872508417,-0.0759739858009954,-0.06314710964130954,-0.8505420516454739,2.12554931640625,180,82.77649004189725,overlap_matched_parcel,0.7,False
scene_278,dense,17,China Package,rigid,10846,1.246342155481033,0.7817628618845658,2.5512054567427276,0.03805672201406818,-0.0013298431750047202,0.061517111660975246,-0.8920636314932401,3.7176461219787598,180,339.02222544062045,gradient_global,0.92,False
scene_278,dense,23,Amazon_A2_Package,rigid,7725,0.99111070103496,0.8658366302071212,16.818390599933817,-0.4646535864181178,0.05029623733608061,0.059429906710975075,0.9655867951733877,2.907073974609375,180,-8.498335455671802,overlap_matched_parcel,0.7,True
scene_278,dense,29,Asset_Package_in_paper_with_rope,rigid,7038,0.8475945336090699,0.8673076923076923,21.799413138893804,-21.595023712765116,0.04175589075992103,0.2436311463054337,-0.15689483712780358,0.17657470703125,180,0.048618350794393805,gradient_global,0.92,False
scene_279,dense,41,Louis_Vuitton_Package,rigid,4511,1.0522101244310018,0.8898248725338063,3.9776491067605515,0.1474521786506422,-0.02637854303876568,-0.01845296546276274,-0.7441841280325812,2.081181526184082,180,33.6357062731154,gradient_global,0.92,True
scene_280,dense,18,Colis VistaPrint,rigid,11269,1.1185057792538775,0.8443517614695182,6.543454754210278,6.440925789213514,-0.031249375835580035,0.014004187927779578,-0.544650204554887,2.7987396717071533,180,79.88832428844628,lateral_neighbor,0.75,True
scene_280,dense,38,Colis VistaPrint,rigid,9184,0.9646328660103728,0.9513283972125436,3.3109212511413024,4.875098209248918,-0.01134556600394921,-0.034045919608581346,-0.8626670880448875,1.3906989097595215,180,121.20784325904998,gradient_global,0.92,False
scene_280,dense,29,Amazon_A2_Package,rigid,9847,0.9913144527972201,0.8931839402427638,12.86592894419593,1.5724804636558787,0.02936579684401576,0.06623763062804278,4.7583205549921255,3.650836944580078,180,-51.61723006227304,gradient_global,0.92,False
scene_281,dense,34,Louis_Vuitton_Package,rigid,3903,1.038668376124278,0.8782987445554702,6.685706448218051,0.6019251215394483,-0.013146454956376265,-0.038936564212137134,-0.8038555797271907,2.716003894805908,180,36.77484823596533,gradient_global,0.92,False
scene_281,dense,31,Vintage_Envelope,soft,3169,0.990402930184459,0.909683426443203,3.431415551089295,0.4291923121898522,-0.049412732728472734,0.008708748517715218,-0.42197747090198723,1.3982467651367188,180,6.695457632292956,lateral_neighbor,0.75,True
scene_281,dense,22,Louis_Vuitton_Package,rigid,3896,1.0436701608628471,0.910164271047228,1.6258800782125753,0.5814014241711796,-0.03429127328677874,-0.0422583848976305,-0.7455793552250708,0.07350148260593414,180,34.13193633668943,gradient_global,0.92,False
scene_281,dense,20,Small_Shipping_Bag,soft,4489,0.8563982214363559,0.903541991534863,6.62380578487998,0.18610955678632912,-0.09788159542191921,-0.11899354077683906,-0.3180395286891957,0.038259945809841156,180,11.317315205786716,gradient_global,0.92,False
scene_281,dense,18,Small Packet,rigid,4442,0.8562710310618736,0.9074741107609186,7.147108658353395,0.1817748250301232,-0.09005387710538108,-0.07406656662949249,-0.34614710059983755,2.0328423976898193,180,12.296729772493187,gradient_global,0.92,False
scene_282,dense,31,Carton Magdeleine,rigid,5021,1.0972790446577536,0.873132842063334,5.847693367228397,0.021236080235187416,-0.0022621919612067294,-0.052243201773839086,0.08412176687057224,1.1235469579696655,90,-10.662227882993758,overlap_matched_parcel,0.7,True
scene_282,dense,24,Colis VistaPrint,rigid,6829,1.1113509601229274,0.8607409576804803,4.6407669134658045,0.03813507967498353,-0.026928839131829273,-0.0005080994014580621,0.0005895865911221663,1.8015365600585938,180,-0.04145910692787691,gradient_global,0.92,False
scene_282,dense,25,Amazon_Book_Package,rigid,6422,0.9904109012179771,0.9190313474966573,7.709276012644751,0.02132878031424479,0.048434216896408505,0.021001835018425213,-0.41280219537393015,3.278916597366333,180,6.1968493749340325,lateral_neighbor,0.75,False
scene_282,dense,23,Asset_Package_in_paper_with_rope,rigid,6160,0.8289912483030819,0.9037337662337662,8.553369783254727,-22.113587150419445,-0.06294064645333924,-0.11635876926125949,-0.8524617115641971,0.3478546142578125,180,95.49202585078953,overlap_matched_parcel,0.7,False
scene_282,dense,19,Asset_Package_in_paper_with_rope,rigid,6085,0.8470941193570961,0.8851273623664749,10.616871940349498,-22.217890811296883,-0.04056347756863473,-0.07312806362643787,-0.8721591672032428,3.816777229309082,180,98.09646146934713,overlap_matched_parcel,0.7,False
scene_283,dense,19,Ikea Cardboard Package,rigid,11857,0.9899153262684643,0.9569030952180146,1.8647830195511594,2.58406140757228,0.004904932598687307,0.009529093527162356,-0.7884923997205731,3.352541446685791,180,89.30362041842699,lateral_neighbor,0.75,False
scene_283,dense,20,Asset_Package_in_paper_with_rope,rigid,6942,0.8414075048537829,0.8824546240276577,14.122797056062804,-22.942538763183308,-0.07602759660067468,-0.09676233634090493,-0.8689599223272895,0.23486743867397308,180,96.9102973905408,overlap_matched_parcel,0.7,True
scene_285,dense,28,Carton Magdeleine,rigid,4983,1.0170151244326389,0.909692956050572,4.696035358446544,0.9458876339453193,-0.051434716367001636,-0.020561828507141448,-0.7558513133168314,0.4135076701641083,90,96.93428367313761,overlap_matched_parcel,0.7,False
scene_285,dense,24,Carton Magdeleine,rigid,5313,1.1222537851146586,0.8247694334650857,7.422827972092096,0.9320106171017972,-0.06069563281448129,-0.05162606754005145,-0.8984923271515789,0.3437511622905731,90,115.03492453325448,overlap_matched_parcel,0.7,True
scene_285,dense,37,Amazon_A2_Package,rigid,8092,0.9877696426118897,0.8554203539823009,19.181274763911517,-0.1794477064138711,0.06701697647528279,0.05717013877472832,2.6539957493430957,0.45322418212890625,180,-22.259606428913116,gradient_global,0.92,False
scene_285,dense,19,Black Package,rigid,6655,1.1225957470428447,0.848084147257701,5.916651592323187,1.266334704091876,-0.006703610657478069,-0.03467125986621853,-0.9120736804729069,0.6366000771522522,180,142.63080280992435,gradient_global,0.92,False
scene_286,dense,27,Colis VistaPrint,rigid,8038,1.0355352127686717,0.9202537944762379,6.254727071034609,0.0208000299408706,-0.021536641252460152,-0.04180222664049387,-0.08357460239567018,0.2327640950679779,180,11.303371134675055,lateral_neighbor,0.75,True
scene_286,dense,23,Carton Magdeleine,rigid,4454,1.0554970715771979,0.8556353839245622,5.93569606889643,0.017107710496011563,-0.06448142523218416,-0.06437036106599649,-0.579838179356837,0.05480482429265976,90,73.65655506151836,gradient_global,0.92,False
scene_286,dense,12,Colis VistaPrint,rigid,6418,1.0444360216283113,0.8896852602056715,2.2929217273629474,0.021680748135355365,-0.02663595823986405,-0.030758440824576523,-0.22842857975094727,0.9704782962799072,180,30.85953841680711,gradient_global,0.92,False
scene_286,dense,26,Small Packet,rigid,2778,0.8619954762048828,0.880849532037437,9.482226200661037,0.009072821143374377,-0.09491857828751973,-0.09809970961546945,-0.000578159801630056,2.9782257080078125,180,0.029308413808215583,gradient_global,0.92,False
scene_287,dense,25,Amazon_Book_Package,rigid,8122,0.9898588945421587,0.9092365800618061,6.2084053094188745,0.059842785951280675,-0.0036898492196103232,0.09006476903388258,-0.06902439580114111,2.3691177368164062,180,1.092447584080225,overlap_matched_parcel,0.7,False
scene_287,dense,26,Amazon_A2_Package,rigid,8704,0.9898480139799379,0.913421306726746,8.57138663687369,-0.4548839204912003,0.012778440329246698,0.061452255695496595,0.6575073442844939,1.7910232543945312,180,-5.9253441611111235,overlap_matched_parcel,0.7,True
scene_287,dense,15,Black Package,rigid,7368,1.1513640398379414,0.8365906623235614,5.508620063705414,0.06889706702362108,-0.01914708633615736,-0.0024680859147433354,-0.7856370538077396,0.8839569091796875,180,121.84262117822998,gradient_global,0.92,False
scene_288,dense,41,Amazon_Book_Package,rigid,10059,0.9883931697308411,0.8939004225610876,12.414063072426567,0.04489769025872725,0.02262235410071561,0.070690192882171,0.5871540006683237,3.1006810665130615,180,-8.738925630811245,gradient_global,0.92,False
scene_288,dense,22,Amazon_A2_Package,rigid,10760,0.9892846602262143,0.9492565055762082,3.406648173022238,-0.44786206851488153,-0.023830453938661938,0.016210217670984437,0.997764876192139,2.1931304931640625,180,-8.749265338554801,gradient_global,0.92,True
scene_289,dense,46,Amazon_Book_Package,rigid,8906,0.9882489903424693,0.9142675698560542,12.247065706905975,0.5342771644027966,0.034856321370178515,0.021525603893436628,0.26526493114808647,2.7443931102752686,180,-3.4340500400933394,gradient_global,0.92,True
scene_289,dense,45,Small_Shipping_Bag,soft,4993,0.855943059086923,0.9202884037652714,7.127768270127219,0.14841448221480924,-0.08890802375273055,-0.08288633759062652,-0.013930354810350406,0.8631744384765625,180,0.6359724572015946,gradient_global,0.92,False
scene_289,dense,22,SM_Little_Package,rigid,2602,1.0701916690607236,0.8266717909300538,5.097292854784195,-4.2588604296835975,-0.012203507238830692,-0.011998132183909183,-0.728807506592892,3.29058837890625,180,70.29018001459563,gradient_global,0.92,False
scene_290,dense,32,Paper_Shopping_Bag,soft,8934,0.9813097190005647,0.7215133199014999,31.72793207703644,-2.38178160104785,-0.05726965385698069,-0.004230554809874574,-0.18150612459223792,3.726839065551758,180,12.942771686471843,gradient_global,0.92,True
scene_291,dense,36,Amazon_Book_Package,rigid,8875,0.9863761127968862,0.9333690987124463,8.880327528853,1.582848832590189,0.011060027995329288,0.002504421314060987,0.715910154454121,0.6150022745132446,180,-9.126053937188905,gradient_global,0.92,True
scene_291,dense,33,SM_Little_Package,rigid,3169,1.0265195643725482,0.8589460397601767,5.570723329165762,-3.9858019908286524,0.005610599402482657,-0.010466514695377953,1.6933243465840195,2.9739632606506348,180,-177.1779468814234,gradient_global,0.92,False
scene_292,dense,27,Black Package,rigid,8146,1.1750402300605534,0.8194205745150994,6.3241633020356245,0.044327652679143625,-0.020946187843923818,0.035007180118905856,-0.8744687584269626,2.3271517753601074,180,135.5869750323555,lateral_neighbor,0.75,True
scene_292,dense,37,Amazon_Book_Package,rigid,8156,0.9892167758339886,0.7590969708515908,30.99991703220153,0.03727564730837685,0.06801711698196816,0.22836790671691123,4.057844253695266,3.2373275756835938,180,-60.66806983023321,gradient_global,0.92,False
scene_293,dense,19,POP_Drinks_Pack,rigid,11487,0.9470616196488673,0.8262311814238326,11.410257941449052,7.94925460866025,-0.048430103822263766,0.07434496013059405,-0.8045134587316516,1.56646728515625,180,111.57925832079685,gradient_global,0.92,True
scene_294,dense,36,Amazon_A2_Package,rigid,10824,0.9889442916910478,0.9011637857265103,10.52117589755484,-0.4657288009992655,0.015309812985164508,0.05200435820704556,1.1577888222924868,1.293088674545288,180,-10.098528045241917,gradient_global,0.92,True
scene_294,dense,28,Amazon_A2_Package,rigid,10457,0.9891807822594668,0.869182602809274,12.497856069545279,-0.46455343556894846,0.03169908685415751,0.13208958792010955,18.979038190242637,1.8800735473632812,180,-158.37008958801323,gradient_global,0.92,False
scene_295,dense,31,POP_Drinks_Pack,rigid,10709,0.9676592778116503,0.8551685498179101,7.5055017456577575,0.1406074068502905,-0.03515823668259051,-0.08127056811120378,-0.8917281631780541,1.034925103187561,180,115.1549138906175,overlap_matched_parcel,0.7,True
scene_295,dense,26,Ikea Cardboard Package,rigid,10146,0.9947291201285268,0.9293317563571851,3.9485782560456224,0.5228509985852892,-0.035828444053460785,-0.060435170779781694,-0.7538306421983928,0.2873440086841583,180,83.44365063738324,overlap_matched_parcel,0.7,False
scene_295,dense,21,Asset_Package_in_paper_with_rope,rigid,6139,0.85270547519735,0.8788076233914318,5.094015089697958,-22.2307313820993,-0.07410537040190736,-0.12839537019398164,-0.8233890241732408,3.0890579223632812,180,91.35500233699234,overlap_matched_parcel,0.7,False
scene_296,dense,23,Black Package,rigid,7358,1.026871735662646,0.9100298994291928,0.9691394035496945,0.02773839162872882,-0.037024815302627787,-0.04616774408283127,-0.7952089247676171,1.0460829734802246,180,123.28511767230421,gradient_global,0.92,True
scene_296,dense,32,Paper_Shopping_Bag,soft,7815,0.9795028123438357,0.7370441458733206,28.232008585519072,-2.455208143484766,-0.22175709209950187,0.00048296609731231807,-0.001094690212153607,3.8054251670837402,180,-2.362783451915762,gradient_global,0.92,False
scene_297,dense,21,Colis VistaPrint,rigid,8935,1.0642131429075403,0.8848349188584219,3.8769725988297825,0.7455357215451208,-0.031990976121267375,-0.03906710891050755,-0.8965777350741652,0.12786102294921875,180,121.78164920739998,gradient_global,0.92,True
scene_298,dense,27,Amazon_A2_Package,rigid,11037,0.9890599651871451,0.9273353422298751,7.9166635466393735,-0.46260895018046533,0.03158409847027878,0.041382415451295416,1.1551161332836386,2.9465365409851074,180,-10.073174474031221,gradient_global,0.92,True
scene_299,dense,39,Amazon_Book_Package,rigid,8295,0.9894661679408543,0.94333936106088,4.228163254559306,0.4450432037197416,-0.011737270936074748,-0.020585802630389657,-0.0399623363261501,1.1440805196762085,180,1.0428751320823437,gradient_global,0.92,False
scene_299,dense,31,Куб,rigid,4826,0.99910910285,0.935764608371322,1.8667673709221868,0.3864394965764628,-0.022385923698595548,-0.05574302969270258,-0.9019663613787763,0.5637359619140625,180,81.42749037027708,gradient_global,0.92,True
scene_299,dense,18,Amazon_A2_Package,rigid,2907,0.330731397519701,0.8740208877284595,103.16992241887493,8.113381598580549,-0.27352465229039025,-0.525871919022037,2.8124476251339865,89.15682220458984,180,-15.286001693446849,gradient_global,0.92,False
scene_300,dense,21,Ikea Cardboard Package,rigid,13623,0.9935457199198269,0.9524333847170227,2.9068725701814353,0.8094060673666803,-0.01809267082609092,-0.015099395507661012,-0.600337426837256,2.0337371826171875,180,66.84578443116784,gradient_global,0.92,False
scene_300,dense,38,SM_Little_Package,rigid,4329,1.1659912672219956,0.8348348348348348,4.5874827388050585,-4.707862326078338,-0.04415341272044307,-0.012970172748265427,-0.6229719509565049,0.1977386474609375,180,59.00899617228139,gradient_global,0.92,True
scene_301,dense,38,Amazon_A2_Package,rigid,10686,0.9885796412427054,0.9502385183799458,4.909194440608019,-0.4341960077063334,-0.02010131606045433,-0.029214846279239967,0.6697850633339262,0.41219183802604675,180,-6.006806210081317,gradient_global,0.92,False
scene_301,dense,35,Amazon_A2_Package,rigid,10631,0.9890411505435408,0.9316278641759456,7.324950288662073,-0.44267691976962453,-0.03434135155633489,-0.00826252206477082,0.627055758933553,0.9557992219924927,180,-5.659779406793852,gradient_global,0.92,True
scene_301,dense,24,Space_Food_Bag,soft,2601,0.6719604105301402,0.7737979993546306,18.62490554490865,-0.22276365850282254,-0.19815519610227136,0.0802288475903921,0.30981108153666004,87.19760131835938,180,-8.854098028740598,gradient_global,0.92,False
scene_302,dense,29,SM_Little_Package,rigid,4190,1.0112692495887219,0.8503579952267303,5.288542890485277,-1.2784452969158977,-0.014923203335654405,-0.07311930909912522,-0.6702353812629085,3.8448939323425293,180,67.11237753957833,gradient_global,0.92,False
scene_303,dense,46,SM_Little_Package,rigid,3944,1.1004966342779328,0.8237829614604463,4.54948532882292,-4.262139937726284,-0.039474354932372537,-0.038499714767730314,-0.8496447187917875,1.7247695922851562,180,82.64751341488996,gradient_global,0.92,True
scene_303,dense,40,Space_Food_Bag,soft,2719,0.868073132947513,0.8672305994851048,13.680417536504622,-0.2299335598535679,-0.16358222860338004,-0.07338886946261479,0.1925080769201159,0.0775299072265625,180,-5.595102492756743,gradient_global,0.92,False
scene_304,dense,26,Black Package,rigid,7094,1.0120210766648032,0.9126021990414435,1.2160785263503522,0.464918013593385,-0.03520713485620461,-0.03855341506174988,-0.5861906545443291,2.26416015625,180,91.32363660587362,gradient_global,0.92,False
scene_304,dense,31,Small Packet,rigid,4567,0.8568122711281366,0.9119772279395665,6.5680067530548,0.08419824541894272,-0.06776904359244884,-0.06858273105290222,-0.007103177234794553,3.1267545223236084,180,0.3328071697475954,gradient_global,0.92,True
scene_305,dense,19,China Package,rigid,8130,1.005021490008374,0.925830258302583,3.1342462516275162,1.7148263820297993,-0.029879157553904603,-0.020904856789213493,-0.9453583454349279,1.7264862060546875,180,360.93070483780366,lateral_neighbor,0.75,True
scene_305,dense,36,Paper_Shopping_Bag,soft,6043,0.9771442837475997,0.6683766341221248,40.456943464632936,-1.1138402114518886,-0.2488068267323544,-0.05536117755175924,-0.5840895097356293,87.3816909790039,180,48.19805137005717,gradient_global,0.92,False
scene_306,dense,33,Small_Shipping_Bag,soft,5472,0.8538308928682843,0.9069809941520468,1.8572199451310498,0.12812515496563037,-0.09294556139029414,-0.08353859448839704,0.015263228084138951,1.726448655128479,180,-0.40608484390736166,gradient_global,0.92,True
scene_307,dense,40,Louis_Vuitton_Package,rigid,3588,1.0562608920256709,0.875139353400223,6.387975557072895,0.07245482448869911,-0.014207004764854706,-0.03516706156522015,0.06670985997453198,2.947314739227295,180,-2.929488260433488,gradient_global,0.92,True
scene_308,dense,30,Куб,rigid,5469,1.1382904362821786,0.84713841652953,6.169793203322496,0.11877194238762989,-0.029018459912764732,-0.006135957785478906,-0.8588732427501712,1.652438998222351,180,77.29708269437042,gradient_global,0.92,True
scene_308,dense,22,Colis VistaPrint,rigid,8130,1.1149551358250465,0.8672816728167282,4.69285509105578,0.13812280558789247,-0.03890251941820271,-0.0087598086424823,-0.38913744911788006,0.7914199829101562,180,52.67165199793933,gradient_global,0.92,False
scene_309,dense,28,Amazon_Book_Package,rigid,8342,0.9875047460534718,0.6661695252299279,63.333185144903936,0.8163577061004457,0.2854629306448935,0.11895721727928517,3.1556900849078637,0.8004379272460938,180,-46.39147906925189,gradient_global,0.92,True
scene_310,dense,42,Small Packet,rigid,5645,0.8527898335026495,0.9261293179805137,3.3037333878621666,0.03372367671361509,-0.07534935889445206,-0.09776722777487257,-0.23647648348200018,0.9062618613243103,180,8.310399024183734,lateral_neighbor,0.75,False
scene_310,dense,39,Small Packet,rigid,5435,0.8542082818895362,0.914259429622815,2.9187129901229643,0.03384737993461506,-0.08817889602210892,-0.048067118095827234,-0.2611656710006514,3.2987608909606934,180,9.174644126183296,gradient_global,0.92,True
scene_310,dense,40,Vintage_Envelope,soft,2392,0.9905748687562576,0.7544567776656576,17.65030706835246,0.03068186478849544,0.033550069323282646,0.17990525371166136,3.8602516061829193,2.046165943145752,180,-57.2554410739271,gradient_global,0.92,False
scene_311,dense,26,Small Packet,rigid,4404,0.856119065056237,0.9128065395095368,6.996732834949721,0.028897843880160146,-0.08196571525544073,-0.08611755141204559,-0.16553324202836156,1.585511565208435,180,5.822558574695158,gradient_global,0.92,False
scene_311,dense,36,Vintage_Envelope,soft,3069,0.9898798442449162,0.7892328398384926,17.58012543888002,0.06954141290393956,0.1621968745844923,0.0971307502465302,1.4712861948822311,1.6437606811523438,180,-21.779048247558496,lateral_neighbor,0.75,False
scene_311,dense,28,Amazon_A2_Package,rigid,5642,0.718979124069331,0.658908908908909,5.386497951723703,14.799295260526923,-0.014222638546729517,0.010738892060712622,2.1434111444445074,1.825225830078125,180,-3.033877026849763,gradient_global,0.92,True
scene_312,dense,31,Amazon_Book_Package,rigid,8990,0.9884206877958086,0.8393250886779791,20.647411231252647,0.05836494206201692,0.024507685301208147,0.14813856718269472,-0.07464557781762851,2.239164113998413,180,1.1750624409370136,gradient_global,0.92,True
scene_312,dense,42,Small Packet,rigid,4952,0.853338739132968,0.9220516962843296,3.6378509235241023,0.050711604396846965,-0.08354582045860949,-0.09332306763219197,-0.22275384088337677,1.1095250844955444,180,7.8470936247165834,gradient_global,0.92,False
scene_313,dense,28,Small_Shipping_Bag,soft,5478,0.8529512638154552,0.9255202628696605,4.765858718009601,0.9275829245967149,-0.047981509478486624,-0.055237675608226636,0.05295775312760208,3.447953462600708,180,-0.9257168768577184,gradient_global,0.92,False
scene_314,dense,12,Amazon_A2_Package,rigid,8991,0.9894981893944116,0.9465073727262943,3.9723040131139467,-0.059013155315312815,-0.010559180462917648,0.021684326053676692,6.939021663477253,1.910720705986023,180,-57.78642757660424,lateral_neighbor,0.75,True
scene_314,dense,38,Carton Magdeleine,rigid,4847,1.008191838246883,0.9321229626573138,0.618146097773465,1.1324448407070697,-0.05274189964514907,-0.02986427434625506,-0.0036601996787047997,0.5728225708007812,90,1.597247962206727,gradient_global,0.92,False
scene_314,dense,27,SM_Little_Package,rigid,2883,1.0083603573983637,0.8612556364897676,5.2705308328043,-4.210351498898035,-0.009158347383775621,-0.07090012480950131,-0.045224916024337834,2.6038918495178223,180,0.4148326112800582,gradient_global,0.92,False
scene_315,dense,28,Black Package,rigid,7584,1.133818461942496,0.8498154008438819,5.014929281344683,0.02367158368676847,-0.02312336946816717,0.006232359279943754,-0.5522891900846153,1.4419382810592651,180,85.62849455949728,gradient_global,0.92,True
scene_316,dense,18,Asset_Package_in_paper_with_rope,rigid,6964,0.8433041329184242,0.8980470993681792,13.241014436784669,-22.15746438616273,-0.044786197694164184,-0.09291578845151477,-0.20171161757390213,2.218271017074585,180,5.67066924462567,gradient_global,0.92,True
scene_317,dense,32,Amazon_A2_Package,rigid,9470,0.989638607281646,0.9472652218782249,5.486858070919953,-0.46155473411779724,0.02577818031084378,0.05540979918614378,10.129564262073034,2.254791259765625,180,-84.73941631326231,gradient_global,0.92,False
scene_317,dense,34,Amazon_Book_Package,rigid,8930,0.9894137628891354,0.9080738786279683,11.851460789591087,0.1983178403555108,0.04985255126639114,0.04376997665924926,2.569662397681161,2.609452962875366,180,-38.24378004859419,overlap_matched_parcel,0.7,True
scene_317,dense,27,Black Package,rigid,7743,1.1323638726660552,0.8536742864522795,3.4500335952201175,0.21159324171682314,-0.004231644371790542,-0.04075414849013966,-0.39411332734167887,0.6803869009017944,180,61.2990770144708,gradient_global,0.92,False
scene_318,dense,15,Asset_Deformed_Package,soft,24769,0.9027826249302536,0.6680124348984617,25.782390915166552,-5.425233093162785,-0.05638542105126855,-0.06536273045608114,-0.8868892313696418,3.0702288150787354,180,297.7134986491685,gradient_global,0.92,False
scene_318,dense,26,Small Packet,rigid,5531,0.8528119227875378,0.9143012113541855,2.888043014456715,0.001995350542349783,-0.11014032806256346,-0.08987323620793766,-0.0003403343077027178,0.16498565673828125,180,0.013907051015671357,gradient_global,0.92,True
scene_319,dense,32,Small Packet,rigid,4708,0.8563297717629718,0.9177994902293968,1.0097566258956827,0.03687244841099613,-0.08593501912134242,-0.08556908956945354,-0.23770773285168856,2.4635391235351562,180,8.356635500559983,gradient_global,0.92,True
scene_320,dense,34,Amazon_Book_Package,rigid,7695,0.9890134749490488,0.9401213059749645,1.5114362617101686,0.07805550253825455,0.007342337138896649,-0.01907460811262973,1.9480599557897753,1.1013107299804688,180,-29.06491541443068,lateral_neighbor,0.75,False
scene_320,dense,36,Vintage_Envelope,soft,2879,0.9890854876300302,0.8563571659657069,10.38529918380566,0.035435704780706345,-0.008141252171593689,-0.0002570550226200428,0.22965567521982,2.1997451782226562,180,-3.374950367564966,gradient_global,0.92,True
scene_321,dense,36,Small Packet,rigid,4982,0.8544836101833143,0.9104777197912485,4.369339358029208,0.21927190549853037,-0.07223947287399078,-0.08218297745515762,-0.3081860226243702,1.1470108032226562,180,11.005574364085557,gradient_global,0.92,False
scene_321,dense,40,Amazon_A2_Package,rigid,9391,0.986506347095485,0.8363092540560138,21.63452020444814,-0.3585095379439185,0.0015562458699721513,0.15219818423301212,0.8563218370973668,0.3205793797969818,180,-7.48296961639916,gradient_global,0.92,True
scene_322,dense,29,Amazon_Book_Package,rigid,8432,0.9883556454539363,0.8679846938775511,6.582783152604145,0.7051439330731935,0.004761114889728276,0.17231584949861517,-0.058661596150234585,3.889801025390625,180,1.582701490362881,gradient_global,0.92,False
scene_322,dense,7,Black Package,rigid,7323,1.0512367129126932,0.8872046975283354,0.6964387513731816,0.7620540687458544,-0.021133290560486205,-0.0210062047719752,-0.9273112045081922,2.8276374340057373,180,144.49202800517912,gradient_global,0.92,True
scene_322,dense,13,Colis VistaPrint,rigid,8770,1.0950014955657625,0.8653363740022805,5.483282896628152,0.8558938172347208,-0.017597841319146833,-0.029739569159894858,-0.8831418229269502,1.6398059129714966,180,120.07733350943938,gradient_global,0.92,False
scene_323,dense,36,Amazon_Book_Package,rigid,10190,0.9884496809988892,0.8996819627442072,5.061545253253989,0.04101480258245083,0.0038389375529012944,0.13308179668964143,0.001218521822640135,3.3013381958007812,180,0.022785717303630548,overlap_matched_parcel,0.7,True
scene_323,dense,27,Storage_Box_with_Lid,rigid,5141,0.42130182790761656,0.6857248247879011,117.57670672593899,8.864377132487888,-0.28091941711586005,-0.5329794503081077,-0.3677923873851779,88.32220458984375,180,79.9328955158316,gradient_global,0.92,False
scene_323,dense,40,Louis_Vuitton_Package,rigid,4550,1.0796985837334274,0.9032967032967033,6.387576095683874,0.019730542991647226,0.011315463818502187,0.008170091670085877,1.4950429455594143,2.5619659423828125,180,-67.25719762316196,gradient_global,0.92,False
scene_324,dense,34,Amazon_Book_Package,rigid,8644,0.9894252897271895,0.9088029707295763,6.8083756908231186,0.14640554038902742,0.0417705471699193,0.057347544879048945,-0.19575960403191517,2.5549468994140625,180,3.0749638375906496,gradient_global,0.92,True
scene_324,dense,26,Amazon_Book_Package,rigid,8549,0.9890991011971728,0.9165735983917802,11.648956520283843,0.1467120710549885,-0.01988332334992109,0.02430662393944431,-0.043759781927404914,1.25892174243927,180,0.8013572062501861,overlap_matched_parcel,0.7,False
scene_325,dense,41,Amazon_Book_Package,rigid,10367,0.9886052818350368,0.8839754816112084,2.3920131185817586,0.05097871245185459,-0.0033340614102428693,0.13731938721381287,0.12882009677293701,1.9882071018218994,180,-1.876169401303196,gradient_global,0.92,False
scene_325,dense,22,Envelope_Stack,soft,10306,0.6211549622014353,0.8550640279394645,12.035170143049214,-1.8906834943837048,0.03336424689630245,-0.1710869794120799,0.8999277415054454,2.3724899291992188,90,-8.883120108438947,gradient_global,0.92,True
scene_326,dense,24,Куб,rigid,5343,1.0430283831274865,0.9051094890510949,2.453365679318401,0.01091769176930768,-0.019898772845006237,0.048470910224321935,-0.005303925320786238,3.587714672088623,180,0.48752841750177023,lateral_neighbor,0.75,True
scene_326,dense,19,Black Package,rigid,7233,1.1500120180915232,0.8354762892299185,6.579377891376083,0.013896128247536943,0.008683657552307236,0.06710565164915505,-0.8917785444789512,3.6305313110351562,180,138.23956948033745,gradient_global,0.92,False
scene_327,dense,35,Amazon_A2_Package,rigid,8308,0.9896499171350913,0.9423590935502615,8.988274449059364,-0.40971105737408475,0.02463354988125201,-0.00670104011594681,1.7120157707666273,1.2264328002929688,180,-14.653560626456397,lateral_neighbor,0.75,False
scene_327,dense,6,POP_Drinks_Pack,rigid,5545,0.47247966163612315,0.8295012380615493,95.20858626213793,0.2185628685484886,-0.38260431062377703,-0.3265428057107395,-0.8877612654786456,88.6919174194336,180,114.72103302907487,overlap_matched_parcel,0.7,True
scene_328,dense,36,SM_Little_Package,rigid,3523,1.0117329688974133,0.8663071246097076,4.792723824381526,-2.8986828256531982,-0.009912585467134307,-0.11601522876887238,-0.8364219407818672,1.0543220043182373,180,82.6106126049413,gradient_global,0.92,True
scene_328,dense,20,Paper_Shopping_Bag,soft,6491,0.9422118304807806,0.6062240024649515,52.58920757614312,1.450066096917224,-0.27850634981943323,-0.1052954886173851,-0.5286380890402343,86.08960723876953,180,46.057780696135644,gradient_global,0.92,False
scene_328,dense,39,Small_Shipping_Bag,soft,4123,0.8521039771947543,0.9061363085132186,5.966889560953579,2.032219127655832,-0.09152088311184935,-0.08888696388131927,0.20392287770298667,2.7876901626586914,180,-5.101051949473856,gradient_global,0.92,False
scene_329,dense,29,Paper_Shopping_Bag,soft,6479,0.9403813917571113,0.688532180892113,30.58511684355699,-3.8568041012886356,-0.22578580648881671,-0.007967338077191919,-0.061854637693771704,2.842184543609619,180,1.3646707864115593,gradient_global,0.92,True
scene_330,dense,20,Small_Shipping_Bag,soft,4496,0.858497078863321,0.9477313167259787,2.87246158302493,0.002604560852104143,-0.05653597580028672,-0.04305721707010316,0.6470943178449411,3.9508635997772217,180,-22.64569656369808,gradient_global,0.92,True
scene_330,dense,4,Asset_Large_cartoon_Box,rigid,12074,0.4377523202650211,0.5115721202967438,60.52413551965993,22.72867000577561,0.0020460629803319384,0.04954403835168692,-0.791601329513212,0.4883882403373718,180,292.7043034359866,gradient_global,0.92,False
scene_331,dense,21,Amazon_A2_Package,rigid,9573,0.9967529657440931,0.6796197639193565,34.17867600566476,0.8760381191250805,-0.017356161799166926,-0.2614068969835109,-0.09333004800643249,2.4693832397460938,180,3.2761284974124893,gradient_global,0.92,True
scene_332,dense,39,Amazon_Book_Package,rigid,7583,0.9899370376034603,0.8976301001710237,10.351813932994204,0.0861878605208366,0.00896268973937027,0.0889454264994213,0.7897801262159728,2.649174213409424,180,-11.728918438143833,gradient_global,0.92,True
scene_332,dense,25,Amazon_Book_Package,rigid,4745,0.6521883043168233,0.5742156604271026,3.5754047804036544,14.838192653992554,-0.029168239548738633,0.10186827691677822,0.9236329301711189,3.3700790405273438,180,1.020649152100539,gradient_global,0.92,False
scene_333,dense,47,Vintage_Envelope,soft,3448,0.9861128616540416,0.8778305842885099,5.998003218043052,2.1169516094778906,-0.06067845502465189,0.07283863869533234,-3.686454603715345e-05,1.5540906190872192,180,2.117498847843846,gradient_global,0.92,False
scene_333,dense,14,Black Package,rigid,6167,0.8532883940634427,0.7204669458190585,14.506202091752499,16.035070421789534,-0.010558028511387296,0.10249284911568571,-0.8124821324255304,1.1858903169631958,180,141.9237593994864,gradient_global,0.92,False
scene_333,dense,20,Black Package,rigid,8073,1.1080599316469348,0.8307940047070482,6.25211691633141,3.5755900589287126,-0.057237741215116565,-0.007058708886666404,-0.8950855800736065,0.02827916108071804,180,142.263132469144,lateral_neighbor,0.75,False
scene_333,dense,26,Louis_Vuitton_Package,rigid,4035,1.0151351369404302,0.8978934324659231,1.6316942511079244,2.859673841431709,-0.005817919312168425,-0.02266640910053878,-0.6855031647934492,2.3301796913146973,180,33.69603840541902,gradient_global,0.92,True
scene_334,dense,18,Colis VistaPrint,rigid,9308,1.064668852800612,0.9042758917060593,5.500061017096977,0.0532686257381787,0.00697902452438966,0.031964653584538844,-0.7072931936898147,3.1887664794921875,180,95.53784136130395,gradient_global,0.92,False
scene_334,dense,20,Paper_Shopping_Bag,soft,7472,0.956242273381366,0.7206905781584583,35.92530283209459,-2.3622196560122433,-0.25144210895415836,-0.00637303918542749,-0.5712963579496472,2.067107915878296,180,45.87232759602677,gradient_global,0.92,True
scene_335,dense,37,Vintage_Envelope,soft,3569,0.9886208372338205,0.9075371252451667,3.74145578077497,0.37115552089828086,-0.040594015343109136,-0.04570693077690493,0.3147843354948942,2.2155380249023438,180,-4.3032234833382255,gradient_global,0.92,True
scene_336,dense,30,Amazon_A2_Package,rigid,8512,0.9911762622198292,0.9137376649295931,7.108934623698915,-0.4569040393824775,-0.02017962023654662,0.0796310877953589,0.9452541780013411,1.1853305101394653,180,-8.321418800345759,gradient_global,0.92,True
scene_337,dense,1,Big Package cardboard,rigid,16904,0.6727787807132952,0.5845592608747373,15.727137618433453,6.99979678783369,-0.01902546153191718,0.07484627410760332,-0.9730106323588218,1.8452987670898438,180,668.4065162480391,gradient_global,0.92,False
scene_337,dense,34,Amazon_A2_Package,rigid,9843,0.9890236872750479,0.9219521642296892,4.389193062400965,0.9603916777327637,0.012545223790451613,0.0899464496438969,0.8981393098401802,3.9603545665740967,180,-6.509411099405726,gradient_global,0.92,True
scene_337,dense,44,SM_Little_Package,rigid,2973,1.0687945401581307,0.8324924318869829,5.37456572820409,-3.7808499554793373,-0.02150244535330188,-0.10893242311519559,-0.03775390339330963,1.26177978515625,180,0.0795930309542836,gradient_global,0.92,False
scene_338,dense,40,Amazon_A2_Package,rigid,10831,0.9890143903344548,0.9460672099624576,2.024628409861351,-0.45134722685280515,-0.002320058841141023,0.06988654498629907,0.502813863028521,2.2839126586914062,180,-4.634758447086718,gradient_global,0.92,True
scene_338,dense,49,Vintage_Envelope,soft,3991,0.9891197764464171,0.8432165318957772,2.9579432320436148,0.006022773787695002,-0.041891462649382365,0.17162387140513646,0.0028130047126935505,3.5538787841796875,180,-0.03575034499592178,gradient_global,0.92,False
scene_339,dense,17,Colis VistaPrint,rigid,9773,1.104209912028363,0.878645247109383,2.694540246533359,0.5738496874361232,-0.001972409371059445,0.04092758141190995,-0.9329171340206179,3.253173828125,180,126.51557390234115,gradient_global,0.92,True
scene_339,dense,20,Carton Magdeleine,rigid,6050,1.0803713357145812,0.8755371900826446,4.151441845164596,0.4857134272580055,-0.02654440351279945,-0.015013443191315513,-0.9008745409206693,1.4749071598052979,90,114.89488252603653,gradient_global,0.92,False
scene_339,dense,32,Amazon_Book_Package,rigid,9168,0.9886731568574021,0.8303830664044207,32.41411659632128,0.7140101449882863,0.14397678005050493,0.0644012049504133,0.8675481661920239,2.557305097579956,180,-12.264295162202732,gradient_global,0.92,False
scene_340,dense,34,China Package,rigid,11125,1.1791294276582769,0.8205842696629213,5.043611527918573,0.45120231142714573,0.0030130903334457,-0.014724030245188553,-0.9662829521105151,1.0097930431365967,180,367.6374162980259,gradient_global,0.92,True
scene_340,dense,31,Ikea Cardboard Package,rigid,12519,1.047883767707333,0.9228372873232686,4.947341464130622,0.36622604312819274,0.00428604575408374,0.06391940103414975,0.034561612850113554,3.701112985610962,180,-3.435537829556412,gradient_global,0.92,False
scene_341,dense,38,Amazon_A2_Package,rigid,9060,0.9974981675899659,0.9190511647697054,10.836333296750638,-0.45621109008742167,0.005563859950762705,-0.008183958611647328,5.023837396731771,0.1368226855993271,180,-42.254538230853896,gradient_global,0.92,False
scene_341,dense,43,Amazon_Book_Package,rigid,8561,0.9888596060462301,0.7500893814801574,31.387148126074038,-0.0018539047241805662,0.08097185628062552,0.23611661704026662,1.0469653415170008,1.9593353271484375,180,-15.664455413802791,gradient_global,0.92,True
scene_342,dense,38,Storage_Box_with_Lid,rigid,11940,1.0226423983722883,0.9336683417085427,3.436771003883829,0.1324547633470008,-0.029333025305292776,-0.034078781426077044,-0.08140652089245862,0.02028656005859375,180,15.862631267906767,gradient_global,0.92,True
scene_342,dense,14,China Package,rigid,12370,1.2259747374479961,0.7970088924818108,1.917834874771065,0.13488172275422095,-0.00585984389819931,0.03784665484865048,-0.7044967131123424,2.7277679443359375,180,267.84353863422206,gradient_global,0.92,False
scene_342,dense,34,Куб,rigid,4866,1.1336573987587384,0.8579942457870942,6.349681326593995,0.09768237659646406,-0.031887476501389025,0.0055467017152902405,-0.9048225905472915,1.2054443359375,180,81.40501179226622,gradient_global,0.92,False
scene_343,dense,24,Paper_Shopping_Bag,soft,7229,0.9671499455009518,0.7082584036519574,37.45742046426312,-2.1536884351898156,-0.24241305873415153,0.01896251047188302,-0.33991914860082456,3.9319474697113037,180,26.545545724480757,gradient_global,0.92,False
scene_343,dense,21,SM_Little_Package,rigid,4133,1.1598183555360908,0.798209533026857,6.494076428901157,-4.253288959471413,-0.046818232204784635,-0.004838537180939253,-0.7974095440599924,0.8960670232772827,180,77.31333666574847,gradient_global,0.92,True
scene_344,dense,34,Куб,rigid,5251,1.1282954899448592,0.8598362216720624,5.991628904912095,0.03312140274180919,-0.015425926710142139,0.0434165334698105,-0.38992123719723415,2.864959716796875,180,35.07144069202961,lateral_neighbor,0.75,True
scene_344,dense,32,Small_Shipping_Bag,soft,4072,0.8577266699543171,0.9101178781925344,0.688944176841484,0.02575779095081998,-0.07963861453378747,-0.06500053778983944,0.019791399363340813,0.48301687836647034,180,-0.6669411257713698,gradient_global,0.92,False
scene_345,dense,28,Small Packet,rigid,4258,0.8546396712091946,0.810844629822732,34.82891519921932,0.9768642557786977,0.8748125807876739,-0.0007727593256506421,-0.36439691091653653,1.0522631406784058,180,13.729306706711796,overlap_matched_parcel,0.7,True
scene_345,dense,29,Small Packet,rigid,4278,0.8523277732866276,0.8987844787283777,7.919061760402277,1.0033145630595763,-0.11399256687513784,-0.11983012178184102,0.06256054335251514,0.629058837890625,180,-1.1860556124323463,gradient_global,0.92,False
scene_346,dense,34,Amazon_A2_Package,rigid,8857,0.9896947423341015,0.9047365620010644,6.493073286879139,-0.39615914515089834,0.04086014479053408,0.035644305209603856,0.7678260947174864,3.117516279220581,180,-6.784405784539427,gradient_global,0.92,False
scene_346,dense,47,SM_Little_Package,rigid,3639,1.0088590884334536,0.8785380599065677,3.2149168514231556,-4.237916083802418,-0.031225824590250525,-0.01849242773016668,-0.9045706533620317,3.8147811889648438,180,88.2896533143801,gradient_global,0.92,True
scene_347,dense,43,Louis_Vuitton_Package,rigid,4743,1.0383105002718394,0.8977440438541008,2.2928067937136607,0.3803916797562312,0.005685268294291246,-0.009711276346782578,-0.7612606687509405,2.673241376876831,180,34.636835460697625,gradient_global,0.92,True
scene_347,dense,34,Small Packet,rigid,5376,0.8536588473786512,0.9155505952380952,2.9580265389656155,0.15981841109202755,-0.07446417685103737,-0.0756058452548834,-0.21236836161036335,3.2972910404205322,180,7.592648944400926,gradient_global,0.92,False
scene_348,dense,25,SM_Little_Package,rigid,5022,1.0790202989301219,0.84926324173636,3.864112534477952,-4.279971405176886,-0.053401327504677625,-0.004567258077102787,-0.9001765343542661,2.012712240219116,180,87.7988832187806,overlap_matched_parcel,0.7,True
scene_349,dense,41,Amazon_Book_Package,rigid,7467,0.9891188288024041,0.7965934065934066,25.67447401838284,0.313775237608116,0.13278004664559742,0.1452839373758195,1.1122122560324594,2.749485969543457,180,-16.324860494981053,gradient_global,0.92,True
scene_350,chaotic,9,Ikea Cardboard Package,rigid,10872,1.011929307709657,0.9135393671817513,2.750651894636317,9.398619781207817,0.08346458110881874,0.13501368156520888,0.10175744751931633,11.163862228393555,180,-1.7682841556867501,gradient_global,0.92,True
scene_352,chaotic,16,Amazon_A2_Package,rigid,3595,0.5930606337838721,0.608735380116959,18.285898501942025,47.59561953029545,0.003606438330034573,0.29572506950706423,6.441331602231871,62.949241638183594,180,-5.99625724914965,gradient_global,0.92,False
scene_352,chaotic,18,Small Packet,rigid,3309,0.8487752607415644,0.8117255968570565,10.828810995674125,6.769562753067282,-0.05722454920978498,0.13045884787037154,0.747927195168643,32.82893753051758,180,-19.303447246013405,gradient_global,0.92,True
scene_353,chaotic,29,Small Packet,rigid,3071,0.8495118630635695,0.8108108108108109,14.244153874754664,7.021216317766421,-0.19549152707546524,-0.07707597597309553,-0.2595176049026534,0.7509536743164062,180,16.064401487317692,overlap_matched_parcel,0.7,True
scene_354,chaotic,17,Amazon_Book_Package,rigid,6627,0.9904495456616025,0.7039398770211797,78.64711694642959,9.898967367919731,0.4843490924087325,0.9220013369099439,0.6656292183304099,7.5360589027404785,180,-0.058844922822043344,overlap_matched_parcel,0.7,True
scene_355,chaotic,19,Amazon_Book_Package,rigid,6656,0.9701300956525651,0.8922776442307693,7.922957453383099,4.383996493385389,0.012922765031951906,0.22141288894199865,1.0407600151382854,14.982101440429688,180,-30.198751450134175,gradient_global,0.92,True
scene_356,chaotic,13,Envelope_Stack,soft,5745,0.622025180792714,0.5196729196729196,44.07687191877912,-2.289775177682918,0.3703452304937688,0.393324146286319,1.9874655251666933,9.172111511230469,90,-17.73238220126272,gradient_global,0.92,True
scene_357,chaotic,25,Black Package,rigid,8095,1.1256324353521496,0.8358245830759728,1.8102059819776142,0.38072392934584975,0.05643764695625543,0.5925086166025821,-0.7951878844422074,42.76577377319336,180,123.63424937715095,lateral_neighbor,0.75,False
scene_357,chaotic,29,Amazon_A2_Package,rigid,8883,0.9899615724316234,0.8272119391413897,23.50306137008194,-0.4315242367014527,0.07681924894464179,0.17472071186733434,1.8744751803362163,10.411774635314941,180,-16.027082242745514,gradient_global,0.92,True
scene_358,chaotic,14,Amazon_Book_Package,rigid,4532,0.9917090382586881,0.876157169306727,5.051279933390146,0.21265771993128624,0.08646586933972256,0.4604256911664928,0.09491619286390574,19.36614990234375,180,-1.2072859062454144,gradient_global,0.92,True
scene_359,chaotic,12,Amazon_A2_Package,rigid,9020,0.9890119696256741,0.9426864350520027,4.322757482147537,-0.3701414482446541,-0.03552995391476469,0.02184754648755247,0.15020672989198403,0.05936431884765625,180,-4.3598871511467685,overlap_matched_parcel,0.7,True
scene_359,chaotic,5,Storage_Box_with_Lid,rigid,4529,0.45649034534405475,0.5582287822878229,70.12927676206637,26.205700238763452,0.018755866451549648,-0.11754485402009977,0.5422719224401412,65.46182250976562,180,-78.58233771810063,gradient_global,0.92,False
scene_360,chaotic,20,Small Packet,rigid,4355,0.8519761370327193,0.8980482204362802,4.460654560936402,1.2286505771396117,0.0722078784029825,0.2078890635641394,0.0714555880512367,27.524242401123047,180,-1.2707637972951824,gradient_global,0.92,True
scene_361,chaotic,25,Small_Shipping_Bag,soft,2963,0.8457086866487072,0.8842389470131623,5.211653739153879,2.4632335165105657,-0.047032779477230585,-0.061399410655348166,-0.31635199356975796,6.1065826416015625,90,13.510717378990122,overlap_matched_parcel,0.7,True
scene_362,chaotic,30,Amazon_A2_Package,rigid,8870,1.0014900772934283,0.8251190823369301,8.737717440242381,1.358905947700606,0.1242630549041012,0.5018868711134276,1.5987879296770542,26.618953704833984,180,-17.82386452160867,gradient_global,0.92,True
scene_364,chaotic,18,Black Package,rigid,5520,0.9660127704786625,0.9244565217391304,4.376776127324126,12.389674287363594,-0.058880026779705386,0.06312599584672081,-0.6274862733599351,5.2496185302734375,180,109.22291317656374,gradient_global,0.92,True
scene_364,chaotic,16,Black Package,rigid,5307,1.08400593480151,0.8456755228942906,5.323050239220368,0.23116867612149594,0.04953562463375969,0.46995148771411527,-0.522402117367155,33.950042724609375,180,81.20335322302086,gradient_global,0.92,False
scene_365,chaotic,17,Paper_Shopping_Bag,soft,7612,0.9460493980777132,0.7377824487651077,11.727405582053722,-5.479431156924397,0.006473002017659795,0.35612123156774544,-0.4387424618394878,44.74609375,180,31.562555934635196,gradient_global,0.92,True
scene_365,chaotic,18,Paper_Shopping_Bag,soft,7700,0.9530759827197456,0.7203896103896104,23.403560228075147,-2.4597600003761766,-0.052847608971985344,0.05256865372153022,-0.4219629199693693,20.038040161132812,180,33.16557010578636,gradient_global,0.92,False
scene_366,chaotic,32,Amazon_A2_Package,rigid,7142,0.9907760871798869,0.7429375473536097,16.912714772129522,-0.48202976906264183,0.10802660242660918,0.5641024496225914,3.076547309796296,46.865257263183594,180,-26.07883565837099,gradient_global,0.92,True
scene_367,chaotic,15,Envelope_Stack,soft,6295,0.621842025794517,0.62918636226491,23.725925802008355,-2.3694563436721383,0.3148740114515074,0.38066598212168945,2.3226624721363898,41.12586975097656,90,-20.41646456515922,gradient_global,0.92,True
scene_369,chaotic,21,Small Packet,rigid,3901,0.8471102135788349,0.8743911817482697,6.160917189574457,2.2259461063519614,0.03838939816382592,0.18687850836750397,-0.3328983394662844,35.09877395629883,90,13.850800086507075,gradient_global,0.92,True
scene_370,chaotic,20,Black Package,rigid,6746,1.0795631763868494,0.823302697895049,1.746504357084071,4.544549409329024,0.05833482836895712,0.4661509579557878,-0.3755805112097158,37.61131286621094,180,62.67865402970252,gradient_global,0.92,False
scene_370,chaotic,11,Colis VistaPrint,rigid,7461,1.098580773192291,0.856453558504222,4.095829790299622,0.0023789624040704282,0.07656028540848688,0.5366410321031863,-0.5185894087865606,42.17673110961914,180,70.01194902048091,gradient_global,0.92,True
scene_371,chaotic,25,Amazon_A2_Package,rigid,7729,0.9898539443895427,0.6858383071079761,25.164302566919744,-0.4755993935723346,0.17203987196677764,0.4692995776133245,2.192372925566395,26.743335723876953,180,-18.71601605704376,lateral_neighbor,0.75,True
scene_371,chaotic,19,SM_Little_Package,rigid,3164,1.0189224953362799,0.8403919089759798,5.059785527023298,-4.230716013171376,-0.026625495483697328,0.49427134359736463,-0.03677363539133787,38.78075408935547,180,-0.46916684871223246,gradient_global,0.92,False
scene_372,chaotic,18,Amazon_A2_Package,rigid,7499,0.9910563470987616,0.8005342831700801,23.22514451131775,-0.46988237420153567,0.09115847281265083,0.3284169657612281,2.2247766447798534,12.87590503692627,180,-18.98002373827701,gradient_global,0.92,False
scene_372,chaotic,12,Carton Magdeleine,rigid,4560,1.071262102718996,0.8048172757475083,13.735954514233269,0.02165082924032724,0.2313159445406233,0.4046551453774155,-0.8661198171268251,33.797855377197266,90,110.01886569980445,gradient_global,0.92,True
scene_372,chaotic,16,Amazon_A2_Package,rigid,7460,0.990838445156403,0.6252871607249213,10.672912180145934,-0.5296926229333421,0.23745982481949143,0.6836668327583548,2.9274632866520824,40.78272247314453,180,-24.886186746159055,gradient_global,0.92,False
scene_374,chaotic,26,Amazon_Book_Package,rigid,4931,0.9797468216171777,0.8384544618215272,18.33918321106704,3.8333290963312727,0.08968537024023727,0.5275670189346227,1.3453783023845571,42.94375228881836,180,-16.267031058649017,gradient_global,0.92,True
scene_375,chaotic,17,Куб,rigid,3396,1.0800928427593819,0.8327444051825678,3.8791917561899947,4.962430218150793,0.001556725025983625,0.546486805958129,0.25344678701981227,28.857425689697266,180,-17.791487480487532,gradient_global,0.92,False
scene_375,chaotic,8,Black Package,rigid,1765,0.4552393628986835,0.64501679731243,41.49250698454398,34.42745374107559,0.0711800865161996,0.1239426063381549,-0.5538884221926819,11.020553588867188,180,120.27924448701904,gradient_global,0.92,False
scene_375,chaotic,13,Small_Pouch,soft,1091,0.9583076939860822,0.8488175675675675,10.040501804465602,-0.5127103546567202,0.09463673814504538,0.16496992621241907,1.9315449833153755,41.81361389160156,90,-52.53545927531522,gradient_global,0.92,False
scene_375,chaotic,18,Louis_Vuitton_Package,rigid,2435,0.9848117525772054,0.9876897825194911,2.6890412719039825,7.189579397077872,-0.0006132547480389208,-0.016646893961094547,0.34490150515732376,1.3945846557617188,180,-8.219612840679957,overlap_candidate,0.7,True
scene_376,chaotic,25,Small_Shipping_Bag,soft,2714,0.8602866868539212,0.8629329403095063,7.011024474833276,0.04825106596284545,0.016722234688424566,0.12511133096377772,-0.041711668036091554,25.184650421142578,180,1.5081531166015738,overlap_matched_parcel,0.7,True
scene_376,chaotic,24,Small_Shipping_Bag,soft,2669,0.8602749233544067,0.8609966279505433,6.277875468879468,0.08720506218706792,0.021177183136627573,0.1940400175510754,0.06742141081607222,37.54981231689453,180,-2.2725340837558283,gradient_global,0.92,False
scene_377,chaotic,16,Amazon_Book_Package,rigid,4977,0.991608745743627,0.8155929848932106,24.76138225661825,0.6210247776796685,0.10436829889414839,0.2795977709733015,24.66696080207345,13.480186462402344,180,-368.3907375850128,gradient_global,0.92,True
scene_378,chaotic,9,Colis VistaPrint,rigid,5202,1.0715830451386197,0.8750480584390619,4.7205382162308105,0.024979386785806135,-0.0003694171805374646,0.10783886726155416,-0.9047011565656369,8.410751342773438,180,122.15963299600263,gradient_global,0.92,True
scene_379,chaotic,22,Asset_Package_in_paper_with_rope,rigid,7111,0.8521973877801345,0.8687948249191394,4.657456056850079,-22.282772117262372,-0.005160633091296303,0.036276587275631746,-0.813823516201399,10.272926330566406,180,89.99185228306061,gradient_global,0.92,True
scene_379,chaotic,23,Amazon_Book_Package,rigid,7191,0.9901789993139871,0.8208884688090737,14.038757050957354,0.3496176033597198,0.06782702320701142,0.23672598956308633,0.8389122938180756,8.590164184570312,180,-12.200458010800164,gradient_global,0.92,False
scene_379,chaotic,25,Amazon_Book_Package,rigid,6494,0.9863877771264161,0.7930397289805975,24.521682478436244,3.988197378863023,-0.05021406542989539,0.26281087977426726,-0.05918410414896443,25.493118286132812,180,6.352401701088417,gradient_global,0.92,False
scene_380,chaotic,13,Paper_Coffee_Bag,soft,2328,1.0187039146029884,0.8152920962199313,14.085486712128207,-0.18898528603839004,-0.11051599279162097,0.7494113419845844,-0.5879505892404746,60.84390068054199,180,43.77656058917956,gradient_global,0.92,True
scene_380,chaotic,21,Small Packet,rigid,4064,0.853007220322174,0.8937007874015748,4.425704075586095,0.7798687251192593,0.045935786654058404,0.20141532329783973,-0.04383270769370884,28.809921264648438,180,2.313554486247704,gradient_global,0.92,False
scene_381,chaotic,12,Black Package,rigid,8050,1.1029087299167653,0.873167701863354,5.337812247041248,0.3327520929228278,0.0006880054848614108,0.0009409472161569769,-0.7460772104825885,1.4832992553710938,180,115.97431426495864,gradient_global,0.92,True
scene_382,chaotic,23,Louis_Vuitton_Package,rigid,3456,1.0137526242648036,0.9186921296296297,7.661672879236142,2.962912125280215,0.08406682884932802,0.4829614482372367,0.2105125959017228,31.472034454345703,180,-6.49757391399064,gradient_global,0.92,True
scene_383,chaotic,20,Amazon_A2_Package,rigid,5527,0.9880931068709722,0.821685991852084,21.24286910526989,0.7438171578384445,0.0726312372956727,0.3554763728870066,3.223733333527975,22.010665893554688,180,-50.30958674250363,gradient_global,0.92,True
scene_383,chaotic,12,Куб,rigid,3060,1.063900735232081,0.8353697749196142,1.7101072824587176,0.15993628103638802,0.0018260722525007265,0.4197727044715495,-0.8538637852211183,19.60639190673828,180,76.87951962599988,gradient_global,0.92,False
scene_384,chaotic,12,Asset_Package_in_paper_with_rope,rigid,8347,0.7783782436880147,0.8220917694980232,11.660823842094652,-11.736808162079893,-0.058916265298654534,0.23305262291890286,-0.6751707997921643,47.656497955322266,180,80.70452883312551,gradient_global,0.92,False
scene_384,chaotic,16,Vintage_Envelope,soft,3296,0.9553022713284494,0.56884917016232,19.44476413485179,2.975682356717524,0.1404449592361253,0.6135448042645361,1.5182251055522882,42.44338607788086,180,-19.502524824846823,gradient_global,0.92,True
scene_385,chaotic,17,Amazon_A2_Package,rigid,5808,0.99137100684906,0.817058648407264,6.383722745315998,-0.3685605452726781,0.10874321709758773,0.5345519858185781,1.2233028662596896,35.8857307434082,180,-10.546279073114672,gradient_global,0.92,True
scene_386,chaotic,21,Amazon_A2_Package,rigid,8966,0.9901526285732921,0.6973059911540008,46.140283383744105,-0.5014868698658415,0.17870706295854205,0.5169259699860449,41.39353640514371,31.725830078125,180,-344.8955652039211,gradient_global,0.92,True
scene_386,chaotic,14,Amazon_A2_Package,rigid,8966,0.9902046435415819,0.6486525644740655,3.4376077612190485,-0.5283085072460558,0.1812798589557959,0.3200579139899703,41.40910279346361,13.372528076171875,180,-345.05189913777946,gradient_global,0.92,False
scene_387,chaotic,20,Space_Food_Bag,soft,3089,0.8554757321067182,0.8698607963742312,15.617539058055566,-0.2518511495104292,-0.07137798422321485,0.3484158079799178,0.3009750777791928,40.069454193115234,180,-8.621661941556557,gradient_global,0.92,True
scene_387,chaotic,36,Small Packet,rigid,4576,0.8414648158017192,0.8015734265734266,17.335689901287846,9.337969761224585,-0.042621256132927075,0.12683155973023005,0.05473746890420432,32.47785949707031,180,7.43671753035291,gradient_global,0.92,False
scene_388,chaotic,36,Amazon_A2_Package,rigid,7322,0.9905642237332681,0.8287447503499766,16.887363286031913,-0.47237893963902877,0.07620283150377315,0.37747151975847776,9.294525739440815,2.268531084060669,180,-77.80283150077993,gradient_global,0.92,True
scene_389,chaotic,6,Ikea Cardboard Package,rigid,3690,0.4590643068599682,0.5212677231025855,46.05967300997875,29.3235169773618,-0.08248809255631744,-0.03247943703891326,-0.6001870914396809,69.44654655456543,180,95.34403233629534,gradient_global,0.92,False
scene_389,chaotic,25,Amazon_Book_Package,rigid,5095,0.9917185185657097,0.8535984515220834,15.964214338436863,0.15956522335569545,0.1248533568760476,0.3985535895628367,2.2603441767354098,22.295137405395508,180,-33.65515052253021,gradient_global,0.92,False
scene_389,chaotic,29,Amazon_A2_Package,rigid,5507,0.9947925520964412,0.925440894010826,2.032963711540466,-0.448648131738727,0.054161202806122175,0.06780723492504272,2.4518974863523786,0.2907814085483551,180,-20.848415226627502,gradient_global,0.92,True
scene_390,chaotic,17,Black Package,rigid,3285,1.0299093411725435,0.8724505327245053,4.91170530863903,0.29976224267919127,0.029971385403003575,0.24923945150746468,-0.8199122583230133,17.15782356262207,180,127.38541903830131,gradient_global,0.92,True
scene_392,chaotic,31,Small Packet,rigid,3198,0.8685187874021069,0.8105065666041276,8.96472260465673,6.766735112389455,-0.05144277351183154,0.07100609188154984,0.5352284052880106,24.552467346191406,180,-11.886186896016504,gradient_global,0.92,True
scene_393,chaotic,25,Amazon_A2_Package,rigid,6596,0.9759395348809465,0.7240980573543015,42.766664381742004,0.4336779848902461,0.24227884296497337,0.7106752191505225,0.8030575670941742,43.17835998535156,180,-14.517727886850462,gradient_global,0.92,True
scene_394,chaotic,29,Amazon_Book_Package,rigid,6222,0.9904882132029288,0.8789441747572816,9.207709473572459,0.486973473700858,0.07773672075528848,0.5339235464758906,0.33192315928749844,41.7573127746582,180,-4.4785446446736765,gradient_global,0.92,True
scene_395,chaotic,5,Ikea Cardboard Package,rigid,6373,0.5390511614649417,0.5021011934778954,1.8407331696493796,4.620803529166828,-0.015245303324818394,0.007665058848295581,-0.02763017865429182,1.4119720458984375,180,7.660105995130229,gradient_global,0.92,False
scene_395,chaotic,18,Куб,rigid,4670,1.054623777076613,0.8612419700214132,1.9407674012418517,4.82710530452346,-0.01618074026689609,0.02076781687499685,0.11133920789542716,5.4323625564575195,180,-5.153652603967052,gradient_global,0.92,True
scene_396,chaotic,21,Amazon_Book_Package,rigid,5038,0.9917308210530845,0.700493612078978,37.502100357970804,0.2763788361946906,0.13756046739647204,0.43832949449584363,1.3505895753770774,24.452415466308594,180,-19.928355939370146,gradient_global,0.92,True
scene_397,chaotic,22,Amazon_Book_Package,rigid,4708,0.986076306401018,0.8018266779949023,19.566349145007596,4.0490842310269,-0.06922996434280225,0.1948011369579333,-0.014020217269699563,18.897537231445312,180,4.598274985611384,gradient_global,0.92,True
scene_397,chaotic,9,China Package,rigid,5422,0.9560298515821872,0.8909657320872274,6.884253272175306,3.9709632053297472,0.09329921116779956,0.4577230643918206,-0.4072634407942167,28.645729064941406,180,158.59889101305615,gradient_global,0.92,False
scene_398,chaotic,27,Small Packet,rigid,3099,0.8545446772425134,0.8741529525653436,7.3164280604874925,3.460603945512175,0.023124994674836714,0.1927870768955515,0.2733209810037933,30.291358947753906,180,-6.0934765512616895,gradient_global,0.92,True
scene_399,chaotic,22,Amazon_A2_Package,rigid,6484,0.9911804954647658,0.9108365584995535,10.256515748976476,-0.4122787175662168,-0.023545308303788884,0.0660601615607923,16.53017452883237,3.109161615371704,180,-137.94175136206454,gradient_global,0.92,True
scene_400,chaotic,13,POP_Drinks_Pack,rigid,8025,0.9259125896275069,0.8818691588785047,5.884642909160803,6.443618268416218,0.030249870167840476,0.4591162375503389,-0.7747397147310768,35.439781188964844,180,106.28188481943002,gradient_global,0.92,True
scene_400,chaotic,15,Amazon_A2_Package,rigid,4336,0.8094122428367659,0.6777148567621586,53.54832655997439,-0.5812873148867137,0.16059070735717842,0.39019629172839754,1.0473857711222736,26.066329956054688,180,-9.29553547422557,gradient_global,0.92,False
scene_401,chaotic,20,Amazon_Book_Package,rigid,7618,0.989201313402884,0.9316093462851142,3.3606251852128457,0.20598063567767166,0.09336489577125105,0.38304156312096327,1.644380530866572,24.224990844726562,180,-24.393868725838264,gradient_global,0.92,True
scene_401,chaotic,24,Amazon_Book_Package,rigid,7657,0.9895539774487255,0.5259454080181973,82.31315713803632,0.20163884847990143,0.4203397675031718,1.0594546672922536,1.825153783105916,21.33203887939453,180,-27.10256920021614,gradient_global,0.92,False
scene_402,chaotic,15,China Package,rigid,7471,1.208537607593026,0.7873109356177218,5.343361267614761,0.2494490613179634,-0.004334852062425387,0.13223568005417144,-0.7576200500816365,6.496899604797363,180,288.14443856368456,gradient_global,0.92,True
scene_403,chaotic,21,Packaging_Tube,rigid,947,1.061921338811673,0.9292502639915523,3.749765892864696,0.06746657650802401,-0.08990546596453398,0.9481859503965998,-0.8509456900123208,23.860172271728516,180,47.54161427044068,overlap_matched_parcel,0.7,True
scene_403,chaotic,20,Small_Pouch,soft,1465,0.9465605900738965,0.5198568872987478,12.47786809064312,-5.172267109172846,0.7642648022313557,0.24996201116110128,0.6419128310098585,19.18834686279297,90,-22.53835194439302,gradient_global,0.92,False
scene_403,chaotic,19,Space_Food_Bag,soft,2214,0.8472633106517683,0.7967391304347826,2.0344162275866515,-0.31379393811192813,0.041713499536294614,0.4386596300981492,1.3943478166517438,12.296714782714844,180,-39.04858500906283,gradient_global,0.92,False
scene_404,chaotic,21,Amazon_A2_Package,rigid,7929,0.991109084467877,0.8143437366395896,26.452039188371753,-0.42367429459289063,0.10043680293120487,0.26036666478445075,13.485856680541612,13.39202880859375,180,-112.62548696779973,gradient_global,0.92,True
scene_405,chaotic,10,Amazon_A2_Package,rigid,6883,0.9957702648057593,0.9158797036176086,0.9133974927384612,-0.3255536491143518,0.10305707650430684,0.37886262901852213,0.6642936111486327,27.407238006591797,180,-19.329872554033066,gradient_global,0.92,True
scene_406,chaotic,21,SM_Little_Package,rigid,4372,1.1397058257239387,0.8051235132662397,4.604503943863167,-4.239914787649068,0.04222254520069371,0.46196183187237516,-0.8324831352812367,28.329442977905273,180,80.91470872357465,overlap_matched_parcel,0.7,True
scene_406,chaotic,17,Small Packet,rigid,4888,0.8529905775044304,0.9097790507364976,1.8040140810385603,3.037515665243129,0.023505405340193266,0.10508077279555272,-0.15179669808422205,16.429264068603516,90,8.332666309520453,gradient_global,0.92,False
scene_407,chaotic,5,Asset_Package_in_paper_with_rope,rigid,5014,0.8553005514986828,0.8300757877941763,4.824954025664394,-20.273336932135177,0.014298174027703024,0.2225902411361193,-0.6727943604679505,30.28229522705078,180,72.4270175141356,gradient_global,0.92,True
scene_408,chaotic,9,Amazon_A2_Package,rigid,6879,0.9909596596969297,0.9246151632858581,3.6254726960965495,-0.4421984024290948,0.12100025842325396,0.25180985129817174,0.4879701842147449,17.962181091308594,180,-4.502086857854359,gradient_global,0.92,True
scene_409,chaotic,4,Asset_Package_in_paper_with_rope,rigid,4592,0.8594753259506549,0.8479965156794426,5.648421256827469,-22.241510745805716,0.005967739950891512,0.1378590697215701,-0.842766701206766,27.669063568115234,180,94.02657746658171,gradient_global,0.92,True
scene_412,chaotic,17,Carton Magdeleine,rigid,4966,1.0300964460876822,0.8489730165122835,6.980258411557128,10.712059462676283,0.09490801123807649,0.30300360154664785,0.38665649745877384,38.341094970703125,180,-38.09929521372868,gradient_global,0.92,False
scene_413,chaotic,19,Amazon_A2_Package,rigid,6758,0.9914151311436014,0.7230183609493954,42.37337106359916,-0.484030379302669,0.14143238929887256,0.6125537681539608,4.56430658632691,40.9415283203125,180,-38.4590605578129,gradient_global,0.92,False
scene_413,chaotic,11,Asset_Package_in_paper_with_rope,rigid,6110,0.8505962980812631,0.9495908346972177,9.813916565692953,-22.253408318611445,-0.03512732801991306,-0.03984234869396839,-0.6900379678620585,1.7906816005706787,180,72.93732779450124,lateral_neighbor,0.75,True
scene_413,chaotic,16,Louis_Vuitton_Package,rigid,2884,1.043746616335636,0.9195561719833565,3.2826425662682164,0.018035034349828116,-0.005304869244995692,0.6299970577665519,0.0839855197592191,38.09064483642578,180,-3.7613132931382243,gradient_global,0.92,False
scene_414,chaotic,20,Small Packet,rigid,4468,0.858349318654482,0.9093554162936437,8.061175864493851,0.018891629533057674,-0.014581327273904439,-0.0018407899877019769,-0.2808224912688624,8.413346290588379,180,9.847677375627196,gradient_global,0.92,True
scene_414,chaotic,17,Louis_Vuitton_Package,rigid,2209,0.7750391146657433,0.7871222076215506,22.744746049765826,0.041124688509697194,0.05391607488467883,0.554794763140787,0.35727182795461565,34.252384185791016,180,-16.036105200395557,gradient_global,0.92,False
scene_415,chaotic,18,Amazon_Book_Package,rigid,8230,0.9894081984361879,0.9340218712029161,2.5797735015597643,0.024609224872573776,0.09719725238000315,0.37120320838865506,0.7911808876543859,23.948280334472656,180,-11.81145647823123,gradient_global,0.92,True
scene_415,chaotic,24,Amazon_A2_Package,rigid,8854,0.9903028512303482,0.7919845574041732,28.123638298963545,-0.4765247410254414,0.05546739943306273,0.27884447796349127,3.0052099426201737,5.00226354598999,180,-25.479870668901118,gradient_global,0.92,False
scene_416,chaotic,28,Amazon_A2_Package,rigid,5610,0.9934130511289072,0.9250346260387812,8.273982889762761,-0.4519819054193963,0.006070252816255844,-0.006268605083859648,0.6907661380495977,0.94586181640625,180,-6.1991561583910615,gradient_global,0.92,True
scene_416,chaotic,24,Louis_Vuitton_Package,rigid,1551,0.6440800153301391,0.584765625,5.700189756150267,9.346698969670886,-0.010595904988535977,0.7188538930311923,-0.489360927914571,47.106529235839844,180,31.36794066604798,gradient_global,0.92,False
scene_417,chaotic,19,Amazon_A2_Package,rigid,6131,0.9972877214146638,0.7941608220518676,22.052652759353258,-0.9649722297994101,-0.021500235219054434,0.3524147655853627,-0.020318842192234884,39.818634033203125,180,-0.17735164888699195,gradient_global,0.92,False
scene_417,chaotic,1,Big Package cardboard,rigid,13797,0.9840001916690798,0.9497716894977168,1.9602229008810523,0.023934517887513884,0.016483053891186338,0.5903130385595249,-0.9729619819964649,16.234689712524414,180,661.6380800003475,gradient_global,0.92,True
scene_418,chaotic,17,Small Packet,rigid,3795,0.8575622687415521,0.9019762845849802,4.039076433089944,0.13271148858395865,-0.06056105205364003,-0.06488496118855747,0.006317469554779331,6.539567947387695,180,-0.0883994863809523,gradient_global,0.92,True
scene_419,chaotic,17,Asset_Package_in_paper_with_rope,rigid,5707,0.8379531450342509,0.8815489749430524,9.38455200440202,-22.26081856819484,-0.053835083352721344,-0.07546841446336068,-0.8734213643418307,3.6327273845672607,180,98.22765822189217,overlap_matched_parcel,0.7,True
scene_419,chaotic,14,SM_Little_Package,rigid,2214,1.0797789009019316,0.8663053297199639,5.304239956095941,-4.21842414534801,0.06002354565531737,0.5801332987069444,-0.04113716141939193,33.29784393310547,180,-0.010503918456750139,gradient_global,0.92,False
scene_420,chaotic,17,Small_Shipping_Bag,soft,2529,0.6744184609376161,0.8687106918238994,19.353523852979386,0.20361831663562313,0.004089066350892585,-0.0874385364852548,-0.011414098392259025,27.709152221679688,180,0.6031089066290685,gradient_global,0.92,False
scene_420,chaotic,20,Packaging_Tube,rigid,948,0.9385768866786406,0.8280590717299579,3.3691776262477875,2.449254799092415,-0.10430033135895259,0.34995079503521676,0.08294697176431487,15.974475860595703,180,-2.1551643235731,overlap_candidate,0.7,True
scene_421,chaotic,21,Amazon_A2_Package,rigid,5389,0.992709541190278,0.9159062444086599,9.527157123216192,-0.4352389585803307,0.04660283233572131,0.04939258152020511,1.159032991354694,2.3951797485351562,180,-10.078283330455129,gradient_global,0.92,True
scene_421,chaotic,8,Asset_Package_in_paper_with_rope,rigid,4943,0.8325478890327311,0.8709285858790209,13.570595554244496,-21.190347989148428,-0.09914575740026255,-0.13850545304825848,-0.8314666879596724,0.6236190795898438,180,93.42245351980566,gradient_global,0.92,False
scene_422,chaotic,26,Amazon_Book_Package,rigid,5717,1.0009639286954284,0.9186636347734826,2.821568879119406,5.197564701409307,0.06187461337910845,0.37256692543373493,0.16101425919786713,24.25757598876953,180,1.5416083333813502,gradient_global,0.92,True
scene_423,chaotic,29,Amazon_A2_Package,rigid,8922,0.9771374927357606,0.9014794889038332,9.406841647439066,-0.6446896732148488,0.06526585813867664,0.47384845576250106,0.15486007410115238,35.83332443237305,180,-5.633038729572659,gradient_global,0.92,True
scene_424,chaotic,11,Carton Magdeleine,rigid,3070,0.9948017459185184,0.8798045602605863,2.691857368453415,0.22293147852170403,0.11042009485446494,0.25131105789113073,-0.8987034222388744,32.03984451293945,90,114.35794332464233,gradient_global,0.92,True
scene_424,chaotic,5,Amazon_A2_Package,rigid,5475,0.9922305281890714,0.8987204901784105,5.085256973221234,-0.4465318804118823,0.1423633778680011,0.6133314669256729,1.1325897789390595,42.29360580444336,180,-9.869652192236789,lateral_neighbor,0.75,False
scene_425,chaotic,23,Small Packet,rigid,3371,0.8537626927065426,0.8409409129095492,24.175270746985078,2.6185742500742792,0.5720091834173656,0.24405110589109008,0.3317993417144227,18.259719848632812,90,-8.962596122939814,gradient_global,0.92,False
scene_425,chaotic,25,Amazon_A2_Package,rigid,6300,0.9918225598770348,0.9295461758172009,2.4137282320905706,-0.3957888306288515,0.0853091989783848,0.24721201587957903,2.6589850772569994,17.656585693359375,180,-22.518435697949755,gradient_global,0.92,True
scene_426,chaotic,23,Small_Shipping_Bag,soft,4549,0.856800088753454,0.9087711584963728,3.743575058451897,0.09351770133259052,0.013148060871814152,0.13155776840346156,0.07728972644723534,16.03229522705078,180,-2.6116103482373143,gradient_global,0.92,True
scene_427,chaotic,23,Space_Food_Bag,soft,2697,0.8679889472468303,0.657447973713034,35.597731332882994,-0.4005032113202356,0.05975013133095398,0.6227733500588774,0.3226587950522875,26.54534912109375,180,-9.38977723367984,gradient_global,0.92,True
scene_428,chaotic,29,Small_Shipping_Bag,soft,3717,0.8581176004688851,0.8827011030400861,3.2337035822267683,0.3311708031793481,0.04899020985374499,0.2454257240654738,0.431283327884199,36.82804870605469,180,-14.763501756227871,gradient_global,0.92,True
scene_429,chaotic,3,Storage_Box_with_Lid,rigid,6765,1.019956674918727,0.9012564671101256,3.6062141967410404,3.724855246787784,0.07737006531913286,0.20572828121108852,-0.9169412582588687,16.279693603515625,180,180.81036494866936,gradient_global,0.92,True
scene_430,lighting,35,Amazon_A2_Package,rigid,9508,0.9894365038951958,0.9050651513667092,4.641004400708815,-0.4588280403672318,0.03736800764264021,0.07570881167044899,0.7744879638330837,1.7293791770935059,180,-6.902537464656744,gradient_global,0.92,True
scene_430,lighting,12,Ikea Cardboard Package,rigid,3914,0.2872665414232408,0.6876070816676185,117.63897137529601,16.882629354743493,-0.20432303749618363,-0.5075128147618416,0.15959465930620104,87.82350158691406,180,-0.6727002519508751,gradient_global,0.92,False
scene_431,lighting,22,Small Packet,rigid,4101,0.8593103605234513,0.908558888076079,7.137861901819898,0.016831607176248653,-0.06575578513769512,-0.06824208421767952,-0.34609133411883136,3.7864761352539062,180,12.130027042055236,gradient_global,0.92,True
scene_432,lighting,22,Amazon_A2_Package,rigid,6850,0.9918432544096116,0.9040645955932667,10.175386168385264,-0.46017502239648067,0.01091223110794509,0.0737007175489677,13.648674563215405,3.376504421234131,180,-114.01714703098153,gradient_global,0.92,False
scene_434,lighting,15,Storage_Box_with_Lid,rigid,6829,1.0393927947453585,0.9026211744032802,2.6321539966056076,0.30893609192261806,-0.0003363875486378691,-0.016446760498445602,0.03970557330876026,1.9578070640563965,180,-7.363355068792876,gradient_global,0.92,True
scene_434,lighting,17,Storage_Box_with_Lid,rigid,6592,1.003220144720521,0.9288531553398058,3.6451167643748574,0.30517366934790235,-0.010955247556122365,-0.0019799909227959963,0.09160872911786627,1.7498931884765625,180,-17.396342366949092,gradient_global,0.92,False
scene_434,lighting,19,Куб,rigid,1502,0.7033407812402535,0.5637432188065099,8.398015257695775,9.29431359713978,-0.06324910131655272,0.013010886939014898,-0.756988439839548,2.0955276489257812,180,77.31714611998628,gradient_global,0.92,False
scene_435,lighting,36,Packaging_Tube,rigid,637,1.022317031174861,0.9795918367346939,3.1477417798730345,0.600445405614769,-0.0052803262761500205,-0.08938370847907025,0.5610387053474961,0.2596387267112732,180,-30.693500577089804,gradient_global,0.92,True
scene_435,lighting,38,Space_Food_Bag,soft,1642,0.876775301879285,0.6966482817140432,14.341519742149462,-0.6323016657393543,0.21691086687420197,0.18090619907125163,3.7086783616570895,0.170013427734375,180,-103.95346262040833,gradient_global,0.92,False
scene_436,lighting,35,Amazon_Book_Package,rigid,8607,0.9870119760204397,0.9459914664271277,7.088418555884864,0.2284598230042345,-0.016460960867387464,0.007354825116143388,-0.05143681681975433,0.4664306640625,180,0.9979533075665792,lateral_neighbor,0.75,False
scene_436,lighting,21,SM_Little_Package,rigid,3891,1.0315110193683132,0.8617322025186327,0.9039403915581723,-4.2312674542897,-0.05165430663543585,-0.04045289359177528,-0.8938532941277004,3.01739501953125,180,87.20083212137664,gradient_global,0.92,True
scene_436,lighting,31,Small_Shipping_Bag,soft,4845,0.8566081262563663,0.9048503611971104,2.978711644263914,0.06747911705540233,-0.09493560258294831,-0.09916794921299933,-0.25985632559991684,0.5069062113761902,180,9.162435206198305,gradient_global,0.92,False
scene_437,lighting,41,Black Package,rigid,5798,1.1314663711167292,0.827354260089686,6.602106699671674,1.0233435668931534,-0.036393266638649516,0.03458256283787765,-0.9204230905058876,2.8204972743988037,180,143.6774229330997,lateral_neighbor,0.75,True
scene_437,lighting,31,Amazon_Book_Package,rigid,6073,0.9893363872399811,0.9124664243956391,7.984454921738526,0.9763811743465078,0.009630989064667517,0.050382320901258805,0.0959709861425888,2.367133378982544,180,-0.45922905061757113,gradient_global,0.92,False
scene_438,lighting,32,Small Packet,rigid,5127,0.8534576650243559,0.881412131850985,5.9406986956253265,0.07027532589565233,-0.13441816597260156,-0.08021660759319686,-0.06785589256429082,0.956386148929596,180,2.4452251549371695,gradient_global,0.92,True
scene_439,lighting,23,Black Package,rigid,5795,1.048948925178028,0.8878343399482312,1.961041851898493,0.04080833375486037,-0.02268285054035501,-0.016435285146629647,0.6238277781553355,3.0773696899414062,180,-96.65248919671443,gradient_global,0.92,False
scene_439,lighting,18,Colis VistaPrint,rigid,5885,1.0448743776848493,0.8943075615972812,5.816424337954486,0.03623813860709202,-0.03862959796383861,-0.051998584142812165,0.00019625141434420504,0.22918701171875,180,0.009744199885530769,gradient_global,0.92,False
scene_440,lighting,9,Asset_Package_in_paper_with_rope,rigid,5949,0.8470146671268937,0.8771222054126744,5.322332415277345,-22.03889776381618,-0.05412824879551658,-0.132176111513062,-0.8567218671978163,0.13148626685142517,180,96.15442773737482,gradient_global,0.92,True
scene_441,lighting,11,Vegetable_Crate,rigid,2850,0.8749537929019299,0.820063135741845,16.03025662845786,-0.12126140594492796,-0.09577989782582341,-0.08342855549092525,-0.117178407020744,1.3632278442382812,180,14.847108306869972,gradient_global,0.92,False
scene_442,lighting,8,China Package,rigid,9597,1.007277956080219,0.9391476503073877,3.184022278634549,0.06977577473432639,-0.016003637263572817,0.018434111904823643,-0.9161353461996965,2.461683988571167,180,348.20113441726187,gradient_global,0.92,True
scene_442,lighting,11,Asset_Package_in_paper_with_rope,rigid,6862,0.8586705295088395,0.8730690760711163,3.2751762384353897,-22.111501651474907,-0.029500710001630893,-0.05967356290394395,-0.8621258180133937,3.459364891052246,180,96.81873003447717,overlap_matched_parcel,0.7,False
scene_442,lighting,15,Small_Shipping_Bag,soft,3510,0.8599076226074092,0.9062678062678062,7.68480941895181,0.022773223651517682,-0.07465520599770716,-0.0824651283226685,-0.06182130254289923,2.8322067260742188,180,2.186518359473699,gradient_global,0.92,False
scene_442,lighting,5,Куб,rigid,2917,1.114851607478647,0.8508741858073363,4.411506596182,0.04650689473906233,-0.06619975382356984,-0.004612842344213385,0.0008587942108063415,0.9976654052734375,180,-0.030664336881092158,gradient_global,0.92,False
scene_443,lighting,33,Amazon_A2_Package,rigid,6758,0.9909328240000947,0.9050436742744435,12.375272898450742,-0.4531751446004151,0.005594349079487388,0.058832216212416986,0.7831149698366159,2.2171249389648438,180,-6.9686898215121085,gradient_global,0.92,True
scene_443,lighting,31,Louis_Vuitton_Package,rigid,2937,1.0039370265912742,0.5393853042947283,97.33431246086495,0.06127904022779074,0.5151894004051515,0.8127041045284232,-0.39161852486173987,87.1989974975586,180,17.68802377949097,gradient_global,0.92,False
scene_444,lighting,30,Amazon_Book_Package,rigid,7986,0.9892161275610897,0.8515503011376311,17.648995607735085,0.03557065038339857,-0.003014205329925219,0.1867909804554638,-0.07639310716909019,2.5852251052856445,180,1.178411367205645,gradient_global,0.92,True
scene_445,lighting,23,Amazon_Book_Package,rigid,5265,0.9910726806970622,0.914404632645675,11.25026465746571,0.036147890668414284,0.023371319032813455,0.01690745220732046,8.456527817741728,2.078643798828125,180,-126.47350262761658,gradient_global,0.92,True
scene_446,lighting,29,Louis_Vuitton_Package,rigid,3372,1.0888962301267904,0.8523131672597865,5.677435698314714,0.24155747638676672,-0.04667878821919525,0.02069133672667075,-0.6725085417736011,1.7550888061523438,180,30.504274263973063,overlap_matched_parcel,0.7,True
scene_446,lighting,35,Amazon_Book_Package,rigid,6560,0.9904824888060062,0.5979856927710844,42.204089382934754,7.71380657037446,0.6685982777489574,0.7219347513400933,1.6283310220600318,2.4572036266326904,180,-16.64589061781385,gradient_global,0.92,False
scene_446,lighting,36,Small_Shipping_Bag,soft,2433,0.8632077787093346,0.7511961722488039,19.59769608688731,0.16943979477901383,0.169051831811997,-0.0043000796591422105,2.982888092087356,0.3106222152709961,180,-104.2310652675958,lateral_neighbor,0.75,False
scene_446,lighting,24,SM_Little_Package,rigid,1775,1.0218979162048263,0.9775280898876404,2.538646091568461,-4.365222251263734,0.12459450751422071,0.036140166294351364,-0.6499847144169892,2.867401123046875,180,62.12134598976654,lateral_neighbor,0.75,False
scene_447,lighting,29,Small_Shipping_Bag,soft,3230,0.8600624435539572,0.6965944272445821,20.16250066483464,-0.0021416821720521284,-0.28016770596368384,-0.13355405521727232,-0.00041081168208662966,87.6297836303711,180,0.012236726573688905,gradient_global,0.92,False
scene_447,lighting,30,Amazon_Book_Package,rigid,5634,0.9912512120816621,0.9295482084126709,5.891467795773274,0.009097119024303879,0.00123743788781543,0.0655750156224564,0.13921748949599996,3.8345305919647217,180,-2.0735965053979566,gradient_global,0.92,True
scene_448,lighting,17,China Package,rigid,9316,1.208329931731593,0.799162730785745,2.106835921299647,0.3665750955322844,-0.003943269359240219,0.0005980831146357155,-0.886556328735174,2.071946382522583,180,337.2571293657698,gradient_global,0.92,True
scene_449,lighting,21,Paper_Shopping_Bag,soft,5136,0.9668745170276656,0.6843847352024922,38.06831213026701,-1.863744220543806,-0.27653912787169854,-0.04600916818444239,-0.5609519350215731,2.851722478866577,180,45.49712087116609,gradient_global,0.92,False
scene_449,lighting,19,Amazon_Book_Package,rigid,5705,0.9916527105192214,0.8703137570394207,17.315612635675226,0.3282067362826435,0.035524553337461,0.04899302018087916,-0.04604975732699528,2.652984619140625,180,1.0171066435139542,gradient_global,0.92,True
scene_450,lighting,16,Black Package,rigid,6410,1.1353968712055518,0.8425897035881436,2.4870888113999916,0.10013287315702168,-0.023886329252012707,-0.026989067444433756,-0.8052316932997532,1.2044219970703125,180,124.91099086127866,gradient_global,0.92,False
scene_450,lighting,15,Colis VistaPrint,rigid,7035,1.0919508779055462,0.8754797441364606,4.054850132515275,0.10681094833053795,-0.010030787162993384,-0.008408116425924133,-0.9214051288080227,1.6774063110351562,180,124.49644904791369,gradient_global,0.92,True
scene_450,lighting,22,Small Packet,rigid,3336,0.8613689224720104,0.9001798561151079,4.933200583247502,0.023460672994968235,-0.057681776535284245,-0.039091591121433324,-0.41664510825476764,3.1673355102539062,180,14.606033097389837,gradient_global,0.92,False
scene_451,lighting,23,Amazon_Book_Package,rigid,6531,0.9863240390582481,0.9390598683203185,2.813520600542689,0.5917208564902854,-0.04340834526616174,-0.051303986881288,1.784638313278158,0.44224610924720764,180,-26.106169995841256,gradient_global,0.92,True
scene_451,lighting,13,Ikea Cardboard Package,rigid,8377,0.7856598166863823,0.7654750705550329,1.952248615632685,14.465249929307756,-0.022215740299865085,0.016980762841544247,-0.5410249730489423,0.4745867848396301,180,73.97733199434641,gradient_global,0.92,False
scene_452,lighting,4,Asset_Large_cartoon_Box,rigid,13968,0.6741355232717433,0.5630794778356936,3.6205333948945055,12.574169932620393,0.006358329314869053,0.009572936328541422,-0.5202112203481346,2.208791732788086,180,189.99460252113138,gradient_global,0.92,True
scene_453,lighting,30,Carton Magdeleine,rigid,4256,1.07999558740244,0.8606672932330827,1.832531791046098,0.1909507385112752,-0.031601287605193776,-0.031455253283671825,-0.8619574169082623,2.46942138671875,90,109.65929451615719,overlap_matched_parcel,0.7,True
scene_453,lighting,31,Small_Shipping_Bag,soft,3301,0.8592401172555251,0.8146016358679188,7.348842233236928,0.12033822031543018,-0.08590326531059682,-0.20811343044010996,0.007771016643526847,2.2721786499023438,180,-0.1516467456057491,gradient_global,0.92,False
scene_454,lighting,9,Amazon_Book_Package,rigid,8160,0.988764468905081,0.8838630806845966,11.075762059370781,2.075570873751875,0.05660364420466175,0.008418330856628149,7.449532465546876,1.3493194580078125,180,-109.3496957035337,gradient_global,0.92,True
scene_455,lighting,16,Black Package,rigid,5995,1.0555065880397423,0.8844036697247707,5.099929434105607,0.7244745407212205,-0.0028997124622193904,-0.04637917335797265,-0.6632075536117366,2.3726730346679688,180,103.51975321877572,gradient_global,0.92,False
scene_456,lighting,20,Amazon_A2_Package,rigid,7396,0.9912042949674915,0.8797919941951868,10.020577728103143,-0.4419089489203776,0.01167592854167173,0.11509680325921486,9.32484172462852,3.151934862136841,180,-78.02449152807401,lateral_neighbor,0.75,False
scene_456,lighting,18,Amazon_Book_Package,rigid,6894,0.990238265758714,0.9250635055038103,5.654715734864638,0.12580048485166806,0.039883839805599355,0.014548291871852479,-0.22854667119161057,2.5315704345703125,180,3.5448542537828143,gradient_global,0.92,True
scene_456,lighting,16,Louis_Vuitton_Package,rigid,3361,1.0716806628876192,0.8919964296340375,2.503233964325374,0.09251351926709006,-0.03914693091948012,-0.047572661007933115,-0.4912454610486718,0.07887204736471176,180,22.198530610582857,gradient_global,0.92,False
scene_456,lighting,19,Small_Shipping_Bag,soft,3491,0.8579017098513261,0.899169292466342,3.5702716517940654,0.056053259029353875,-0.07791645292847257,-0.10990167203893592,0.08415557480611735,1.224365234375,180,-2.8893880410298944,gradient_global,0.92,False
scene_457,lighting,34,Amazon_A2_Package,rigid,6891,0.9910056497071591,0.9076146288209607,11.883164993356173,-0.46000152971348296,0.04422280575018381,0.018862870747474322,0.9278563635572507,2.989236354827881,180,-8.179766363250573,gradient_global,0.92,True
scene_457,lighting,33,Asset_Package_in_paper_with_rope,rigid,6279,0.8655315327477918,0.8530020703933747,2.438890926089913,-22.257238635790657,-0.078865653199562,-0.1188131994011828,-0.14559259397837088,1.024169921875,180,-2.172740585937083,gradient_global,0.92,False
scene_457,lighting,22,Ikea Cardboard Package,rigid,4670,0.5351070954957421,0.5569584338204001,39.68948154914352,14.963456219355574,-0.005513424502126062,0.017185269518985594,-0.5337550362571449,2.7026922702789307,180,73.67650936145465,gradient_global,0.92,False
scene_458,lighting,1,Asset_Large_cartoon_Box,rigid,20528,0.9916445887757356,0.9654618082618862,1.4481940780639388,-0.010867752211596304,-0.013940938839384461,-0.0033266485682913686,-0.9590322185137099,1.592987060546875,180,327.07044432112946,gradient_global,0.92,True
scene_459,lighting,16,Amazon_A2_Package,rigid,7403,0.991668931323366,0.9217447081462476,7.128745697751413,-0.0869180371968481,-0.005210598388992081,0.046608838611457676,0.6940875865587859,1.130517601966858,180,-5.861230291112518,gradient_global,0.92,True
scene_459,lighting,11,Amazon_Book_Package,rigid,5506,0.9017759542281119,0.9046990931574609,15.60147806073936,1.0147816943035792,0.04509972717520975,0.05747142813828528,-0.1093376873647515,3.071364641189575,180,2.6503328751712463,gradient_global,0.92,False
scene_459,lighting,21,SM_Little_Package,rigid,2490,1.1033434042962749,0.797991967871486,2.2376832980703862,-4.368753051769203,-0.03845615219522122,-0.061288036831567826,0.34361152930344857,2.3332290649414062,180,-39.51031885256523,gradient_global,0.92,False
scene_460,lighting,23,Small_Shipping_Bag,soft,4011,0.8138329321077342,0.9169783096484667,6.134424814252895,0.0211446128114412,-0.10763800496220223,-0.04559239662617388,-0.2737536750901392,3.099578857421875,180,9.602522599307495,overlap_matched_parcel,0.7,False
scene_460,lighting,24,Amazon_Book_Package,rigid,7413,0.9902690600322893,0.852696602518413,19.85995767073012,0.023192309454467264,0.02569218305571177,0.09630669051070649,0.23542489224713342,2.7701902389526367,180,-3.498763842699537,gradient_global,0.92,True
scene_460,lighting,20,Amazon_Book_Package,rigid,7339,0.9902128734084734,0.8737993920972644,7.703596278828598,0.02789552829962627,-0.009102973148634107,0.14611258067667823,0.9931506416703951,3.57816219329834,180,-14.829637076089863,gradient_global,0.92,False
scene_461,lighting,16,Small Packet,rigid,3054,0.8587744356016284,0.8087753765553373,8.91490653679006,0.3871079959578694,-0.16633797052469487,-0.0925511188996085,-0.25018702261359715,0.521270751953125,180,9.143453396702196,gradient_global,0.92,False
scene_461,lighting,8,Carton Magdeleine,rigid,3582,1.0865047833116361,0.8347292015633724,6.862358974822241,0.6535730895019798,-0.0016159784840071268,-0.07402515571625518,-0.9164622556798974,1.2170872688293457,90,117.04161599699914,gradient_global,0.92,True
scene_462,lighting,39,Vintage_Envelope,soft,2491,0.9908758781043123,0.556390977443609,49.813598517250746,0.5579578345014102,0.10037296761446886,0.6553918173115837,0.9506251040483883,86.56281423568726,180,-13.558356442716635,gradient_global,0.92,True
scene_462,lighting,27,Amazon_Book_Package,rigid,3740,0.6202399510154848,0.5623875715453802,0.5428544530307265,15.430466568160828,0.0510734793275357,0.014999726454059503,1.076782176127696,0.9207534790039062,180,-0.6776601609161936,gradient_global,0.92,False
scene_463,lighting,20,Black Package,rigid,4550,1.0539204078008506,0.8786813186813187,2.4066805845285586,0.4578847639944428,-0.05214109289483501,-0.040370309692691474,0.22689759835021944,0.27704739570617676,180,-34.7107475241642,gradient_global,0.92,True
scene_464,lighting,31,Amazon_Book_Package,rigid,6511,0.9901198152564755,0.8386536663550154,19.925088508457797,0.5536893575854851,0.04689671730942266,0.08994820721544454,1.3357144558144471,0.7721279859542847,180,-19.428384922332786,gradient_global,0.92,False
scene_464,lighting,19,Colis VistaPrint,rigid,6346,1.0299394276251157,0.9035612984557201,3.6506239335636623,0.43092684505330325,0.00533670430176716,-0.03336755323595886,-0.8980334135456668,2.3497676849365234,180,121.66413944165078,gradient_global,0.92,True
scene_465,lighting,17,Small_Shipping_Bag,soft,3488,0.8567746933698064,0.9025229357798165,4.825819858471443,0.17885997889832694,-0.09246264403488587,-0.13010290026115096,-0.4609696346413047,0.7027435302734375,180,16.31270679679908,gradient_global,0.92,True
scene_466,lighting,29,Amazon_A2_Package,rigid,8307,0.9890572095081669,0.8629665483489297,17.03726051786756,0.12369638857356868,0.11350338488367888,0.04814726839038229,0.8474969139594071,1.1974116563796997,180,-6.926746224019453,gradient_global,0.92,True
scene_466,lighting,23,Amazon_A2_Package,rigid,8208,0.993427079762812,0.8169071326966064,23.18015005483564,0.10753857011958079,0.13807470002184147,0.10507128325539383,2.1058301867883378,0.046173095703125,180,-17.411150453129352,gradient_global,0.92,False
scene_467,lighting,20,Small_Shipping_Bag,soft,4509,0.8541962023378843,0.9139498780217343,4.520407709886583,0.13267336587463596,-0.07599504846138132,-0.08344158754761515,-0.08970962063647277,2.2673847675323486,180,3.2724915245559982,overlap_matched_parcel,0.7,False
scene_467,lighting,29,SM_Little_Package,rigid,3446,0.9967150766570023,0.9051073708647708,2.376528828045012,-4.325758761891008,-0.036327976419029136,0.0014594436097838323,-0.8992557471883801,2.7220001220703125,180,87.65856777765923,gradient_global,0.92,True
scene_467,lighting,15,Space_Food_Bag,soft,2697,0.8693053209263407,0.7995658465991317,30.958021356641837,-0.18851905057204466,-0.221775726690106,-0.028322121004533525,0.10692192835585868,2.8183441162109375,180,-3.1684155757617516,gradient_global,0.92,False
scene_468,lighting,35,Amazon_A2_Package,rigid,9329,0.9910426233673394,0.8315760770768951,23.743487287200967,-0.4292364295057638,0.10609723883456068,0.12465453377530035,2.9323195141158536,0.3559572994709015,180,-24.826005317031274,overlap_matched_parcel,0.7,True
scene_468,lighting,26,Amazon_Book_Package,rigid,8660,0.9911328477523278,0.8049668565026609,24.14531886396827,0.2522981693713344,0.06650066922267966,0.2093691873855871,3.146018541781832,0.050093259662389755,180,-46.811889453242664,gradient_global,0.92,False
scene_469,lighting,23,Amazon_Book_Package,rigid,5345,0.9915198099810693,0.9018394057304563,13.528786875489397,0.01526716356359259,-0.017463190287664583,0.03943884878254486,0.16346303019947334,1.1453834772109985,180,-2.4301397445020134,gradient_global,0.92,True
scene_469,lighting,21,Carton Magdeleine,rigid,2418,1.0702758070308425,0.8329197684036393,3.485303204439957,0.011163933239299872,-0.011057025190288554,-0.0632428009871571,-0.491778508396695,3.6894607543945312,90,62.46703389384756,gradient_global,0.92,False
scene_469,lighting,24,Small Packet,rigid,2052,0.8606972924905589,0.8611111111111112,3.739620982935359,0.004831362207968759,-0.07871426246032982,-0.14119092172423583,-0.48148842338725084,2.8369674682617188,180,16.856926017309814,overlap_matched_parcel,0.7,False
scene_469,lighting,14,Carton Magdeleine,rigid,2350,1.1214288355948612,0.794468085106383,2.9851589146536623,0.013491262097597989,-0.07479350471034497,-0.07468852652097124,-0.8953172184399327,0.5380859375,90,113.71877690111872,gradient_global,0.92,False
scene_470,lighting,14,Amazon_A2_Package,rigid,10526,0.9888633986710582,0.9300628233555063,8.378699509993133,-0.42884957445621374,-0.005122688849006298,0.034225981452914354,0.7339942711560048,1.692282795906067,180,-6.535652194789021,gradient_global,0.92,False
scene_470,lighting,23,Storage_Box_with_Lid,rigid,11836,0.997320715956378,0.9594491847596519,2.0572449530663386,0.4147731837440549,0.010450403683601128,0.07744329346221322,-0.9486441250135141,3.5342254638671875,180,183.72038549548697,gradient_global,0.92,True
scene_470,lighting,31,Colis VistaPrint,rigid,5994,1.0183514579464064,0.9145812479145813,4.30244830504785,0.4177979875416016,-0.027406995604517186,-0.00954235425119628,-0.9331583582831179,2.9176864624023438,180,126.39356335802565,gradient_global,0.92,False
scene_471,lighting,23,Amazon_A2_Package,rigid,5896,0.9913554473400352,0.912303664921466,7.9313853121890565,0.2808379614961387,-0.04134459722111311,0.0703989154334223,1.4693186730260555,1.8062094449996948,180,-11.942057506559966,overlap_matched_parcel,0.7,True
scene_471,lighting,0,Big Package cardboard,rigid,9972,0.6862741731133578,0.8789610910549539,115.6520804320067,5.053450097973422,-0.3630651346832737,-0.022015524569310125,-0.9631686047528824,1.9537334442138672,180,659.9097412387927,overlap_matched_parcel,0.7,False
scene_471,lighting,8,Storage_Box_with_Lid,rigid,5134,0.7704801072758873,0.566467564939575,6.463640560588032,14.942076545197413,-0.045840620416067436,-0.055363186221407096,-0.6734302075409053,0.24407407641410828,180,145.04945328598996,gradient_global,0.92,False
scene_471,lighting,22,Space_Food_Bag,soft,2076,0.863806413564249,0.751412429378531,15.767117418781906,-0.29098470697719314,0.11191190925794144,0.1406744583526433,1.5959028448732588,2.32623291015625,180,-44.74616075179949,gradient_global,0.92,False
scene_472,lighting,33,Small_Shipping_Bag,soft,3398,0.8569730427891803,0.9031783402001177,7.505905043727397,0.009238345940021375,-0.07801123122772645,-0.08350967114326992,-0.3209117223482174,2.770451784133911,180,11.241147974722754,overlap_matched_parcel,0.7,True
scene_472,lighting,34,Amazon_A2_Package,rigid,4083,0.6369339584177324,0.5577357425183512,13.499793734566953,14.883907594764768,0.017381499529329613,0.09773281964948097,3.154304592133939,1.9826509952545166,180,-11.359905085083554,gradient_global,0.92,False
scene_473,lighting,33,Small_Shipping_Bag,soft,3186,0.8618503139852061,0.8364720652856246,8.481266661375617,0.11971061591486976,-0.15578030087140168,-0.08603747089232337,-0.006992458954639059,2.8297019004821777,180,0.3644453179320051,gradient_global,0.92,True
scene_473,lighting,25,Paper_Coffee_Bag,soft,1402,0.9933806552648575,0.9664764621968617,4.317399245824503,-0.4379397776989036,-0.00483182888808663,-0.000532208357663676,0.3894592585265928,3.4360885620117188,180,-29.569330265170667,gradient_global,0.92,False
scene_473,lighting,27,Black Package,rigid,2615,0.6002133485456893,0.8717006348145673,36.346680127571354,10.263390678556972,-0.007512066530725026,-0.002751395323139045,-0.7995287616365515,0.996971607208252,180,134.1896593627549,gradient_global,0.92,False
scene_474,lighting,24,Amazon_Book_Package,rigid,5666,0.9897744999857105,0.9057547956630525,7.01094630260335,5.4052276582203795,0.01316570534061967,0.026781592080914317,0.7130739563394707,2.0979995727539062,180,-5.240013413561284,gradient_global,0.92,False
scene_474,lighting,31,Amazon_A2_Package,rigid,6079,0.9964380472580495,0.7959347419096015,28.111061656924434,0.8656809420838352,0.104581917578149,0.14295992559255621,0.9476658933399623,1.2627639770507812,180,-13.53994456940466,gradient_global,0.92,False
scene_474,lighting,33,Amazon_Book_Package,rigid,5642,0.9895174918554921,0.7775690128631305,28.648655488075793,5.383921104031852,0.007205578706869325,0.17241935199650296,0.4363519992614314,0.44173189997673035,180,-1.1955269983783268,gradient_global,0.92,False
scene_474,lighting,15,Vintage_Envelope,soft,2218,0.9879026881839481,0.8525698827772769,5.957784255389726,5.542326855194513,-0.08612480557218016,-0.08782632195711325,0.34065770030435966,2.1225051879882812,180,0.4941565675353754,gradient_global,0.92,True
scene_475,lighting,15,China Package,rigid,8580,1.2554244803626757,0.764102564102564,5.0641497956549895,0.6015436890559611,-0.0246594439641503,0.0613105753762887,-0.9682054815446698,3.2555007934570312,180,368.516397542146,lateral_neighbor,0.75,True
scene_475,lighting,22,Small_Shipping_Bag,soft,3224,0.8612895834660181,0.668804397617957,49.8204571049778,8.895387485167493,0.2148946876959705,0.36036386345597826,0.03256420907557282,86.69841003417969,180,7.755650170827133,gradient_global,0.92,False
scene_477,lighting,26,Amazon_Book_Package,rigid,8054,0.9880429032679922,0.7206358007577858,35.35110245638893,0.023125305373294935,0.11568298480851438,0.2217636626274612,18.5334559384958,0.45951715111732483,180,-277.052037133809,gradient_global,0.92,True
scene_477,lighting,32,Carton Magdeleine,rigid,4576,1.130017927703536,0.8269230769230769,7.962258832241499,0.018450885018950203,-0.030602210103883146,-0.013706526206952941,0.02428889676880611,2.4982376098632812,90,-3.066238961853762,gradient_global,0.92,False
scene_478,lighting,8,Amazon_A2_Package,rigid,8154,0.9905766271447253,0.8784923852306343,13.926648505572613,-0.4592996304583208,0.05554787522403966,0.0542643232717923,13.867230945024485,3.684980869293213,180,-115.83457517849405,gradient_global,0.92,True
scene_479,lighting,26,Amazon_A2_Package,rigid,5750,0.9922194584617047,0.7747290437645767,13.74315346141474,-0.41904971766448806,0.04727268953964866,0.19213647039872578,31.472364013813056,3.230865478515625,180,-262.26723696687606,lateral_neighbor,0.75,True
scene_479,lighting,25,Куб,rigid,2860,1.0826250329213833,0.9164335664335664,4.076678726247348,0.3528026608371482,-0.026672290679413017,-0.020434638997057275,-0.30938471823147295,0.3792431652545929,180,28.153913693693134,overlap_matched_parcel,0.7,False
scene_479,lighting,20,Small Packet,rigid,785,0.2964766602640172,0.7706013363028953,71.17712896461296,4.835826974800506,-0.10362738995437644,-0.6340056475151586,0.7352842869083036,87.97954177856445,180,-20.898938165996363,gradient_global,0.92,False
scene_479,lighting,21,Small_Shipping_Bag,soft,2308,0.8671071586234095,0.5395979656091063,31.039265365614085,0.04444800769143331,0.29225206337009324,0.3148574213909008,0.7307253289313553,86.09487915039062,180,-25.53075475034783,gradient_global,0.92,False
scene_480,occlusion,43,Ikea Cardboard Package,rigid,12442,0.9984015268412915,0.9406847773669827,2.158308757607463,0.3366438553038531,-0.016658324152603265,-0.03801085908540741,0.0023105019768718447,1.1033451557159424,180,0.08248914800434992,gradient_global,0.92,True
scene_481,occlusion,31,Gros Carton,rigid,27216,0.9890504241224989,0.9418356848912405,2.4020217564908277,-1.8554307353511046,-0.025438661719066995,-0.039224863092228265,-0.008808210098761718,0.19484710693359375,180,-0.8581738497970282,gradient_global,0.92,True
scene_482,occlusion,33,Ikea Cardboard Package,rigid,12959,0.9927025228836219,0.9597191141291767,0.7985096865010164,0.9587264230244141,0.008486091105814142,0.02755034833705465,0.02082739356665524,3.4102935791015625,180,-1.3322294062234619,lateral_neighbor,0.75,True
scene_482,occlusion,31,Gros Carton,rigid,29531,0.9998068827327896,0.9349835765805424,4.897831154231115,-1.5362525344463362,-0.029030863160843825,-0.01779911840399448,-0.007473666749424373,0.40407609939575195,180,-0.6901052086349946,gradient_global,0.92,False
scene_484,occlusion,34,Ikea Cardboard Package,rigid,12792,0.9946110118741042,0.9530175109443402,1.7413030526648563,0.6383742949089832,-0.0240409996544738,-0.013393196223733281,0.016086655490629993,1.3693695068359375,180,-1.1311381759994132,gradient_global,0.92,True
scene_484,occlusion,21,Carton Magdeleine,rigid,2803,1.0701030587049845,0.8612201212986086,5.020114132417336,0.45114375016636066,-0.00787291283305362,-0.08660943085816096,0.009227373209806015,0.49098968505859375,90,-0.7207196454426801,gradient_global,0.92,False
scene_485,occlusion,37,Ikea Cardboard Package,rigid,12821,0.9952920675368243,0.9562436627408158,1.8306912719044015,0.04678520485679183,-0.00203412242373685,0.017430031473546218,-0.00018429589074067378,2.0998895168304443,180,0.06705775183701856,gradient_global,0.92,True
scene_485,occlusion,38,Ikea Cardboard Package,rigid,6951,1.0002137904746622,0.9342540641634297,3.40926757986075,0.04887666428399218,-0.02241781732412261,-0.023868780340268837,0.5047447158934455,1.5765380859375,180,-55.478086788715075,gradient_global,0.92,False
scene_485,occlusion,23,Куб,rigid,2297,1.1126787278515224,0.8188942098389204,6.257491371339059,0.027558757790369093,-0.06374805629712876,0.002695563076223596,-0.022923449512978242,2.308851957321167,180,2.087230594805672,gradient_global,0.92,False
scene_486,occlusion,38,Ikea Cardboard Package,rigid,13022,1.0292693392938206,0.9308093994778068,3.880085163856584,0.0638772750864991,0.007733543407689077,-0.005303193761220087,0.0010976033054140627,1.8719605207443237,180,-0.05685907826225023,gradient_global,0.92,True
scene_486,occlusion,32,Vegetable_Crate,rigid,1436,0.9023159652080863,0.8885793871866295,18.752602352242363,-0.09858146768676468,-0.020030685915246364,-0.09025469208286649,-0.33806805152263,1.1315689086914062,180,43.086227768754064,lateral_neighbor,0.75,False
scene_486,occlusion,26,Vintage_Envelope,soft,1433,0.9917069101578043,0.9218422889043963,2.8786884947050138,0.0194509668619558,-0.0017272906137579807,-0.09228236427774755,1.0040306133317518,1.9825973510742188,180,-14.890402375727586,gradient_global,0.92,False
scene_487,occlusion,35,Gros Carton,rigid,22356,0.9900146204660708,0.966988727858293,2.6179109318285003,-0.9682012633194237,0.0049609832401723035,0.003086731596919425,0.35049886999099084,1.5944732427597046,180,-40.653132912343736,gradient_global,0.92,True
scene_488,occlusion,35,Ikea Cardboard Package,rigid,8640,1.0314642239619407,0.9138888888888889,2.424650745121312,0.42170643113959017,-0.04243334297568255,-0.03727515970496491,0.004108476740368996,0.052431732416152954,180,-0.03026496821278979,gradient_global,0.92,False
scene_488,occlusion,34,Ikea Cardboard Package,rigid,8549,1.0381331020479494,0.9181190782547667,5.390275406931431,0.41951718225385903,0.004797704934917967,0.020691337859713648,-0.0007865586982032939,3.7047617435455322,180,0.5060382319114765,gradient_global,0.92,True
scene_489,occlusion,38,Ikea Cardboard Package,rigid,12365,1.010788562998354,0.9445208249090173,1.6214348808927845,1.1190285360477281,-0.023821545195420322,-0.03863957924742384,0.0011042949117356334,0.026275634765625,180,0.9975587354071891,gradient_global,0.92,True
scene_489,occlusion,19,Colis VistaPrint,rigid,4022,1.0821756013532615,0.8592739930382894,7.208819101085907,0.8056645701980392,-0.00516392736870038,0.006393071394714432,0.0030102960725066964,3.3052291870117188,180,0.3992834314451854,gradient_global,0.92,False
scene_490,occlusion,42,Ikea Cardboard Package,rigid,10632,0.9924654431875964,0.9372648607975922,3.6072556023329394,0.9411328050902279,-0.04209706211812294,-0.02684069528337423,-0.16126853521201914,0.5391800403594971,180,18.68037268073075,lateral_neighbor,0.75,True
scene_490,occlusion,41,Ikea Cardboard Package,rigid,9907,1.0292300196049957,0.9068335520339155,7.153827444433915,0.9500556792585435,-0.043880046083365,-0.04438302808387131,-0.001591790146138044,0.073455810546875,180,1.1251496440973785,gradient_global,0.92,False
scene_491,occlusion,34,Ikea Cardboard Package,rigid,8957,1.0209474834174628,0.929329016411745,5.260030690675275,0.06080998143997984,-0.04585045798401028,-0.008006869367965198,0.0013073861529612097,0.055828019976615906,180,-0.0830024829047149,gradient_global,0.92,True
scene_492,occlusion,40,Ikea Cardboard Package,rigid,11703,1.0459282607620815,0.9190805776296677,5.836733019668076,0.31167290091116406,-0.02088189390499789,0.0008776221873969457,0.9997394926566594,1.531005859375,180,-109.65938697516431,gradient_global,0.92,True
scene_493,occlusion,46,Ikea Cardboard Package,rigid,10340,0.9934033713025747,0.9422630560928433,1.9815032469408396,0.8696198943937139,-0.03637792855926081,-0.03720561834318873,-0.3333318687134977,1.1239148378372192,180,37.53538212990692,lateral_neighbor,0.75,True
scene_493,occlusion,45,Ikea Cardboard Package,rigid,9786,1.0206162315518024,0.9321479664827305,3.6648631322599936,1.1004804277225944,-0.015741527658226246,-0.05292002038625382,-0.6705794001286759,0.4165700078010559,180,74.86271906408926,gradient_global,0.92,False
scene_494,occlusion,35,Ikea Cardboard Package,rigid,11490,1.0275581019630882,0.9321148825065274,4.5180805729436315,0.06722899689837192,0.029923117076286733,0.015375451286708114,1.027687275244388,3.753387451171875,180,-112.97836313061316,gradient_global,0.92,False
scene_494,occlusion,34,Gros Carton,rigid,19454,0.763703889469962,0.7316818269789046,4.250146849283039,109.94373383083689,-0.011658938974046386,0.05829549423311318,0.969932757357772,3.8705852031707764,180,0.12795495932671486,gradient_global,0.92,True
scene_495,occlusion,36,Ikea Cardboard Package,rigid,9989,1.0004717892194144,0.941936129742717,2.3203391047412056,0.665337886405104,0.010037103436515683,0.0066649731079429795,-0.001929234469308158,3.9216842651367188,180,0.8775520621908672,gradient_global,0.92,True
scene_496,occlusion,32,Ikea Cardboard Package,rigid,7369,1.014404725804084,0.9195277513909621,3.735787865168198,0.561823174353937,-0.03404453675619445,-0.008369444318431498,-0.48280842886971775,0.8829803466796875,180,53.67031014801166,gradient_global,0.92,True
scene_499,occlusion,37,Gros Carton,rigid,28016,0.9794502233050374,0.8666119360365505,25.65751441981844,12.546516061774259,-0.03667956242604761,-0.026889460527662896,-0.6406136172855798,1.1016744375228882,180,84.97898781521418,gradient_global,0.92,True
scene_499,occlusion,34,Gros Carton,rigid,7951,0.4037082248507661,0.956231920513143,133.06924322553013,10.779018031073118,-0.017670637422513246,-0.5839874282999138,0.06635983390578146,2.4923019409179688,180,3.27588874182988,gradient_global,0.92,False
scene_501,occlusion,41,Ikea Cardboard Package,rigid,10636,0.9995759025887125,0.9452801805189921,2.3890146349921815,0.7943789684279334,0.004918023666128349,-0.0028066631756829526,-0.0031600173065843133,2.0137853622436523,180,1.1419770545626484,gradient_global,0.92,True
scene_502,occlusion,33,Ikea Cardboard Package,rigid,10731,1.005091656494547,0.9325319168763396,2.541044237311763,0.8627346046047313,-0.013699506963418533,-0.02703373228090805,0.040649806062840105,1.6684082746505737,180,-3.6086725898546446,gradient_global,0.92,False
scene_502,occlusion,32,Ikea Cardboard Package,rigid,11003,1.0305496517517228,0.9308370444424248,4.184804374768944,0.8768483467591626,-0.0051716113075905125,-0.027064485707900803,0.02824837395399989,0.9850460886955261,180,-2.2304231205249048,gradient_global,0.92,True
scene_503,occlusion,39,Ikea Cardboard Package,rigid,12773,1.0056603709914764,0.9426133249823847,2.4428907588699995,0.023044861720444842,-0.026403029035278188,-0.005501987241511913,-0.00013549185233115334,1.59515380859375,180,0.037948965211143104,gradient_global,0.92,True
scene_504,occlusion,37,Gros Carton,rigid,31709,0.9904075644221945,0.9505818537323788,2.9840810290906514,-3.0181053554665382,-0.011856816550451718,-0.01567259047317936,-0.0063695539616097415,1.3838404417037964,180,-2.296944477044094,gradient_global,0.92,True
scene_506,occlusion,33,Ikea Cardboard Package,rigid,10478,1.0058981348786828,0.9355793090284406,3.771433613908708,0.6540469221915091,-0.010620252501603384,-0.0033753103635614547,0.0009231593167171587,1.1898345947265625,180,0.552500124486266,gradient_global,0.92,True
scene_507,occlusion,33,Ikea Cardboard Package,rigid,11181,1.0235460175452027,0.933011358554691,3.6033096086607754,0.5477578030161911,0.008140071055311416,0.02758809716772475,-0.0016898695757131296,3.5575265884399414,180,0.7336420665103871,gradient_global,0.92,True
scene_507,occlusion,28,Ikea Cardboard Package,rigid,3140,0.41439545287279095,0.9167461074038767,113.47296004667142,0.7405006861676,-0.258160676864175,-0.48053365560648986,0.010221564381560497,87.72197723388672,180,-0.3838629890722811,gradient_global,0.92,False
scene_507,occlusion,31,Ikea Cardboard Package,rigid,7594,1.0022669468444474,0.9237555965235712,3.0121377199346338,0.643389846908371,-0.03419347807590084,-0.05149732598928978,-0.0007547073992613074,0.1789824515581131,180,0.7264070401175604,gradient_global,0.92,False
scene_508,occlusion,33,Ikea Cardboard Package,rigid,8813,1.0209262648312851,0.9284012254623851,4.317070979793613,0.2899901387719561,0.0005627824160039526,0.02218818064608886,0.0018725076286306597,2.4630508422851562,180,0.08401458496032355,gradient_global,0.92,True
scene_509,occlusion,38,Ikea Cardboard Package,rigid,9838,1.0255135240561108,0.9296605001016467,6.260339688110959,2.5160455808816984,-0.02633102456229043,-0.002905689186753995,-0.5856696553861155,0.1160726249217987,180,66.93884580818599,lateral_neighbor,0.75,True
scene_509,occlusion,37,Ikea Cardboard Package,rigid,9091,0.9987742362233517,0.942250577494225,2.076328048780323,1.9507926747110993,-0.014502702906907345,0.004063523318931788,-0.3820995670740818,1.6335465908050537,180,43.977362162019084,gradient_global,0.92,False
scene_510,occlusion,37,Ikea Cardboard Package,rigid,9894,1.0208278062121037,0.906913280776228,4.597843138581841,0.06811548280838409,-0.03829680157588387,-0.010497671324499941,8.252573629120891e-05,0.8109848499298096,180,0.05903765248815862,gradient_global,0.92,True
scene_511,occlusion,37,Ikea Cardboard Package,rigid,9390,0.9994113667183796,0.9424920127795527,2.156461323826043,0.08738069378511071,-0.014139564075418514,0.03768040393089357,-0.631240559029646,3.3890457153320312,180,69.52383216390201,lateral_neighbor,0.75,True
scene_511,occlusion,36,Ikea Cardboard Package,rigid,9197,1.0239929522498763,0.9282374687398065,4.909137940670699,0.07865582093657952,0.018307409303174146,0.0016632994005492277,-0.00017444685986402786,3.4922943115234375,180,0.09784497275167059,gradient_global,0.92,False
scene_512,occlusion,39,Ikea Cardboard Package,rigid,12529,0.9945112042667555,0.9476414717854578,3.1980290865376,0.9647676777003733,-0.030440130484349494,-0.03328892993179909,0.001398695044712935,0.3805089592933655,180,0.8109137189933335,gradient_global,0.92,True
scene_512,occlusion,34,Small_Shipping_Bag,soft,2080,0.8602932092268593,0.8798076923076923,5.431222825593224,0.1301502289403622,-0.06436246457560774,-0.0974696602918997,-0.49762897393758476,3.575531005859375,180,17.546881738109143,overlap_matched_parcel,0.7,False
scene_513,occlusion,41,Gros Carton,rigid,34185,1.0050031334695289,0.9419043440105309,4.697352578044756,-2.7768080834777997,-0.023205573637290172,-0.03210972945833819,0.006930110644970582,0.05513763427734375,180,-3.561434430148891,gradient_global,0.92,True
scene_514,occlusion,28,Ikea Cardboard Package,rigid,7524,0.9963635067351927,0.9445773524720893,3.1889823530116095,0.21552987159290105,-0.022655121384901108,0.014576393162285725,1.1125518246092585,2.8674774169921875,180,-122.16507302014534,gradient_global,0.92,True
scene_515,occlusion,44,Cardboard Box SQ01.001,rigid,28176,0.9943445635645964,0.9433205565019875,3.0310335891914977,-1.3066730801779558,0.0007557713664740229,0.03848011026646722,-0.004167527275651143,3.029066801071167,180,-0.026158906249240665,gradient_global,0.92,True
scene_515,occlusion,27,SM_Little_Package,rigid,1665,1.0679936981251201,0.7915915915915915,1.921615676004247,-4.232014667485156,-0.04408874642053561,-0.1256210293326743,-0.808148585667943,1.9026260375976562,180,78.43348758316581,overlap_matched_parcel,0.7,False
scene_516,occlusion,34,Ikea Cardboard Package,rigid,11563,1.0178594440686115,0.9371270431548906,3.7165053309133533,0.8108519688940774,0.02947276740463184,0.03967235761738975,-0.2523422932247602,3.8532257080078125,180,28.568199819541395,overlap_matched_parcel,0.7,True
scene_516,occlusion,31,Ikea Cardboard Package,rigid,2428,0.3100520368588602,0.9782786885245902,102.64286027500832,0.6899901547929854,0.002374566944112363,-0.2976152661136505,0.13335536350189925,1.988128662109375,180,-13.980272500966006,gradient_global,0.92,False
scene_516,occlusion,32,Ikea Cardboard Package,rigid,3338,0.3794852973847555,0.9781306171360096,123.66514237100131,0.8715973572178681,-0.21596184721299425,-0.4813349612938092,-0.00319014564110983,87.10717272758484,180,1.2225095294221555,overlap_candidate,0.7,False
scene_517,occlusion,38,Ikea Cardboard Package,rigid,12847,0.9944091188090939,0.9531408110842998,0.890873406401783,0.012146613017849361,-0.01909794412288747,-0.014251443420781856,0.0001968238986379258,1.1465530395507812,180,-0.009504015757832995,lateral_neighbor,0.75,True
scene_517,occlusion,37,Ikea Cardboard Package,rigid,4486,0.39961843056510615,0.927329469460544,119.04426665764026,-0.0008088380616388946,-0.2302335383015907,-0.49866315651013066,6.910362031947571e-05,88.99507009983063,180,-0.008410236270628424,gradient_global,0.92,False
scene_518,occlusion,33,Ikea Cardboard Package,rigid,9866,0.9948655184498345,0.9469896614636124,1.5392129197759066,0.03349387562168182,-0.031508754557484385,-0.023892724849283706,-8.887031250224914e-05,1.0607757568359375,180,0.04326960983858097,gradient_global,0.92,True
scene_518,occlusion,34,Ikea Cardboard Package,rigid,6025,1.0359864612377505,0.8975933609958506,8.017365887774984,0.03214733508002943,-0.04859291538963055,-0.037003539717220486,-0.8688791486629934,0.18070170283317566,180,95.60885213984893,gradient_global,0.92,False
scene_519,occlusion,34,Ikea Cardboard Package,rigid,10649,1.0003121173431653,0.9430932481923185,1.6109561701118669,0.16954157157411665,-0.004433887825797621,0.007719993985915506,0.0017310675689967362,2.560041904449463,180,-0.020875765419647863,gradient_global,0.92,True
scene_519,occlusion,28,Carton Magdeleine,rigid,2874,1.0932967177910997,0.83785664578984,7.402641553898418,0.08652474385689723,-0.030098905296416102,0.01757714759990782,0.00161978931718019,2.2275896072387695,90,-0.11918839615010501,gradient_global,0.92,False
scene_520,occlusion,38,Gros Carton,rigid,32424,0.9905230524279068,0.9499136442141624,3.1538186027179833,-2.8550933650549615,0.0004855407596766575,0.013250341119347891,-0.006301127736738148,2.5071258544921875,180,-2.1416798827506023,gradient_global,0.92,True
scene_522,occlusion,41,Ikea Cardboard Package,rigid,13190,1.0164105298317818,0.9428354814253223,4.607927788236235,0.146910660006494,0.0018948659947795046,0.011932494446699601,0.0028772417803158553,2.9131240844726562,180,-0.1696145815273109,gradient_global,0.92,True
scene_523,occlusion,34,Ikea Cardboard Package,rigid,13575,1.047075782186536,0.9227255985267035,5.309077253142418,0.6010187818982216,-0.02093206309849207,0.013425680003056275,0.003631997125082542,1.6809337139129639,180,0.20150152518905173,gradient_global,0.92,True
scene_524,occlusion,31,Ikea Cardboard Package,rigid,9898,1.0396270774136402,0.9134168518892706,5.663945034708564,0.45150443865826784,-0.029171123156882015,-0.004603784260480435,0.010209916751508747,2.0013504028320312,180,-0.6715797616855257,gradient_global,0.92,True
scene_524,occlusion,29,Ikea Cardboard Package,rigid,3251,0.43221323258062777,0.9160258382036297,110.14683691339523,-0.12272884049135957,-0.2453637836692014,-0.47852718261128363,0.007008936550627722,87.46941781044006,180,-0.8937073012176833,gradient_global,0.92,False
scene_524,occlusion,11,SM_Little_Package,rigid,1648,1.078271787939504,0.7766990291262136,2.1607774087268483,-4.23120318398365,-0.09438113474636094,-0.08518660369048003,-0.4628917045942238,3.937753677368164,180,43.11770924053432,gradient_global,0.92,False
scene_525,occlusion,45,Ikea Cardboard Package,rigid,6136,1.0207600221895248,0.9132985658409387,4.783160371852963,0.018295874043117166,-0.02992166290543071,-0.03795810468934037,-0.8639014707453239,1.2854539155960083,180,95.04745710067411,overlap_matched_parcel,0.7,True
scene_526,occlusion,42,Ikea Cardboard Package,rigid,10889,1.044183828354593,0.9189089907245844,5.423183087912037,0.18646367949670672,-0.011848628460362009,0.05099119264910845,-0.0003855097864759054,3.3573975563049316,180,0.22887357750733806,gradient_global,0.92,False
scene_526,occlusion,43,Ikea Cardboard Package,rigid,10110,1.0192709686435262,0.9293768545994066,1.277140513917468,0.1763729252820534,0.013056462367795788,0.041665032059588304,-0.38022083076482194,3.4030380249023438,180,42.00443337910254,gradient_global,0.92,True
scene_526,occlusion,37,Ikea Cardboard Package,rigid,3404,0.4670496625135655,0.9232564925590896,104.18628183172574,0.2434670572049047,-0.23310339739784341,-0.39590902769697184,-0.1023060618868317,87.04144287109375,180,11.497124948955328,gradient_global,0.92,False
scene_527,occlusion,40,Ikea Cardboard Package,rigid,12386,1.010335983146008,0.9378330373001776,2.437401462703149,1.3523897981676525,-0.006944252219113859,0.00923068466255629,0.030403588666178007,2.186936378479004,180,-1.9918708001864793,gradient_global,0.92,False
scene_527,occlusion,41,Ikea Cardboard Package,rigid,12292,1.0026581794268148,0.9463065408395704,1.5200703207899349,1.3477373338872667,-0.0001086806907614041,0.019693985818181107,0.013881892817431565,2.647153854370117,180,-0.17920962259343476,gradient_global,0.92,True
scene_529,occlusion,36,Cardboard Box SQ01.001,rigid,28572,0.9938668488243037,0.9427411451770965,2.5842813166425462,-1.2733349378426517,-0.006516500757828763,0.022774518353815446,0.13745969527434077,1.9716415405273438,180,-43.509188612527616,gradient_global,0.92,True
scene_529,occlusion,12,Carton Magdeleine,rigid,2196,1.1119675818873112,0.7887067395264117,5.923791874079121,0.07471392488209161,-0.04685969965880682,-0.07113583035732872,-0.9309041974047326,2.9134268760681152,90,118.29951257877919,gradient_global,0.92,False
scene_530,edge,6,Ikea Cardboard Package,rigid,11360,1.0452512757266494,0.9182218309859155,5.379295721362271,0.6207095707352339,0.011415890611862515,0.029687419003618643,-0.872475071328895,2.6561813354492188,180,96.59188139459285,overlap_matched_parcel,0.7,True
scene_530,edge,17,Asset_Package_in_paper_with_rope,rigid,6420,0.8282544133962372,0.8925233644859814,7.491722796548195,-22.00612953839498,-0.043738111515430445,-0.13426203019618965,-0.8719999895616743,0.4608510136604309,180,98.2849077925415,overlap_matched_parcel,0.7,False
scene_530,edge,18,Black Package,rigid,5757,1.0188513381948998,0.9098488796248045,2.4564312961600243,7.824154184381205,-0.07102013793010109,-0.006515462977967725,-0.22004158756012343,0.9874371290206909,180,41.87237037372804,gradient_global,0.92,False
scene_531,edge,16,Куб,rigid,3939,1.0435803741895027,0.6461030718456461,30.504218868995856,19.419121871251054,-0.3143493052486846,-0.0006300673788095835,-0.6260242065107218,2.5409207344055176,180,75.00912804442427,gradient_global,0.92,True
scene_532,edge,10,Colis VistaPrint,rigid,3570,0.988155725897313,0.8969187675070028,1.5194571855182724,6.942558397209863,-0.047941058552637944,-0.0632535545330963,0.14023674398105745,2.4724209308624268,180,-11.965599180300297,gradient_global,0.92,True
scene_534,edge,16,Colis VistaPrint,rigid,7155,1.0338629215510657,0.9016072676450035,3.3162570511075358,3.737224686658047,-0.021183072384251572,-0.01863421456634283,-0.8676673694533035,2.430450439453125,180,120.78371556316702,gradient_global,0.92,False
scene_534,edge,17,Colis VistaPrint,rigid,7438,1.0766946826514552,0.8565474589943534,2.4390302191908515,4.273653960785495,-0.03656402596365617,-0.01936046224478411,-0.8976521890112573,0.701904296875,180,125.33920852876624,gradient_global,0.92,True
scene_534,edge,13,Carton Magdeleine,rigid,3026,1.0348296657272156,0.8737607402511567,5.3675950287065035,0.5248821015533256,-0.04594330723376072,-0.07660195815748515,-0.44985581157106547,0.6211077570915222,90,57.65572592125601,gradient_global,0.92,False
scene_535,edge,19,Colis VistaPrint,rigid,7187,1.0395046587555816,0.8252400166968137,8.222031114282142,15.302768060934447,-0.13270543714249317,-0.02616715822638348,-0.8081700740531654,0.39885133504867554,180,123.77358322510501,gradient_global,0.92,True
scene_535,edge,15,Space_Food_Bag,soft,1949,0.8701240890064131,0.6137931034482759,31.3804963019311,-0.508770590846197,0.00024305653666932293,0.3355338926592141,0.3258893355404378,1.4192886352539062,180,-9.587979443724027,gradient_global,0.92,False
scene_536,edge,17,Asset_Package_in_paper_with_rope,rigid,6504,0.8388417372198216,0.8591635916359164,4.423233969974932,-20.095098754950858,-0.06431377791507555,-0.09510402021075265,-0.5901494545225419,0.986479640007019,180,61.21082155320534,gradient_global,0.92,False
scene_536,edge,15,Asset_Package_in_paper_with_rope,rigid,6153,0.8448901742630027,0.8906224605883309,9.02273011616739,-22.175044906233012,-0.0204010648239462,-0.06243063021720977,-0.6475938528758675,3.4682211875915527,180,67.1669051209014,gradient_global,0.92,True
scene_536,edge,9,Colis VistaPrint,rigid,5481,0.9704200014814697,0.9209998175515417,4.746364177873443,13.213610672467846,-0.044862169461125055,-0.047108572948202775,-0.30135381122882204,1.5141677856445312,180,53.71704541480937,gradient_global,0.92,False
scene_537,edge,19,Asset_Package_in_paper_with_rope,rigid,5974,0.8448698399031392,0.8883495145631068,13.122367603427572,-22.265579875792916,-0.05544846076505604,-0.0663814695472617,-0.35085411116542203,1.7686330080032349,180,26.134489942608695,lateral_neighbor,0.75,True
scene_537,edge,9,Black Package,rigid,4893,1.0378387399625233,0.7525035765379113,13.124450511724781,16.33054742857698,-0.16902638094481864,-0.05013501798422155,0.1874186833325582,1.3876339197158813,180,-12.514543422288638,gradient_global,0.92,False
scene_538,edge,15,Black Package,rigid,5437,0.9896672922273492,0.8960823983814603,4.261338097047865,3.7136110066591232,-0.06766160235380035,-0.05991217846238392,1.0685961112679654,0.5844802856445312,180,-161.84848723687261,gradient_global,0.92,False
scene_538,edge,13,China Package,rigid,9073,1.0509063541628247,0.7978617877218119,10.989543835754796,8.2919873852898,0.0021620971151494416,-0.06424738904092488,-0.17362484994563168,3.9743690490722656,180,74.05186254585495,gradient_global,0.92,True
scene_538,edge,0,ML_Box,rigid,8050,0.6502914447097202,0.6270398575808526,18.14297691575155,17.79480650093168,-0.04406996057649862,-0.050651362690739846,-0.8199096424982685,0.9191070199012756,90,311.197877203724,gradient_global,0.92,False
scene_539,edge,13,Black Package,rigid,5793,1.005269599873702,0.9124805800103574,2.8140296906950137,0.4690264342830375,-0.02486297398677539,-0.036932103075655684,-0.714486073248219,0.18558773398399353,180,111.21354831250652,lateral_neighbor,0.75,False
scene_539,edge,15,Black Package,rigid,5849,1.014693357109147,0.9013506582321764,4.613766607861765,0.42086447121958415,-0.042535039795991915,-0.07039773376753124,-0.7198609429502696,0.08331888914108276,180,111.99848498858833,lateral_neighbor,0.75,True
scene_539,edge,6,Ikea Cardboard Package,rigid,10814,1.0038877845108856,0.9416497133345663,3.971427939116962,0.6471406997097251,-0.02820044727035698,-0.019907876279394245,0.03629987974389358,1.5017014741897583,180,-3.3458165254686145,gradient_global,0.92,False
scene_539,edge,12,Black Package,rigid,4984,1.0502317068162266,0.843900481540931,1.3946079026340423,6.55127316278703,-0.029639539681207364,-0.04871678200344619,0.8826674159244149,1.9325816631317139,180,-129.8758596619567,gradient_global,0.92,False
scene_540,edge,19,Ikea Cardboard Package,rigid,11072,1.0488911224011532,0.9129335260115607,5.583013883382141,1.3752612094316552,-0.0006433146244439517,0.0454553410553258,0.026369399701210626,3.14697265625,180,-1.5252646861195762,gradient_global,0.92,True
scene_540,edge,18,Storage_Box_with_Lid,rigid,8466,1.0879649332287815,0.8802267895109851,2.5578856347840153,1.2596954521908454,-0.022962353441663853,0.009095196292495066,-0.05122519471027409,1.5417383909225464,180,11.157571038081793,gradient_global,0.92,False
scene_541,edge,17,Куб,rigid,3036,1.1077174587862826,0.8155467720685112,3.202255602125966,4.521547255061598,-0.06793703530799416,-0.005822366729624957,1.5327641988809546,2.4046597480773926,180,-133.11327825660896,gradient_global,0.92,False
scene_542,edge,20,Colis VistaPrint,rigid,5953,0.9809082119059664,0.9163447001511843,2.102395453122626,11.682343892084667,-0.051249013605242554,0.001169457162904603,0.17966685686377237,2.5223846435546875,180,-12.491665008917519,gradient_global,0.92,False
scene_543,edge,14,Storage_Box_with_Lid,rigid,8826,1.0547954966239688,0.9053931565828235,3.7946819934333065,0.6344597990656231,-0.028602189657509165,-0.01480102665857864,-0.8533657634907235,0.2457275390625,180,165.52776540782654,lateral_neighbor,0.75,True
scene_543,edge,18,Colis VistaPrint,rigid,6911,1.0110337484427034,0.752713066126465,8.777877264633881,16.64192397326736,-0.022405635554294742,-0.12961429130294047,-0.311006829392436,3.7899246215820312,180,58.04470125943806,gradient_global,0.92,False
scene_544,edge,13,Storage_Box_with_Lid,rigid,9097,0.9864543050708943,0.6044849950533143,41.885823897694586,20.20733599017932,-0.3094295264138256,-0.05654953461163678,-0.8115988966805371,86.284982919693,180,175.72629974179011,gradient_global,0.92,True
scene_545,edge,16,Storage_Box_with_Lid,rigid,8781,1.1000084482392354,0.8784876437763353,5.047673299063167,0.04158893318839674,0.0021822458306003803,0.04992603908616843,-0.7282918998330905,3.9766452312469482,180,140.7694284611888,lateral_neighbor,0.75,True
scene_545,edge,17,China Package,rigid,7033,0.9256273388570079,0.8583819138347789,3.472664280798981,15.073796704688224,-0.18399274979415284,0.007989491397549241,-0.6267713639422322,2.186807155609131,180,252.2709429880841,gradient_global,0.92,False
scene_545,edge,15,Black Package,rigid,4341,1.0630201803701977,0.8405897258696153,3.4665593197108056,8.738823503442683,-0.02792971046250508,0.020313004991976105,-0.632457477592463,2.9865570068359375,180,106.56663197579658,gradient_global,0.92,False
scene_545,edge,12,China Package,rigid,5740,1.0727272034175541,0.8721254355400697,3.095082337089024,0.029969434878984735,-0.01551800621499627,0.07691777903488888,-0.968214305293837,3.8906936645507812,180,367.95139426533007,gradient_global,0.92,False
scene_546,edge,20,Black Package,rigid,5857,1.013573569841137,0.5519890729042172,45.35609885195818,24.04135826053433,-0.4170854739424154,-0.05065320840199214,-0.7339136324909796,89.42229461669922,180,136.14084504216893,gradient_global,0.92,True
scene_546,edge,19,Colis VistaPrint,rigid,6188,1.1023549711470377,0.8442146089204913,7.207481400994421,0.07550256285115964,-0.04833915182564388,-0.046589630107362376,-0.4118702556904026,0.08057484775781631,180,55.67797769883587,gradient_global,0.92,False
scene_547,edge,8,POP_Drinks_Pack,rigid,9411,0.9632341983120644,0.6375838926174496,103.99348317168281,0.0581119291932497,0.4015683507697441,0.02430098656545741,-0.921713677783629,3.4835052490234375,180,118.94008289630231,overlap_matched_parcel,0.7,True
scene_547,edge,14,Colis VistaPrint,rigid,3297,1.054891493137482,0.8462238398544131,7.739730911730121,0.2891268700744576,-0.06473628652001137,-0.05170019551083106,-0.6607470669574977,1.4271316528320312,180,89.48948629867539,gradient_global,0.92,False
scene_548,edge,15,Asset_Package_in_paper_with_rope,rigid,6579,0.8424627107021891,0.8686730506155951,6.845942278853463,-21.868345266002787,-0.09149532221187891,-0.1648007163249712,-0.8528195610927958,2.6864852905273438,180,95.76986027968637,overlap_matched_parcel,0.7,True
scene_550,edge,9,Colis VistaPrint,rigid,5201,1.0322595338639717,0.8930974812536051,2.886650163969495,0.03186026082724336,-0.042090889648080054,-0.06554881041088206,-0.7775734067940375,0.34198030829429626,180,105.00426477451042,gradient_global,0.92,True
scene_551,edge,14,Black Package,rigid,3416,1.1184240435724706,0.8158665105386417,3.110718458085299,0.022558977255504598,-0.050457351802752556,-0.05884680723105262,0.00017720305046598284,1.2968109846115112,180,-0.004907494946942981,gradient_global,0.92,True
scene_552,edge,15,Colis VistaPrint,rigid,6249,1.0532912776692789,0.5506481036965915,29.081019867820526,22.29439626586982,-0.03032726548397772,-0.34513518090282,-0.7069843439910503,2.8462846279144287,180,115.45069745991499,gradient_global,0.92,True
scene_554,edge,14,Asset_Package_in_paper_with_rope,rigid,5135,0.8222030592350694,0.8621226874391431,7.189091706917383,-17.035028154812615,-0.10146979361970739,-0.10691858008268085,-0.04995332438319425,0.23342765867710114,180,-10.165546092250732,gradient_global,0.92,True
scene_555,edge,17,Asset_Package_in_paper_with_rope,rigid,6565,0.8211271254388846,0.8694592536176695,11.128349337404766,-20.68835065036001,-0.06861145481403996,-0.12630647115258226,-0.4814383424412926,1.403909683227539,180,45.674750208363754,lateral_neighbor,0.75,False
scene_555,edge,10,Asset_Package_in_paper_with_rope,rigid,6298,0.7985239334686822,0.6565576373451889,18.91858062324955,-7.419485603530895,-0.06850884331340962,-0.29555202026293254,-0.7198079292172819,3.0632033348083496,90,89.97664901867542,gradient_global,0.92,True
scene_555,edge,15,Colis VistaPrint,rigid,6380,1.0426505997173183,0.8670846394984326,3.457144433669878,11.827152398934171,-0.043901565966923815,0.052184688711404616,-0.6237323596685105,2.9499740600585938,180,95.7421593193063,gradient_global,0.92,False
scene_556,edge,9,Ikea Cardboard Package,rigid,10995,1.0455549884926036,0.9197817189631651,5.669878302278438,0.06147042717030704,-0.016387141025644317,0.02489442940863435,-0.00022318571513720836,1.5339471101760864,180,0.08602085435516216,gradient_global,0.92,True
scene_556,edge,16,Colis VistaPrint,rigid,5281,1.0219666179692481,0.9121378526794168,1.8505275125687288,0.04599515087033712,-0.008096733727451533,-0.010073595743983615,-0.6117836214069325,3.8757691383361816,180,82.63677906109668,gradient_global,0.92,False
scene_557,edge,17,Storage_Box_with_Lid,rigid,8118,1.0117160562510055,0.912540034491254,5.051709361091392,3.979728436006691,-0.024061810422495403,-0.07232317453455658,-0.257501275740619,0.11139678955078125,180,53.705400414516326,lateral_neighbor,0.75,True
scene_557,edge,20,Black Package,rigid,4956,0.9977182420671001,0.78954802259887,5.848104117620744,15.400535494740076,-0.02895272933689441,-0.16235462877972195,-0.4727051257020009,1.843536376953125,180,87.56809223118167,gradient_global,0.92,False
scene_558,edge,17,Small Packet,rigid,3271,0.7795379212945247,0.7392234790583919,14.514341981278296,6.566440966972897,-0.16486538717283228,-0.22542837559797257,0.5537075241465559,1.9515305757522583,90,-17.009998438458297,gradient_global,0.92,False
scene_558,edge,14,Colis VistaPrint,rigid,5943,0.9709503803626843,0.8771664142688878,3.1828700580766824,15.090693268965838,-0.09824638555665702,-0.05490283663359238,-0.6760688192616421,0.31847381591796875,180,105.85606233714617,gradient_global,0.92,True
scene_558,edge,20,Black Package,rigid,4607,1.110998924080791,0.8510961580204037,2.2265397218320797,0.08179667198604523,-0.022423552703852146,0.018846817456499385,1.889921117672903,3.1411361694335938,180,-292.8559150229626,gradient_global,0.92,False
scene_559,edge,17,Black Package,rigid,5286,1.0608782422403302,0.8687097994702989,5.098670685851629,1.3803939610228522,-0.004248641509244018,-0.03573064211638599,-0.8404636405642764,2.8070449829101562,180,131.64257087641585,gradient_global,0.92,False
scene_560,tilted,33,Amazon_A2_Package,rigid,9445,0.9805821604426382,0.8673411497730711,22.311567384062275,-0.703760598980363,0.1315909509439344,-0.00637072011848045,0.7747034490981786,0.7470846772193909,180,-7.147891717523391,overlap_matched_parcel,0.7,True
scene_562,tilted,26,Carton Magdeleine,rigid,3300,1.09585961715863,0.8378787878787879,4.844379768510213,-0.1726633376883946,-0.06500128762954588,-0.03182789318161106,-0.544571523165674,1.6669998168945312,90,68.98668688976173,gradient_global,0.92,True
scene_562,tilted,27,Куб,rigid,2672,1.0355595964991982,0.8357035928143712,8.257397353833811,-0.18532526678405326,-0.043000270898354606,-0.09935879719455137,-0.8785108895934219,1.1950273513793945,180,78.75678258254787,gradient_global,0.92,False
scene_563,tilted,24,Amazon_A2_Package,rigid,9370,0.9689957474778561,0.8990683229813664,7.163431875951082,-0.692392012636045,0.06867590068849684,0.12777869757913157,0.713226795523176,0.8694992065429688,180,-6.626618710268151,gradient_global,0.92,True
scene_563,tilted,28,Louis_Vuitton_Package,rigid,3459,1.0484973954519532,0.8748193119398671,4.208288011552163,-0.22597354532927216,0.002942860568004818,0.015031644200996484,-0.6877027384681774,2.984619140625,180,30.72220352717059,overlap_matched_parcel,0.7,False
scene_564,tilted,22,Asset_Package_in_paper_with_rope,rigid,4906,0.843909744484947,0.8634325315939666,5.310540744223106,-21.977448490335338,-0.035304482144714024,-0.09241453554580499,-0.8247050429268452,3.2065024375915527,180,91.79431273677707,overlap_matched_parcel,0.7,True
scene_564,tilted,19,Storage_Box_with_Lid,rigid,5762,1.0634634886449617,0.8641096841374523,8.061716216655999,0.2173474964176636,-0.013789106339988925,-0.035270299979077,-0.8613760036852044,2.2072067260742188,180,166.66281549132816,gradient_global,0.92,False
scene_565,tilted,38,Amazon_A2_Package,rigid,9679,0.9743946379898053,0.6924636212263809,32.546924471119226,-0.7505373195202392,0.19509123701091816,0.3288461023073052,6.045036624587115,3.126969814300537,180,-51.02084111057192,gradient_global,0.92,True
scene_566,tilted,2,Storage_Box_with_Lid,rigid,7553,1.0998229339324441,0.8511849596186946,6.277851132332994,0.8531002246845443,-0.02283799696890431,0.004465616179889539,-0.7988349580211511,2.755061149597168,180,155.21364702503993,lateral_neighbor,0.75,False
scene_566,tilted,17,Small Packet,rigid,3036,0.8502461858215443,0.9018445322793149,1.6238172734758827,0.05924879395879934,-0.10353346174107532,-0.10664666540493582,-0.23343750552937503,1.0605697631835938,180,8.228730160906528,gradient_global,0.92,True
scene_566,tilted,3,Ikea Cardboard Package,rigid,3868,0.45083248631762896,0.9175389328567781,106.1725942979374,1.2065004891470554,-0.24700007887381578,-0.4415468836739883,-0.8793200239437191,87.36619997024536,180,97.93220607124032,gradient_global,0.92,False
scene_567,tilted,19,Amazon_Book_Package,rigid,6745,0.9566702186760481,0.8873393491933279,18.897088574111862,0.19976895167250763,0.03594210915466302,0.03231080859258433,0.8363504829503137,1.8211971521377563,180,-12.312864741345187,gradient_global,0.92,True
scene_568,tilted,24,Small_Pouch,soft,2168,0.9430945800703738,0.705719557195572,13.85933610057716,-1.1588698356079785,-0.11495208515858217,-0.06002680720550476,-0.1700702299356636,0.9529703855514526,90,3.450178482086619,gradient_global,0.92,False
scene_568,tilted,30,Small Packet,rigid,4812,0.8220945883889739,0.6797043979812545,36.68303006928652,-0.2035285595789471,-0.03667237060759907,0.024886865091962636,0.5521930489499317,89.6644515991211,180,-19.530193100665283,gradient_global,0.92,False
scene_568,tilted,25,Small Packet,rigid,5368,0.852630656951488,0.7291253381424707,30.02198954202998,-0.13926318506096713,-0.06536531627566015,-0.23463887844720577,-0.11049931761996162,1.3597412109375,180,3.7286955853452763,lateral_neighbor,0.75,False
scene_568,tilted,29,Amazon_A2_Package,rigid,8580,0.9383990869355412,0.881911407125489,8.595187369987716,-0.6834119395042748,0.05823046274497425,0.18226910452556244,1.2173115823983465,3.436167001724243,180,-10.809779605130965,gradient_global,0.92,True
scene_569,tilted,29,Small_Shipping_Bag,soft,4240,0.833028223625967,0.9125,11.18191176098547,-0.18819586623064488,-0.04943812760591744,-0.10273545686758657,-0.005021687992066829,2.347015380859375,180,-0.012438121062441354,gradient_global,0.92,True
scene_569,tilted,27,Small Packet,rigid,4355,0.8499637067696436,0.9005740528128587,7.852116791987319,-0.18852525530022035,-0.047963489425793225,-0.10074786087214473,0.1217329620186885,3.157440662384033,180,-4.4492315488530165,gradient_global,0.92,False
scene_570,tilted,6,Paper_Shopping_Bag,soft,4942,0.9639770217688607,0.6738162687171185,37.52940405913883,-2.1105888151748964,-0.258287416105983,-0.04763048248335502,-0.6014735618010966,2.9300856590270996,180,48.671032964019645,gradient_global,0.92,False
scene_570,tilted,33,Vintage_Envelope,soft,2124,0.9775434869451254,0.925,7.169737640112134,0.1480536055177284,-0.011612615273899174,-0.039363535073062124,0.15446908241175694,0.9611494541168213,180,-2.145567909442314,gradient_global,0.92,True
scene_570,tilted,36,Vintage_Envelope,soft,2100,0.9837163149461627,0.791795665634675,19.569759004710946,0.101402892965341,0.13335048022919202,0.20920885786296686,1.1036410985057246,0.7610494494438171,180,-16.28574199177091,gradient_global,0.92,False
scene_571,tilted,15,Куб,rigid,3825,1.1203134840267552,0.862483660130719,3.510510845513702,-0.07031131339163554,-0.04920073432697395,-0.0033507784442333927,-0.7579444746825562,0.36600494384765625,180,68.03687901194311,overlap_matched_parcel,0.7,False
scene_571,tilted,16,Куб,rigid,3687,1.0640820260861348,0.8437754271765663,4.786089809233645,-0.07366563246147262,-0.044415810376494176,-0.08255339143358115,-0.8046821378817514,0.2034454345703125,180,72.23141057956161,gradient_global,0.92,True
scene_571,tilted,13,Paper_Shopping_Bag,soft,4908,0.9596477226115404,0.6395680521597392,41.102836910111584,-2.400988742196186,-0.30881494371752943,-0.06986509168752728,-0.6279655361241864,89.55144500732422,180,50.61532407007052,gradient_global,0.92,False
scene_572,tilted,13,Amazon_Book_Package,rigid,7855,0.985580703092984,0.9061579980372915,11.966992734889962,-0.17259922786583282,-0.012411338551044595,0.053351568874457425,0.0034120892731429593,1.7517800331115723,180,-0.22362283313726028,gradient_global,0.92,True
scene_572,tilted,22,Amazon_A2_Package,rigid,7853,0.9663350253061351,0.8504384925337758,12.939426909087668,-0.6497520876078688,0.06776071667696304,-0.028421251457402912,4.378723549221621,1.9503021240234375,180,-37.08764023158573,lateral_neighbor,0.75,False
scene_572,tilted,11,SM_Little_Package,rigid,3287,0.9937063075755027,0.8646181928810466,2.773064856155129,-4.419384477247212,-0.0834114795338049,-0.0616286164078866,-0.7089128665696198,0.2426910400390625,180,68.09445284052973,lateral_neighbor,0.75,False
scene_572,tilted,21,Louis_Vuitton_Package,rigid,3331,0.9893113613004876,0.8525968177724407,6.0909812299628125,-0.19718001038693256,-0.09942584411153198,-0.010209674479584553,-0.07644916291222009,3.857637643814087,180,3.243314330181435,gradient_global,0.92,False
scene_573,tilted,8,Cardboard Box SQ01.001,rigid,34193,1.1571228215919007,0.7886994414061358,7.8740647287014935,-1.5188929858458433,-0.017016456470792172,-0.013383743816098284,-0.9273902665681867,0.26008322834968567,180,283.4308778684682,lateral_neighbor,0.75,True
scene_573,tilted,9,China Package,rigid,8990,0.9937030045547731,0.9566184649610678,4.556787440847793,-0.15448891201053083,-0.010923523997468255,-0.019583210951735826,-0.7103176645495327,1.1106261014938354,180,269.7672275261348,gradient_global,0.92,False
scene_574,tilted,21,SM_Little_Package,rigid,2663,0.9929518966362314,0.8569282763800226,4.971303546828646,-4.588192997879714,-0.051540845035432624,-0.09565680912806815,-0.8698234992613233,2.5194990634918213,180,84.37823578595204,gradient_global,0.92,False
scene_575,tilted,7,Paper_Shopping_Bag,soft,7044,0.9201999612376671,0.5878762067007383,43.917682808113575,-1.705265682157897,-0.28109570999346,-0.08674548060836337,-0.5830350199518263,87.01954650878906,180,47.515009131887886,gradient_global,0.92,False
scene_575,tilted,21,Paper_Shopping_Bag,soft,6924,0.9042367086847096,0.5886770652801848,44.46081905419789,-1.109602552942457,-0.29527539820241344,-0.11889399454066517,-0.6192539867492399,89.83152770996094,180,51.16857221418414,gradient_global,0.92,True
scene_576,tilted,26,Amazon_A2_Package,rigid,7987,0.9617986658172204,0.9287819253438114,10.284095909490546,-0.6634609832315563,0.010519948631128847,0.08003818250607327,2.228642636851757,3.7226181030273438,180,-19.207907352663646,gradient_global,0.92,True
scene_577,tilted,22,Amazon_A2_Package,rigid,9285,0.9808357432638869,0.8558030480656507,19.345583936501722,-0.5380111641501983,0.026748416061486598,0.08850012638157513,1.150874211305061,3.659743070602417,180,-10.11468484131628,gradient_global,0.92,True
scene_577,tilted,5,Storage_Box_with_Lid,rigid,8807,0.8924860499069039,0.6970325011775789,14.718233393003095,21.195280163878174,0.05335190531073531,-0.007538471476586988,-0.7362652326274699,2.3375275135040283,180,163.46280246674638,lateral_neighbor,0.75,False
scene_577,tilted,31,Small Packet,rigid,4029,0.8199790439514097,0.9066765946885084,12.696595632444092,-0.037834935248781676,-0.08188409189401162,-0.09340081221784924,0.024700966080060845,1.6280288696289062,180,-0.9022874299530192,gradient_global,0.92,False
scene_580,angled_occluded,43,Ikea Cardboard Package,rigid,9872,1.033360167885821,0.8603119935170178,7.75002386589058,1.3169078374559717,0.10209329737360258,0.24699277902381064,0.003880889204105389,19.802413940429688,180,0.890010028675503,gradient_global,0.92,True
scene_586,angled_occluded,37,Ikea Cardboard Package,rigid,11134,1.051173194082127,0.833932099874259,12.075711241142915,0.6090414124747534,0.0835250946911271,0.16073815087242543,-0.0004037870306736402,12.206178665161133,180,0.6534573805293542,gradient_global,0.92,True
scene_586,angled_occluded,26,Black Package,rigid,3531,1.1332303004735156,0.7332583005064716,5.756738282706083,0.7369227238779863,0.03598262646887242,0.20468997536541517,-0.84428542469072,11.3275146484375,180,131.6008169994715,gradient_global,0.92,False
scene_588,angled_chaotic,11,Envelope_Stack,soft,4693,0.5565131109020792,0.5969504790176764,31.460121275191835,-1.4838925020270732,0.22066218205763363,0.23602652627839274,0.8659469063359173,32.448486328125,90,-8.207367232799466,gradient_global,0.92,True
scene_589,angled_occluded,28,Ikea Cardboard Package,rigid,732,0.13752210205048823,0.5242236024844721,176.57795849864436,33.137080993619335,-0.4978741305131408,-0.7611213858418114,-0.18349531198748237,79.81800842285156,180,58.57320114129871,gradient_global,0.92,True
scene_589,angled_occluded,20,Vegetable_Crate,rigid,1101,0.6508840445171897,0.7148047229791099,31.050844931981416,15.34404373167364,-0.3206741100608876,-0.23861950958889672,0.7378102526096664,15.196723937988281,90,-68.18529949181462,gradient_global,0.92,False
scene_596,angled_dense,4,Black Package,rigid,1707,0.6077880523421468,0.6222310126582279,24.552099215889832,49.98283065790865,-0.009193996499372133,0.2466462228461946,-17.61024903675498,22.948936462402344,180,3044.297499996955,fallback_pallet_degenerate_plane,0.7,True
scene_601,angled_occluded,38,Ikea Cardboard Package,rigid,11847,1.0403520794767422,0.8395374356377142,13.513031031433322,1.856730042222754,0.12361914064497491,0.25000581117440723,0.009300714128991557,19.09247589111328,180,0.8336822848156178,gradient_global,0.92,True
scene_604,angled_occluded,18,Vegetable_Crate,rigid,547,0.4037808446960881,0.7663551401869159,42.315282500667806,21.87443309781756,-0.06781179380365386,-0.3987302272700666,-26.557620116499578,5.341747760772705,90,2837.712499997162,fallback_pallet_degenerate_plane,0.7,False
scene_604,angled_occluded,14,Small_Shipping_Bag,soft,434,0.24905215540066303,0.8826185101580135,71.4270062579951,-71.57344024651024,-0.23179213733970433,-0.6307443467392385,-0.3134509830550742,15.855448722839355,90,-30.79581823345867,lateral_neighbor,0.75,False
scene_606,angled_chaotic,21,Amazon_Book_Package,rigid,4074,0.8834547178437124,0.5670694245340979,42.42020537371784,-32.3253892039932,0.11316840972273595,0.06177629026672914,0.832635717048349,1.9767227172851562,180,-134.98729152665945,gradient_global,0.92,True
scene_607,angled_occluded,33,Ikea Cardboard Package,rigid,9747,1.0226388545337701,0.8457987072945522,9.556890635786557,1.3462954055640797,-0.027945031477304174,-0.05285181250166546,0.027279380135656856,0.4085540771484375,180,-1.6544036025942788,gradient_global,0.92,False
scene_607,angled_occluded,32,Gros Carton,rigid,20417,0.9573260462541799,0.8575544325319983,30.75389722463753,-1.1446946699743554,0.053161492773857726,0.178176967377038,-0.01019692881792639,7.419899940490723,180,0.009842804642445913,gradient_global,0.92,True
scene_608,angled_dense,37,Space_Food_Bag,soft,945,0.6177437120761821,0.6370370370370371,21.722152439888553,-16.296585865004598,-0.40954025351674245,-0.16417157188486997,-0.19859488932088884,31.007251739501953,180,8.567494277945897,gradient_global,0.92,False
scene_609,angled_chaotic,26,Amazon_Book_Package,rigid,8443,0.9548316618677322,0.8928106123415848,6.60924329994864,5.0712684694971255,0.07298730706387303,0.38183965768226613,0.6169962850235036,26.603792190551758,180,-9.47919690683996,gradient_global,0.92,True
scene_610,angled_occluded,35,Ikea Cardboard Package,rigid,7531,0.7685470322432367,0.5422918603107157,86.91626975878594,-17.669976310712432,-0.1570938420772959,-0.2594991573912143,-12.116742890772796,71.41094779968262,180,1998.7074999980011,fallback_pallet_degenerate_plane,0.7,False
scene_613,angled_occluded,37,Ikea Cardboard Package,rigid,12260,1.0186977358479368,0.8753670473083197,11.585253054338603,1.0417820515761234,0.14126596394250474,0.350698362763451,-0.0015514208964511446,28.14902114868164,180,1.2124400298488824,gradient_global,0.92,True
scene_616,angled_occluded,26,Carton Magdeleine,rigid,1420,0.8097355515814535,0.851037851037851,14.788766376518833,75.6294095229344,0.03601308026167412,0.18945466979159206,-19.08606187185667,5.665985584259033,90,2947.6999999970517,fallback_pallet_degenerate_plane,0.7,False
scene_618,angled_chaotic,14,Small_Shipping_Bag,soft,2933,0.7869238641285481,0.9055574497101944,4.615826506019688,0.7003938430268919,0.017683181759405392,0.17500699596944772,0.005183858505974785,50.5141716003418,180,0.5189575301668414,gradient_global,0.92,False
scene_623,angled_dense,19,Envelope_Stack,soft,1822,0.384726086342828,0.6657342657342658,15.65088433052849,-37.37080444332186,-0.0598330285229525,-0.2100881929484269,-14.699483701177805,29.29206085205078,180,2566.164999997434,fallback_pallet_degenerate_plane,0.7,True
scene_625,angled_occluded,35,Ikea Cardboard Package,rigid,9157,1.0266652463938193,0.793600524189145,11.228531817451406,3.7231536102558804,0.002228338132481208,0.042183097405109546,-0.8784054265901561,5.564598083496094,180,100.32165685368899,gradient_global,0.92,True
scene_628,angled_occluded,12,Carton Magdeleine,rigid,2087,0.9389999368679315,0.5203641590800192,59.29760963996266,11.900171203601317,-0.03410409963783644,-0.46393171137235645,0.6096725397351076,8.228782653808594,90,-58.02926910394568,histogram_ring,0.85,False
scene_637,angled_occluded,44,Ikea Cardboard Package,rigid,13195,1.012404849012352,0.9136036377415688,4.7237307389672045,1.0357096628735851,0.06116633549501138,0.1290105097355427,0.010653041208087966,10.718859672546387,180,-0.1361845008367446,gradient_global,0.92,True
scene_638,angled_dense,28,Куб,rigid,4441,1.0297423554797815,0.8191848682729115,6.177332752499696,0.633196248948309,0.02672845483085263,0.2512203790056556,-0.8507112382279785,14.552371978759766,180,77.07614867752,gradient_global,0.92,False
scene_638,angled_dense,32,Louis_Vuitton_Package,rigid,2825,1.009015307979988,0.8024778761061947,9.630192825257827,0.6484202964434083,0.03542725333053392,0.2304677473000222,-0.8085470841714454,14.4512357711792,180,37.03437134688426,gradient_global,0.92,True
scene_638,angled_dense,30,Amazon_A2_Package,rigid,4712,0.6527751813830147,0.656660993346743,8.719308081486322,23.762062076145064,0.04687521622553665,0.18700972333044832,3.4705827719536084,13.902264595031738,180,-5.117389352009338,gradient_global,0.92,False
scene_641,angled_dense,23,Куб,rigid,4889,1.1299439473110653,0.767028022090407,4.1320411392059695,0.453448046126681,1.3780442654618525e-05,0.24331319522744468,-0.48032533774337005,12.166847229003906,180,43.61406954177549,lateral_neighbor,0.75,False
scene_641,angled_dense,17,Storage_Box_with_Lid,rigid,10003,1.1385731878687204,0.7823652904128762,7.600348189996426,0.4773811897513802,0.08920693543446333,0.20340770733763935,-0.7762263247931959,13.987236022949219,180,150.46813326056363,gradient_global,0.92,True
scene_645,angled_chaotic,26,Amazon_Book_Package,rigid,6266,0.9225396058577304,0.8729652090647941,7.447297979170683,5.298352496992287,0.047984647003384784,0.4509494291344977,0.43358584024836355,35.89715576171875,180,-1.177357273592139,gradient_global,0.92,True
scene_650,angled_dense,16,Colis VistaPrint,rigid,5632,1.0745329533216499,0.7365056818181818,12.228553064506837,1.6283045473968194,0.08319145489091542,0.395205316106342,-0.9251611123324475,30.621368408203125,180,126.51878398241611,gradient_global,0.92,True
scene_650,angled_dense,30,Space_Food_Bag,soft,1366,0.7694073234074424,0.5282599020916778,49.109378432118596,0.26163665486123033,0.22375263218033953,0.6578149920504464,3.9963954613264643,30.446754455566406,180,-111.08044652384352,gradient_global,0.92,False
scene_654,angled_chaotic,12,Amazon_Book_Package,rigid,5175,0.9619385389192665,0.8133288568071176,16.52960144107113,0.7790899529338535,0.17180236679121924,0.4190089303831476,1.0066656612113896,15.164141654968262,180,-14.2784274371619,gradient_global,0.92,False
scene_654,angled_chaotic,18,Amazon_Book_Package,rigid,4465,0.9109367023261215,0.8950252027175104,5.164499335467513,0.7298151941539377,-0.052951282931405,0.027109582238098822,0.04769465427712786,0.2522735595703125,180,0.016345855059607395,gradient_global,0.92,True
scene_657,angled_chaotic,24,Vintage_Envelope,soft,1931,0.7810631340514539,0.8042465044018643,8.489110772821302,5.708544321305076,-0.05552073995806082,0.235519051529927,0.5198569265061723,23.754981994628906,180,-6.584572109475606,gradient_global,0.92,True
scene_660,angled_chaotic,9,Ikea Cardboard Package,rigid,7787,0.8435022421355602,0.6174104577667113,11.04417994609569,35.87267338791689,0.16470547311373132,0.39054584916697915,-0.5756003196678884,24.510194778442383,180,99.18772122525554,gradient_global,0.92,False
scene_662,angled_dense,28,Amazon_A2_Package,rigid,5310,0.860841455603342,0.8605104572846508,18.49600411723307,0.2910857398638056,-0.03245851769732791,0.07881024604929707,0.35477921153202713,2.57635498046875,180,-2.6601810464602638,gradient_global,0.92,True
scene_663,angled_chaotic,16,Colis VistaPrint,rigid,6081,1.0990972381183002,0.7150139779641507,8.109533864904066,5.3229437831986415,0.05036126013990683,0.46208858775497424,0.1035071399390178,42.04664611816406,180,-8.634395564732,gradient_global,0.92,True
scene_664,angled_occluded,42,Ikea Cardboard Package,rigid,4988,0.8658982795513988,0.9125939849624061,25.261264003959898,41.74147781367887,0.043213422292735296,0.08202740724952402,0.5684057144532397,8.198165893554688,180,-55.9902007293136,gradient_global,0.92,True
scene_665,angled_dense,17,Colis VistaPrint,rigid,5584,1.0646083704819231,0.718816413274481,17.30931316506997,0.9381555760203941,0.04295565768367728,0.2279282848244627,-0.8774051837887807,11.156967163085938,180,119.38359368824858,overlap_matched_parcel,0.7,True
scene_665,angled_dense,19,Asset_Package_in_paper_with_rope,rigid,3840,0.8471548495223783,0.8473958333333333,12.093985443200783,-21.637582240835673,-0.060326120357544734,-0.06640694921105518,-0.442701785626404,11.292259216308594,180,39.43436526547733,gradient_global,0.92,False
scene_667,angled_occluded,40,Gros Carton,rigid,20072,0.9878576987638336,0.8924870466321243,15.181117626013226,-1.7608558033239685,-0.022670017551435658,-0.03924045008115924,-0.029707448019908104,0.2958569824695587,180,1.6027156549316413,gradient_global,0.92,True
scene_669,angled_chaotic,2,Ikea Cardboard Package,rigid,402,0.06267462354502507,0.5239669421487604,173.81634378948098,90.83430000296121,-0.6256240492743642,-0.6637840322429623,0.41854072580310336,40.20974349975586,180,19.478338012675955,lateral_neighbor,0.75,False
scene_670,angled_occluded,41,Ikea Cardboard Package,rigid,8626,1.045434097178851,0.8556689079527011,4.58377651617077,0.8078198741858778,-0.008478145943106028,-0.015417297852234115,0.00010068981292718834,3.1203081607818604,180,0.7967437779939912,gradient_global,0.92,True
scene_673,angled_occluded,33,Cardboard Box SQ01.001,rigid,29407,1.103748661483619,0.8085489849355596,9.592274015056576,-0.8139437096439384,0.004582803778078235,0.11044330347157101,-0.8463955479594691,4.6359782218933105,180,259.2531463151738,gradient_global,0.92,True
scene_674,angled_dense,7,Куб,rigid,676,0.26002668071860735,0.5077355836849508,103.24963700088269,38.48300331111876,-0.6640588023509445,-0.43589273067902384,-20.262899850327216,36.61225509643555,180,2382.0899999976177,fallback_pallet_degenerate_plane,0.7,False
scene_675,angled_chaotic,1,Storage_Box_with_Lid,rigid,7321,1.1505642543532828,0.7112416336566043,5.34323353568334,10.248119352247231,0.04894570699442357,0.23661839658806644,-0.8232681753024291,17.357749938964844,180,169.02861176309602,gradient_global,0.92,False
scene_675,angled_chaotic,19,Small_Shipping_Bag,soft,3033,0.8299802155465389,0.7451368282228816,15.091002376330394,8.324198220613589,-0.07993667961876383,0.0656205075171077,-0.24235791123635397,32.226402282714844,180,16.76094769576664,gradient_global,0.92,True
scene_681,angled_chaotic,21,Amazon_Book_Package,rigid,4829,0.9660812426412674,0.8515220542555394,4.566683681741882,4.738755042897558,-0.0016537486961765947,0.4703006082313063,0.2879829826367323,41.93552780151367,180,-2.9401903098793536,gradient_global,0.92,False
scene_681,angled_chaotic,23,Small Packet,rigid,3210,0.8568288506348126,0.8124610591900312,6.4131613383153105,0.6361387948159436,0.004691595709336256,0.18234125390528216,-0.4315495845418684,40.11579895019531,180,15.737759568630771,gradient_global,0.92,True
scene_689,angled_dense,27,SM_Little_Package,rigid,3569,1.1311292146106333,0.7652003362286355,4.1700991249780275,-3.894220402786419,0.0019502129167920028,0.211440005068886,-0.8781060722325629,14.296380996704102,180,85.92390563223029,gradient_global,0.92,True
scene_689,angled_dense,16,Amazon_A2_Package,rigid,7802,0.9807833610650549,0.7478411053540587,29.048846190493173,0.07360454146032591,0.12302674782959097,0.2728100642073119,1.6681696653235663,12.014819145202637,180,-13.806432440882975,gradient_global,0.92,False
scene_691,angled_occluded,37,Ikea Cardboard Package,rigid,7614,1.0235294438897493,0.7625426845285002,14.583677113657128,2.6444344381393314,0.14267024515751792,0.38571991064301425,0.015608049785371177,37.03329849243164,180,0.9277396686018236,overlap_matched_parcel,0.7,True
scene_692,angled_dense,36,Amazon_A2_Package,rigid,4989,0.810037724984231,0.904189294026377,12.420970877502528,1.0106121715887095,0.03210032703816306,0.03276884560508608,0.7003783717194869,2.7175121307373047,180,-4.816045597449303,overlap_matched_parcel,0.7,True
scene_698,angled_dense,15,Asset_Package_in_paper_with_rope,rigid,4930,0.8674579288423503,0.7480730223123733,13.078185781924315,-21.776960419463197,0.023223895912014583,0.18912094877957503,-0.8334261194074302,34.1023063659668,180,93.19884222822306,gradient_global,0.92,True
scene_700,angled_occluded,39,Ikea Cardboard Package,rigid,8770,1.0132797283120019,0.848460661345496,10.51289744072423,0.6644527087137364,0.05015993422966145,0.13487103342784304,0.0022693764766484117,11.138521194458008,180,0.414817596921746,gradient_global,0.92,False
scene_702,angled_chaotic,25,Ikea Cardboard Package,rigid,7098,1.024185492428816,0.8105100028176951,9.834427579903327,1.4792922696966748,0.11966875340284827,0.3490644391791444,-0.6563786414526535,34.768184661865234,180,73.6812804401119,gradient_global,0.92,True
scene_705,angled_chaotic,18,Куб,rigid,3713,1.1603476714819123,0.7007810395906275,7.830498011147283,0.7501831295793071,0.01663102905959147,0.33793562050423304,-0.7565290123282216,17.66669464111328,180,68.73031952952257,lateral_neighbor,0.75,True
scene_705,angled_chaotic,17,Amazon_Book_Package,rigid,5066,0.8903183058285034,0.7188975178924928,41.340140181482724,0.7506618235118001,0.7826557494328963,0.8363643707886103,5.886152485766112,37.8925666809082,180,-87.2972404891389,gradient_global,0.92,False
scene_709,angled_occluded,41,Ikea Cardboard Package,rigid,9944,1.016876498915279,0.8087288817377313,13.448868694575982,0.5953331495556213,0.10588590887747333,0.19805332970891723,0.0004480081101936797,14.595867156982422,180,0.5460498566201011,gradient_global,0.92,True
scene_710,angled_dense,8,Asset_Package_in_paper_with_rope,rigid,2547,0.3977758516362992,0.5387296669248645,73.42461810352842,18.178723793011777,-0.35116058845228015,-0.40231393534654575,-15.005400815589303,12.576858520507812,180,2119.3849999978806,fallback_pallet_degenerate_plane,0.7,False
scene_712,angled_occluded,41,Ikea Cardboard Package,rigid,6824,0.9721446919479838,0.8353302162478083,20.233019204561355,1.9188356404211682,0.10607454559725495,0.2737712673147394,0.1421179773366391,45.677207946777344,180,-13.714238715991755,gradient_global,0.92,True
scene_714,angled_chaotic,3,Storage_Box_with_Lid,rigid,8539,1.2405865293022225,0.6622555334348285,10.180189420883725,0.7603310304605815,0.11941863077715639,0.35358659654029284,-0.9337765570202435,22.509716033935547,180,181.19881683078566,overlap_matched_parcel,0.7,True
scene_714,angled_chaotic,15,Small_Shipping_Bag,soft,2906,0.7484689458169701,0.8802477632484514,4.034108626818664,1.7366817611264018,-0.05376138162931382,-0.017253866629170098,0.142135271974375,12.653157234191895,90,-3.2348529132461,gradient_global,0.92,False
scene_714,angled_chaotic,10,Louis_Vuitton_Package,rigid,2362,1.0323386725479422,0.8039796782387807,3.3888690613213117,0.7652322130875522,-0.04786111563878362,0.0007049463397745207,-0.0020270085415345124,5.915808200836182,180,0.8564594050172181,gradient_global,0.92,False
scene_716,angled_dense,9,China Package,rigid,7167,1.5498196178489363,0.5122087344774662,10.270800323971258,1.8316471356332187,0.03853871960580597,0.33824396107868293,-0.6380725561902878,18.562091827392578,180,244.294616479592,gradient_global,0.92,True
scene_717,angled_chaotic,23,Colis VistaPrint,rigid,5636,1.1633422495133592,0.6721078779276083,12.413864825386396,2.034596619277851,0.08114972655685723,0.31767877219350693,0.04218736461864225,22.161888122558594,180,-3.660520438455994,gradient_global,0.92,True
scene_717,angled_chaotic,11,Black Package,rigid,3204,1.1651653842445568,0.6757178526841449,7.038667908931072,1.6338104109905327,-0.010107453089121482,0.2820254731630671,-0.7767152098028818,26.989452362060547,180,122.01759590108807,gradient_global,0.92,False
scene_721,angled_occluded,33,Ikea Cardboard Package,rigid,4700,0.688685769890247,0.6036903329322102,47.38548544618319,-7.613087234489946,0.04597035907538364,-0.024011202356006046,-11.286028940231558,50.86223220825195,180,2524.2099999974753,fallback_pallet_degenerate_plane,0.7,True
scene_722,angled_dense,18,Colis VistaPrint,rigid,8226,1.08773159337617,0.7194071700380533,49.5582791849837,9.496750209554428,0.17168943031736728,0.5517921203713518,-0.7084674929749917,28.39337158203125,180,105.13901200413844,gradient_global,0.92,True
scene_727,angled_occluded,42,Ikea Cardboard Package,rigid,12921,1.0161060888230373,0.890488352294714,7.805679734773561,0.9619124348605457,0.1253041319398618,0.4252132777987415,0.0007891104695110704,37.60186767578125,180,0.8751140196809892,gradient_global,0.92,True
scene_727,angled_occluded,35,Куб,rigid,2535,1.141936721797997,0.7065088757396449,4.510463507257244,0.9278407736907357,-0.07695301389302209,0.5388260006703557,-0.08312029330321645,38.28290557861328,180,8.3965937656737,gradient_global,0.92,False
